{"initial_reset_timestamp": 1634591788.133919, "timestamps": [1634591790.4147928, 1634591791.3248348, 1634591791.991506, 1634591792.6760724, 1634591793.3298242, 1634591794.0838065, 1634591794.777014, 1634591795.8643668, 1634591796.7959285, 1634591797.3249438, 1634591798.1250508, 1634591799.232876, 1634591800.1208568, 1634591800.9954836, 1634591801.865323, 1634591802.741473, 1634591803.548542, 1634591804.51844, 1634591805.5170724, 1634591806.5976353, 1634591807.588256, 1634591808.4408095, 1634591809.295612, 1634591810.024479, 1634591811.016313, 1634591811.77347, 1634591812.4586315, 1634591813.7327895, 1634591814.818989, 1634591815.840025, 1634591816.5661304, 1634591817.5673437, 1634591818.1970916, 1634591818.8558915, 1634591819.3797941, 1634591820.2703547, 1634591820.9681184, 1634591822.3389893, 1634591823.112341, 1634591824.0399292, 1634591824.9284592, 1634591825.7398436, 1634591827.1025767, 1634591827.8997333, 1634591828.6523073, 1634591829.4455943, 1634591830.1063313, 1634591830.9541159, 1634591831.7987134, 1634591832.5890224, 1634591833.2665555, 1634591834.0403683, 1634591834.8011212, 1634591835.5087888, 1634591836.598152, 1634591837.7776191, 1634591838.4906936, 1634591839.2262213, 1634591839.934633, 1634591840.547578, 1634591841.1794486, 1634591841.9390638, 1634591842.6387239, 1634591843.3995707, 1634591844.3311567, 1634591845.1953762, 1634591845.9790418, 1634591846.7380974, 1634591847.4312975, 1634591847.878894, 1634591848.4494085, 1634591849.9434204, 1634591850.7609346, 1634591851.84316, 1634591852.9211404, 1634591853.8143823, 1634591854.6266274, 1634591855.533821, 1634591856.3801668, 1634591857.2158465, 1634591858.0092442, 1634591858.7830698, 1634591859.5042384, 1634591860.2925346, 1634591861.2619393, 1634591862.3540184, 1634591863.2200034, 1634591863.8214471, 1634591864.9584239, 1634591865.8868234, 1634591866.6159365, 1634591867.2530563, 1634591867.895987, 1634591868.804619, 1634591869.8591895, 1634591870.402427, 1634591871.2890542, 1634591872.101418, 1634591872.74795, 1634591873.5679307, 1634591874.392722, 1634591875.1983652, 1634591876.0442786, 1634591877.0737526, 1634591878.2343183, 1634591878.8374329, 1634591879.7105343, 1634591880.4915726, 1634591881.272059, 1634591882.670507, 1634591883.380215, 1634591884.0830054, 1634591884.7770648, 1634591885.8078113, 1634591886.4343913, 1634591887.2929413, 1634591887.902052, 1634591889.1623468, 1634591890.3036869, 1634591891.7711024, 1634591892.959199, 1634591893.6900592, 1634591894.4729447, 1634591895.5162628, 1634591896.177615, 1634591897.1799395, 1634591898.185529, 1634591899.1346805, 1634591900.192891, 1634591901.0273104, 1634591901.8004785, 1634591902.8191361, 1634591904.324128, 1634591905.1187005, 1634591905.7855585, 1634591906.735305, 1634591907.6883817, 1634591908.5794046, 1634591909.324904, 1634591910.057978, 1634591910.838642, 1634591911.7733557, 1634591912.4779873, 1634591913.178123, 1634591913.8180513, 1634591914.8677158, 1634591915.6552875, 1634591916.3483274, 1634591917.389627, 1634591918.1397312, 1634591918.7244837, 1634591919.4756923, 1634591920.6188395, 1634591921.2233374, 1634591921.978817, 1634591922.5028005, 1634591923.4612067, 1634591924.4562225, 1634591925.6617682, 1634591926.5109925, 1634591927.1730585, 1634591927.9100456, 1634591928.6126428, 1634591929.74748, 1634591930.71056, 1634591931.4401982, 1634591932.1784425, 1634591932.984277, 1634591933.8188992, 1634591934.372696, 1634591935.551309, 1634591936.1788816, 1634591936.9014878, 1634591938.1338637, 1634591938.9939764, 1634591939.79913, 1634591940.559765, 1634591941.6074028, 1634591942.3291612, 1634591943.1105835, 1634591943.944063, 1634591945.0222483, 1634591945.9640615, 1634591946.730164, 1634591947.5195785, 1634591948.3179615, 1634591948.9063258, 1634591949.5973048, 1634591950.572183, 1634591951.2055526, 1634591952.3321438, 1634591953.1998658, 1634591954.2319012, 1634591954.970954, 1634591956.0293481, 1634591956.7799497, 1634591957.561265, 1634591958.4182782, 1634591959.445849, 1634591960.2302644, 1634591961.182507, 1634591962.1299763, 1634591963.085976, 1634591964.273896, 1634591964.817903, 1634591965.678542, 1634591966.9168987, 1634591967.7120202, 1634591968.2848155, 1634591969.2507765, 1634591970.029107, 1634591970.8601243, 1634591971.6783755, 1634591972.5631156, 1634591973.3797767, 1634591973.8914063, 1634591974.7455325, 1634591976.0236561, 1634591976.788688, 1634591977.9986222, 1634591978.8648157, 1634591979.6751544, 1634591980.521568, 1634591981.281242, 1634591981.902089, 1634591982.6633785, 1634591983.7144601, 1634591984.6179428, 1634591985.859502, 1634591987.1509583, 1634591987.9418342, 1634591988.4017155, 1634591988.9487798, 1634591989.578895, 1634591990.3726206, 1634591991.15689, 1634591991.958246, 1634591993.0296621, 1634591993.9259589, 1634591994.4679263, 1634591995.2789955, 1634591996.7986827, 1634591998.326983, 1634591999.950009, 1634592000.8204248, 1634592002.0766435, 1634592002.9137142, 1634592003.7798111, 1634592004.4358656, 1634592005.5698364, 1634592006.5248058, 1634592007.2286992, 1634592008.0941167, 1634592009.2143362, 1634592009.9004495, 1634592010.7563188, 1634592012.1235816, 1634592012.9279861, 1634592013.599962, 1634592014.3722727, 1634592015.1188598, 1634592015.82896, 1634592017.1233206, 1634592018.314011, 1634592018.8760772, 1634592019.7456656, 1634592020.145267, 1634592020.6517842, 1634592021.013755, 1634592021.7107828, 1634592022.388829, 1634592023.0530488, 1634592023.9236832, 1634592024.76565, 1634592025.4941623, 1634592026.7693582, 1634592027.3817234, 1634592028.1893342, 1634592028.9115984, 1634592030.0620866, 1634592030.8748322, 1634592032.2283998, 1634592033.374998, 1634592034.156763, 1634592035.1137874, 1634592036.0268323, 1634592036.729987, 1634592037.961887, 1634592038.9424174, 1634592039.700881, 1634592040.4543695, 1634592041.155091, 1634592041.8994112, 1634592042.5639305, 1634592043.3224971, 1634592044.0139432, 1634592045.1948984, 1634592045.8525877, 1634592046.417004, 1634592047.644258, 1634592048.1858132, 1634592049.217778, 1634592049.9547923, 1634592051.3222876], "episode_lengths": [604, 812, 608, 629, 591, 685, 540, 775, 779, 446, 639, 937, 746, 749, 754, 729, 571, 779, 766, 755, 715, 708, 748, 619, 799, 563, 569, 998, 905, 802, 568, 634, 485, 498, 476, 688, 568, 1129, 672, 772, 750, 676, 923, 664, 645, 660, 587, 700, 690, 644, 532, 597, 651, 584, 937, 947, 579, 628, 604, 537, 556, 660, 599, 588, 559, 727, 637, 657, 626, 419, 485, 1218, 672, 894, 873, 719, 672, 699, 702, 679, 648, 622, 614, 607, 695, 670, 655, 508, 921, 714, 532, 539, 530, 756, 908, 470, 766, 685, 569, 641, 607, 660, 658, 764, 970, 509, 750, 669, 681, 1176, 622, 587, 581, 894, 543, 688, 507, 988, 887, 1195, 892, 599, 654, 839, 543, 690, 686, 559, 686, 616, 652, 899, 1282, 683, 560, 790, 768, 706, 602, 610, 650, 772, 592, 545, 536, 867, 610, 574, 817, 616, 525, 629, 1015, 524, 673, 468, 772, 823, 942, 589, 547, 643, 597, 880, 769, 612, 611, 705, 678, 486, 971, 527, 612, 1041, 707, 635, 618, 891, 584, 651, 666, 891, 821, 671, 665, 671, 519, 540, 763, 533, 883, 634, 835, 637, 875, 657, 666, 694, 831, 620, 718, 745, 794, 976, 483, 704, 938, 583, 461, 724, 620, 602, 561, 702, 578, 408, 613, 1015, 516, 906, 697, 680, 660, 643, 529, 626, 784, 602, 953, 1075, 658, 427, 487, 548, 634, 592, 626, 781, 718, 411, 679, 1185, 1178, 1167, 685, 1004, 712, 683, 552, 820, 659, 587, 740, 929, 630, 783, 1167, 743, 612, 646, 654, 652, 1079, 1072, 533, 780, 384, 460, 361, 624, 636, 615, 704, 712, 661, 991, 576, 693, 593, 1026, 717, 1011, 678, 507, 838, 820, 602, 1097, 821, 680, 683, 653, 702, 613, 652, 600, 1007, 553, 506, 1025, 494, 885, 625, 1181],