{"initial_reset_timestamp": 1637152098.6605635, "timestamps": [1637152099.2117534, 1637152099.5421739, 1637152099.8979957, 1637152100.250176, 1637152100.5937228, 1637152100.9370115, 1637152101.274156, 1637152105.9995446, 1637152106.3415542, 1637152106.6833901, 1637152107.078949, 1637152107.3415484, 1637152107.684695, 1637152108.0331008, 1637152108.37822, 1637152113.4473886, 1637152113.7876716, 1637152114.1245677, 1637152114.4661238, 1637152114.8015714, 1637152115.1489723, 1637152115.5320363, 1637152115.8756068, 1637152129.6025007, 1637152129.9588015, 1637152130.3002074, 1637152130.6608734, 1637152131.0069082, 1637152131.3377297, 1637152131.6772683, 1637152145.314713, 1637152145.6534455, 1637152146.0059807, 1637152146.3393102, 1637152146.6713743, 1637152147.0155644, 1637152147.3569424, 1637152161.1021657, 1637152161.4424179, 1637152161.7924302, 1637152162.1403172, 1637152162.4792607, 1637152162.8343272, 1637152163.1941173, 1637152177.0099225, 1637152177.3606756, 1637152177.704036, 1637152178.0426817, 1637152178.390583, 1637152178.7288125, 1637152179.0749414, 1637152192.8566504, 1637152193.2025092, 1637152193.5591378, 1637152193.9140663, 1637152194.2642746, 1637152194.636568, 1637152194.9759908, 1637152208.800448, 1637152209.1403546, 1637152209.521361, 1637152209.882383, 1637152210.2167907, 1637152210.5549839, 1637152210.9117134, 1637152224.7288089, 1637152225.0573492, 1637152225.3880408, 1637152225.7309358, 1637152226.0928323, 1637152226.4250069, 1637152226.8058276, 1637152240.4646034, 1637152240.8315, 1637152241.1682386, 1637152241.5026689, 1637152241.8496716, 1637152242.205721, 1637152242.579428, 1637152256.6033154, 1637152256.9548533, 1637152257.3000176, 1637152257.646419, 1637152257.992297, 1637152258.3304598, 1637152258.6756253, 1637152272.6233048, 1637152272.9696887, 1637152273.325983, 1637152273.6875527, 1637152274.030942, 1637152274.3680217, 1637152274.7142184, 1637152288.685429, 1637152289.049456, 1637152289.4198122, 1637152289.7739377, 1637152290.1449625, 1637152290.5139995, 1637152290.8768692, 1637152304.77272, 1637152305.126774, 1637152305.5148132, 1637152305.839026, 1637152306.213576, 1637152306.5800486, 1637152306.9483054, 1637152320.8417573, 1637152321.1908, 1637152321.50094, 1637152321.8337646, 1637152322.1889899, 1637152322.529613, 1637152322.8614817, 1637152323.2309244, 1637152337.115026, 1637152337.4387074, 1637152337.774191, 1637152338.1292903, 1637152338.4830225, 1637152338.7874546, 1637152339.1438727, 1637152339.4982631, 1637152353.312557, 1637152353.6592145, 1637152353.9928827, 1637152354.3889127, 1637152354.7560723, 1637152355.0727088, 1637152355.4172835, 1637152369.4480147, 1637152369.7462034, 1637152370.1013117, 1637152370.4463713, 1637152370.7878196, 1637152371.1471558, 1637152371.496527, 1637152385.5821605, 1637152385.9363952, 1637152386.3022943, 1637152386.6703367, 1637152387.0225008, 1637152387.3362823, 1637152387.6748226, 1637152401.7765827, 1637152402.1246963, 1637152402.394942, 1637152402.7237728, 1637152403.0717535, 1637152403.4052682, 1637152403.7549298, 1637152404.1043766, 1637152418.076792, 1637152418.4265049, 1637152418.774277, 1637152419.1196375, 1637152419.4773831, 1637152419.816707, 1637152420.1614604, 1637152434.5898786, 1637152434.935199, 1637152435.2649987, 1637152435.5962517, 1637152435.9569783, 1637152436.3093626, 1637152436.6407707, 1637152450.8576987, 1637152451.102862, 1637152451.4520926, 1637152451.7948513, 1637152452.1298056, 1637152452.3894594, 1637152452.7308526, 1637152453.0586016, 1637152453.4078634, 1637152467.343954, 1637152467.6791844, 1637152468.0192385, 1637152468.3649504, 1637152468.727238, 1637152469.0697467, 1637152469.4188757, 1637152483.4264278, 1637152483.7837486, 1637152484.1387887, 1637152484.4923904, 1637152484.8294485, 1637152485.132269, 1637152485.45052, 1637152485.78173, 1637152499.6516898, 1637152499.9989238, 1637152500.3331287, 1637152500.678024, 1637152501.0196753, 1637152501.362304, 1637152501.7255342, 1637152515.6591048, 1637152516.0069752, 1637152516.354988, 1637152516.711026, 1637152517.0905373, 1637152517.436004, 1637152517.7904794, 1637152531.716758, 1637152532.0783198, 1637152532.4449859, 1637152532.8176951, 1637152533.1601725, 1637152533.497817, 1637152533.8310134, 1637152547.9653447, 1637152548.3174684, 1637152548.681719, 1637152549.0308383, 1637152549.3784103, 1637152549.7301326, 1637152550.0653713, 1637152550.413861, 1637152565.0723417, 1637152565.4243722, 1637152565.7671514, 1637152566.1218204, 1637152566.4680264, 1637152566.799783, 1637152567.1455188, 1637152582.2307339, 1637152582.532008, 1637152582.8771737, 1637152583.2162352, 1637152583.5652323, 1637152583.9550574, 1637152584.306813, 1637152584.6073706, 1637152601.277649, 1637152601.6176698, 1637152601.968359, 1637152602.2849455, 1637152602.609357, 1637152602.9299495, 1637152603.2819555, 1637152603.634095, 1637152621.5190916, 1637152621.8701937, 1637152622.2071989, 1637152622.5562193, 1637152622.9221509, 1637152623.2149553, 1637152623.5609872, 1637152623.8875232, 1637152641.661246, 1637152642.0266104, 1637152642.3755975, 1637152642.6733627, 1637152642.9645426, 1637152643.2057762, 1637152643.5443068, 1637152643.879925, 1637152644.2295399, 1637152662.660418, 1637152662.9659917, 1637152663.290522, 1637152663.667941, 1637152664.0335705, 1637152664.389484, 1637152664.6936374, 1637152665.056821, 1637152684.5712807, 1637152684.832485, 1637152685.1736732, 1637152685.4174242, 1637152685.7548864, 1637152686.0859044, 1637152686.432758, 1637152686.7003553, 1637152687.04234, 1637152706.1151872, 1637152706.4267561, 1637152706.6942966, 1637152707.0121205, 1637152707.3607967, 1637152707.6039727, 1637152707.8733752, 1637152708.1297014, 1637152708.4033625, 1637152708.76632, 1637152709.0626316, 1637152728.5460558, 1637152728.8041244, 1637152729.105499, 1637152729.468852, 1637152729.8167224, 1637152730.1264806, 1637152730.451902, 1637152730.7041585, 1637152730.9640527, 1637152731.311588, 1637152750.49054, 1637152750.822779, 1637152751.1075995, 1637152751.381013, 1637152751.7263138, 1637152751.9645455, 1637152752.209504, 1637152752.4969707, 1637152752.7869983, 1637152753.117981, 1637152772.5260074, 1637152772.767627, 1637152773.0421069, 1637152773.3151364, 1637152773.6110115, 1637152773.918785, 1637152774.2278802, 1637152774.485726, 1637152774.7753303, 1637152775.0068042, 1637152775.362703, 1637152775.7262874, 1637152795.191513, 1637152795.432685, 1637152795.7224042, 1637152795.999439, 1637152796.268024, 1637152796.6078992, 1637152796.8833754, 1637152797.1609533, 1637152797.4369795, 1637152797.6922517, 1637152798.0369189, 1637152816.5792718, 1637152816.8738496, 1637152817.1060624, 1637152817.3520617, 1637152817.6498888, 1637152817.9481835, 1637152818.1874795, 1637152818.489926, 1637152818.81215, 1637152819.0680463, 1637152819.3130515, 1637152819.5838294, 1637152839.2002754, 1637152839.4328194, 1637152839.6906497, 1637152839.9607875, 1637152840.3367624, 1637152840.7391036, 1637152841.1828415, 1637152841.4813566, 1637152841.757628, 1637152842.04179, 1637152842.385224, 1637152861.0304868, 1637152861.3259435, 1637152861.6227365, 1637152862.04796, 1637152862.3200293, 1637152862.5636568, 1637152862.8396068, 1637152863.146828, 1637152863.4727972, 1637152863.715515, 1637152863.9692519, 1637152864.2494738, 1637152864.613928, 1637152864.8594263, 1637152884.5314314, 1637152884.9163935, 1637152885.1391766, 1637152885.4315727, 1637152885.6730843, 1637152885.895276, 1637152886.1865864, 1637152886.4819345, 1637152886.7919526, 1637152887.052297, 1637152887.3213265, 1637152887.5850618, 1637152887.8253353, 1637152906.987171, 1637152907.2518487, 1637152907.5323563, 1637152907.7947762, 1637152908.0241978, 1637152908.2872984, 1637152908.5262358, 1637152908.804018, 1637152909.056331, 1637152909.302447, 1637152909.521064, 1637152909.7623389, 1637152910.079813, 1637152910.3640063, 1637152929.3392255, 1637152929.6230638, 1637152929.906026, 1637152930.161783, 1637152930.3998423, 1637152930.66578, 1637152930.9422069, 1637152931.1862764, 1637152931.51186, 