{"initial_reset_timestamp": 1634581660.4951615, "timestamps": [1634581662.628253, 1634581663.4340866, 1634581664.4757552, 1634581665.2378273, 1634581666.3783915, 1634581667.0911584, 1634581667.6752186, 1634581668.841164, 1634581669.5809915, 1634581670.1522021, 1634581670.9671373, 1634581671.7702816, 1634581672.4229417, 1634581673.0804992, 1634581673.8038032, 1634581674.819206, 1634581675.8348324, 1634581676.4102664, 1634581676.8850203, 1634581677.6369312, 1634581678.28473, 1634581678.9381385, 1634581679.57414, 1634581680.1118088, 1634581680.759722, 1634581681.6188793, 1634581682.1338818, 1634581683.3581934, 1634581684.0155795, 1634581684.6093311, 1634581685.3841517, 1634581686.5805204, 1634581687.2118547, 1634581687.8955307, 1634581688.4626982, 1634581689.1262536, 1634581689.773264, 1634581690.7046905, 1634581691.9220314, 1634581692.7984216, 1634581693.486665, 1634581693.9981697, 1634581694.5864773, 1634581695.587808, 1634581696.319193, 1634581697.04124, 1634581697.7921772, 1634581698.4226573, 1634581699.155888, 1634581700.0345106, 1634581700.6279237, 1634581701.384372, 1634581701.9733684, 1634581702.8646839, 1634581703.592589, 1634581704.4395947, 1634581704.9786174, 1634581705.477543, 1634581706.2178938, 1634581706.7941957, 1634581707.518925, 1634581708.150669, 1634581708.75873, 1634581709.2406957, 1634581709.8648803, 1634581710.6051471, 1634581711.312633, 1634581711.9519744, 1634581712.5585449, 1634581713.096432, 1634581713.7088969, 1634581714.5522056, 1634581715.1412308, 1634581715.7375476, 1634581716.4357004, 1634581717.2648888, 1634581717.843954, 1634581719.0938091, 1634581719.738026, 1634581720.8979664, 1634581721.6686642, 1634581722.4838023, 1634581723.6480138, 1634581724.3399754, 1634581725.075027, 1634581725.7830486, 1634581726.645793, 1634581727.20858, 1634581727.7013175, 1634581728.2367952, 1634581729.0798779, 1634581729.7934268, 1634581730.747765, 1634581731.372674, 1634581731.7947838, 1634581732.445496, 1634581733.2988703, 1634581733.888549, 1634581734.5343285, 1634581735.37554, 1634581736.2970083, 1634581737.569627, 1634581738.8877618, 1634581739.49967, 1634581740.7240727, 1634581741.4096115, 1634581741.9859734, 1634581742.6005664, 1634581743.0493615, 1634581743.5681663, 1634581744.3381515, 1634581745.3992922, 1634581746.2724512, 1634581746.9790187, 1634581747.648493, 1634581748.3388402, 1634581749.231115, 1634581750.0212178, 1634581750.7768092, 1634581751.474133, 1634581752.1081612, 1634581753.139748, 1634581753.877771, 1634581754.8807187, 1634581755.8219543, 1634581756.82145, 1634581757.4514089, 1634581758.040603, 1634581759.058509, 1634581759.542547, 1634581760.109049, 1634581760.6730123, 1634581761.5160935, 1634581762.2226942, 1634581762.8445976, 1634581763.334445, 1634581763.9923046, 1634581764.6260018, 1634581765.5090873, 1634581766.1509576, 1634581767.0075579, 1634581767.7207258, 1634581768.4716034, 1634581769.0484378, 1634581769.808182, 1634581770.9499238, 1634581771.633471, 1634581772.3175251, 1634581773.0442872, 1634581773.7247033, 1634581774.4775398, 1634581775.278688, 1634581775.9291065, 1634581776.9677804, 1634581777.7558837, 1634581778.8659005, 1634581779.5738196, 1634581780.2022576, 1634581780.9380035, 1634581781.9766328, 1634581782.9907482, 1634581783.5361757, 1634581784.3467717, 1634581784.7846043, 1634581785.4215536, 1634581785.8703277, 1634581786.5554225, 1634581787.1851223, 1634581787.9045928, 1634581788.6339438, 1634581789.4281504, 1634581790.0505533, 1634581790.9766986, 1634581791.6643293, 1634581792.7594414, 1634581793.7414796, 1634581794.3466663, 1634581794.8950348, 1634581795.6146626, 1634581796.367129, 1634581797.0966682, 1634581797.7749894, 1634581798.8724177, 1634581800.0685399, 1634581801.0385177, 1634581802.3179467, 1634581802.9023597, 1634581803.6656501, 1634581804.4241698, 1634581805.0511513, 1634581805.7220125, 1634581806.2921433, 1634581806.8115363, 1634581807.5100825, 1634581808.0601172, 1634581808.7063885, 1634581809.3372607, 1634581810.2207544, 1634581810.8207495, 1634581811.6109335, 1634581812.5052571, 1634581813.527964, 1634581814.2569063, 1634581814.9697363, 1634581815.6691542, 1634581816.2442288, 1634581817.0539682, 1634581817.8448257, 1634581818.7187746, 1634581819.4483654, 1634581820.0634825, 1634581820.7569473, 1634581821.2957847, 1634581821.9373832, 1634581822.6739044, 1634581823.4686685, 1634581824.2773666, 1634581825.2769363, 1634581826.0789104, 1634581826.932479, 1634581827.5242548, 1634581827.9260275, 1634581828.687833, 1634581829.4832013, 1634581830.5174978, 1634581831.4204218, 1634581831.8991826, 1634581832.5613267, 1634581833.5742073, 1634581834.1880763, 1634581834.924906, 1634581835.623158, 1634581836.6761184, 1634581837.4463148, 1634581838.154024, 1634581839.1121387, 1634581839.9751306, 1634581840.8588598, 1634581841.5879834, 1634581842.3315504, 1634581842.8312736, 1634581843.7900224, 1634581844.5223732, 1634581845.3595521, 1634581846.5560555, 1634581847.384558, 1634581848.2118938, 1634581848.8850322, 1634581849.5563068, 1634581850.3240578, 1634581850.9765916, 1634581851.9588687, 1634581852.6793923, 1634581853.5195868, 1634581854.382322, 1634581854.894714, 1634581855.933113, 1634581856.9031808, 1634581857.5178437, 1634581858.2407813, 1634581859.0770192, 1634581859.840623, 1634581860.5039434, 1634581861.2261128, 1634581862.0274491, 1634581863.010175, 1634581863.6541657, 1634581864.4188478, 1634581865.648178, 1634581866.337124, 1634581867.3714268, 1634581867.9580274, 1634581868.625902, 1634581869.369725, 1634581870.0195978, 1634581870.7945375, 1634581871.7818737, 1634581872.3952816, 1634581873.107702, 1634581874.0345645, 1634581874.7467747, 1634581875.4316723, 1634581876.597128, 1634581877.4892392, 1634581878.4626398, 1634581879.1620734, 1634581879.6430902, 1634581880.4546447, 1634581881.3125384, 1634581882.590622, 1634581883.0164356, 1634581883.774541, 1634581884.3628561, 1634581885.1398761, 1634581885.9187648, 1634581886.5488307, 1634581887.1986167, 1634581887.938834, 1634581888.6192791], "episode_lengths": [584, 739, 995, 723, 1065, 692, 565, 1123, 695, 575, 794, 748, 634, 627, 696, 969, 959, 539, 457, 707, 658, 635, 602, 520, 623, 812, 511, 1161, 647, 552, 737, 1136, 617, 640, 550, 631, 636, 870, 1125, 825, 663, 503, 565, 927, 678, 678, 693, 622, 694, 813, 564, 677, 529, 860, 679, 797, 510, 469, 695, 540, 635, 604, 543, 460, 590, 702, 662, 640, 567, 506, 557, 770, 557, 549, 671, 776, 554, 1168, 610, 1066, 739, 783, 1075, 663, 687, 660, 829, 537, 458, 524, 776, 667, 907, 605, 417, 613, 796, 554, 631, 810, 880, 1176, 1217, 604, 1151, 666, 541, 604, 444, 497, 719, 984, 786, 623, 624, 628, 812, 730, 714, 665, 597, 966, 706, 947, 863, 930, 626, 571, 912, 478, 540, 523, 761, 683, 574, 473, 591, 606, 815, 590, 832, 653, 687, 541, 693, 1046, 656, 647, 672, 651, 733, 783, 625, 981, 746, 994, 666, 588, 691, 962, 944, 501, 740, 447, 620, 421, 645, 607, 690, 686, 755, 568, 883, 667, 1053, 937, 558, 555, 679, 708, 700, 618, 1036, 1116, 909, 1195, 535, 703, 703, 578, 620, 563, 490, 652, 508, 617, 603, 834, 576, 746, 830, 947, 670, 662, 622, 542, 736, 716, 787, 659, 583, 613, 495, 563, 691, 702, 732, 835, 737, 775, 535, 379, 684, 741, 955, 809, 463, 584, 899, 593, 667, 633, 967, 727, 649, 860, 796, 845, 662, 723, 486, 861, 674, 762, 1061, 710, 758, 651, 608, 714, 622, 903, 648, 784, 824, 470, 900, 884, 573, 673, 778, 733, 618, 661, 723, 896, 631, 739, 1099, 642, 940, 577, 648, 688, 623, 726, 922, 585, 657, 870, 666, 616, 1105, 843, 911, 667, 455, 748, 799, 1175, 449, 673, 564, 713, 695, 616, 621, 689, 635],