{"initial_reset_timestamp": 1637003321.736861, "timestamps": [1637003322.147107, 1637003322.3781514, 1637003322.609635, 1637003322.841039, 1637003323.070592, 1637003323.297881, 1637003323.5302904, 1637003327.3054342, 1637003327.539383, 1637003327.7695537, 1637003328.033216, 1637003328.2640455, 1637003328.4958563, 1637003328.726175, 1637003332.9012537, 1637003333.1329274, 1637003333.3698974, 1637003333.6092134, 1637003333.8454914, 1637003334.0808735, 1637003334.3177829, 1637003343.7435386, 1637003343.9782538, 1637003344.2065156, 1637003344.4294114, 1637003344.648271, 1637003344.8682964, 1637003345.0878692, 1637003354.528103, 1637003354.747154, 1637003354.9695601, 1637003355.1955361, 1637003355.4258344, 1637003355.662708, 1637003355.8870475, 1637003365.1324472, 1637003365.3628345, 1637003365.596635, 1637003365.835777, 1637003366.0691073, 1637003366.300183, 1637003366.5332277, 1637003376.0315778, 1637003376.2611463, 1637003376.4944837, 1637003376.7288566, 1637003376.9794736, 1637003377.2094939, 1637003377.4452558, 1637003386.7929964, 1637003387.0567267, 1637003387.2853951, 1637003387.517019, 1637003387.7454922, 1637003387.9735825, 1637003388.2019026, 1637003397.4516652, 1637003397.6803455, 1637003397.9097025, 1637003398.1423395, 1637003398.372133, 1637003398.6016738, 1637003398.8624208, 1637003408.296412, 1637003408.5279846, 1637003408.7532976, 1637003408.9778373, 1637003409.2135515, 1637003409.442533, 1637003409.6745188, 1637003419.167493, 1637003419.4058237, 1637003419.6401794, 1637003419.875095, 1637003420.1063166, 1637003420.3333676, 1637003420.566799, 1637003429.8648767, 1637003430.0923026, 1637003430.3180354, 1637003430.550628, 1637003430.7772036, 1637003431.0075808, 1637003431.244616, 1637003440.6536226, 1637003440.8885696, 1637003441.1205704, 1637003441.3493083, 1637003441.578048, 1637003441.8054042, 1637003442.0351534, 1637003451.475445, 1637003451.7030754, 1637003451.933619, 1637003452.1631608, 1637003452.3920524, 1637003452.618059, 1637003452.842588, 1637003462.0348449, 1637003462.2588468, 1637003462.4868977, 1637003462.7500079, 1637003462.9788895, 1637003463.204636, 1637003463.4289746, 1637003472.7683873, 1637003472.9955947, 1637003473.226467, 1637003473.4569519, 1637003473.6904516, 1637003473.9239857, 1637003474.1570508, 1637003483.5634332, 1637003483.794272, 1637003484.0254822, 1637003484.262793, 1637003484.4949915, 1637003484.7291203, 1637003484.9669988, 1637003494.290895, 1637003494.5287216, 1637003494.7645812, 1637003494.9976456, 1637003495.2336943, 1637003495.4649174, 1637003495.6965508, 1637003505.1297374, 1637003505.364892, 1637003505.598247, 1637003505.8319297, 1637003506.0610182, 1637003506.2901537, 1637003506.5202773, 1637003515.8214185, 1637003516.0572212, 1637003516.2820814, 1637003516.5074372, 1637003516.7367656, 1637003516.9665723, 1637003517.2005186, 1637003526.4020205, 1637003526.632347, 1637003526.9005394, 1637003527.1374722, 1637003527.3704376, 1637003527.6056051, 1637003527.8332827, 1637003537.137592, 1637003537.3764343, 1637003537.601286, 1637003537.8287714, 1637003538.0617962, 1637003538.317586, 1637003538.5415452, 1637003547.9225395, 1637003548.1527321, 1637003548.3797858, 1637003548.613141, 1637003548.8386934, 1637003549.0687056, 1637003549.2936525, 1637003558.4991055, 1637003558.7362084, 1637003558.9728937, 1637003559.2087312, 1637003559.448769, 1637003559.678294, 1637003559.9074552, 1637003569.3667636, 1637003569.5985923, 1637003569.8349144, 1637003570.0699735, 1637003570.3032136, 1637003570.5314395, 1637003570.766208, 1637003580.1875274, 1637003580.416352, 1637003580.6540563, 1637003580.8758929, 1637003581.1013777, 1637003581.329414, 1637003581.5558445, 1637003590.8151746, 1637003591.049997, 1637003591.2806509, 1637003591.5049992, 1637003591.737361, 1637003591.9719505, 1637003592.2044938, 1637003601.5834508, 1637003601.8115187, 1637003602.0741045, 1637003602.3072581, 1637003602.540341, 1637003602.7756693, 1637003603.0117922, 1637003612.3735456, 1637003612.6088185, 1637003612.848446, 1637003613.0855217, 1637003613.3161407, 1637003613.5743682, 1637003613.8019528, 1637003622.935815, 1637003623.167452, 1637003623.3979385, 1637003623.6245844, 1637003623.8588603, 1637003624.089261, 1637003624.3274846, 1637003633.7172632, 1637003633.9509864, 1637003634.1845593, 1637003634.4185834, 1637003634.6490753, 1637003634.8834867, 1637003635.1175964, 1637003644.568414, 1637003644.7949545, 1637003645.0218403, 1637003645.251904, 1637003645.4825995, 1637003645.7150478, 1637003645.9402542, 1637003655.2359266, 1637003655.4637892, 1637003655.6934843, 1637003655.9216208, 1637003656.152604, 1637003656.3846967, 1637003656.617654, 1637003666.1418443, 1637003666.3812902, 1637003666.614284, 1637003666.8478515, 1637003667.0835857, 1637003667.3170524, 1637003667.5535164, 1637003677.0758715, 1637003677.3067164, 1637003677.5748463, 1637003677.8100193, 1637003678.0419922, 1637003678.2724397, 1637003678.499079, 1637003687.7973886, 1637003688.0227852, 1637003688.2496037, 1637003688.4734159, 1637003688.6988091, 1637003688.9279976, 1637003689.1502373, 1637003698.4512172, 1637003698.6851547, 1637003698.9161742, 1637003699.144958, 1637003699.373707, 1637003699.5990658, 1637003699.8292027, 1637003709.2828493, 1637003709.5133398, 1637003709.7478995, 1637003709.9785037, 1637003710.2035587, 1637003710.431536, 1637003710.663941, 1637003719.956952, 1637003720.1885388, 1637003720.4180362, 1637003720.6516805, 1637003720.8789036, 1637003721.110883, 1637003721.339297, 1637003730.7546787, 1637003730.9862978, 1637003731.21586, 1637003731.4457366, 1637003731.6711092, 1637003731.902376, 1637003732.138601, 1637003741.5624948, 1637003741.8360202, 1637003742.0638018, 1637003742.2934632, 1637003742.5219078, 1637003742.7535403, 1637003742.9853375, 1637003752.260847, 1637003752.4892452, 1637003752.72215, 1637003752.9570687, 1637003753.1862185, 1637003753.4520268, 1637003753.6864645, 1637003763.0923812, 1637003763.3232021, 1637003763.5469627, 1637003763.7743084, 1637003764.017816, 1637003764.2656903, 1637003764.5002785, 1637003773.8596203, 1637003774.0881233, 1637003774.3323123, 1637003774.5625641, 1637003774.7915285, 1637003775.0205731, 1637003775.2558215, 1637003784.529136, 1637003784.7599375, 1637003784.9911256, 1637003785.2211394, 1637003785.4543884, 1637003785.685453, 1637003785.9209962, 1637003795.3799918, 1637003795.6173534, 1637003795.8575115, 1637003796.0929239, 1637003796.328939, 1637003796.5645983, 1637003796.7979803, 1637003806.2841392, 1637003806.5187154, 1637003806.7553093, 1637003806.9924414, 1637003807.229035, 1637003807.4637969, 1637003807.691834, 1637003816.9712105, 1637003817.2016487, 1637003817.4662833, 1637003817.695737, 1637003817.929937, 1637003818.1613028, 1637003818.3917956, 1637003827.8151083, 1637003828.052093, 1637003828.2807138, 1637003828.508261, 1637003828.739839, 1637003829.003291, 1637003829.2354, 1637003838.654742, 1637003838.8833294, 1637003839.106796, 1637003839.331049, 1637003839.5565066, 1637003839.785191, 1637003840.0191832],