{"initial_reset_timestamp": 1637003319.9562085, "timestamps": [1637003323.584367, 1637003323.881049, 1637003324.3120418, 1637003324.7126715, 1637003325.1069994, 1637003325.4941235, 1637003328.8086119, 1637003329.213438, 1637003329.6204734, 1637003330.018941, 1637003330.4005165, 1637003330.784802, 1637003331.1724114, 1637003334.9974055, 1637003336.2055652, 1637003337.3868647, 1637003338.5693898, 1637003339.7448626, 1637003340.924844, 1637003342.0894065, 1637003346.1003878, 1637003347.2789145, 1637003348.0025542, 1637003349.1860864, 1637003350.391592, 1637003351.5676966, 1637003352.7426872, 1637003356.7967014, 1637003357.9784782, 1637003359.1147914, 1637003360.3090591, 1637003361.489685, 1637003362.6661882, 1637003366.7501316, 1637003367.9391484, 1637003369.1311004, 1637003370.3082, 1637003371.5213962, 1637003372.688499, 1637003373.8769307, 1637003378.0032737, 1637003379.1786926, 1637003380.3617146, 1637003381.5384429, 1637003382.7024431, 1637003383.8682423, 1637003385.052852, 1637003389.0998924, 1637003390.2760966, 1637003391.4468567, 1637003392.6325083, 1637003393.8070655, 1637003395.0003645, 1637003399.0803127, 1637003400.2567577, 1637003401.4511664, 1637003402.5725338, 1637003403.7608728, 1637003404.9580228, 1637003406.1288848, 1637003410.2278538, 1637003411.4144797, 1637003412.585329, 1637003413.8003716, 1637003414.990237, 1637003416.1666315, 1637003417.351337, 1637003421.4719522, 1637003422.637059, 1637003423.798685, 1637003424.975744, 1637003426.1467252, 1637003427.3114872, 1637003431.4627142, 1637003432.635673, 1637003433.803637, 1637003434.9732594, 1637003436.1337914, 1637003437.2867427, 1637003438.4525251, 1637003442.5840402, 1637003443.7454753, 1637003444.93004, 1637003446.119749, 1637003447.2965457, 1637003448.448086, 1637003449.613012, 1637003453.72875, 1637003454.8956547, 1637003456.0683699, 1637003457.2411895, 1637003458.4091837, 1637003459.5853436, 1637003463.6436918, 1637003464.8154993, 1637003465.963811, 1637003467.122896, 1637003468.2909253, 1637003469.4484684, 1637003470.6075397, 1637003474.7083893, 1637003475.9077358, 1637003477.0732746, 1637003478.228634, 1637003479.3929503, 1637003480.5587516, 1637003481.7287295, 1637003485.8511748, 1637003487.0320463, 1637003488.2079198, 1637003489.3707113, 1637003490.5712616, 1637003491.765669, 1637003495.9103174, 1637003497.0683696, 1637003498.2366471, 1637003499.4030766, 1637003500.5657852, 1637003501.7460132, 1637003502.9177332, 1637003507.073874, 1637003508.2009945, 1637003509.3316717, 1637003510.4712439, 1637003511.6221836, 1637003512.8021283, 1637003513.9589267, 1637003518.0987966, 1637003519.2681782, 1637003520.4369886, 1637003521.6121514, 1637003522.7756038, 1637003523.9402273, 1637003528.050742, 1637003529.211379, 1637003530.3728974, 1637003531.5551136, 1637003532.7260432, 1637003533.885698, 1637003535.021285, 1637003539.092639, 1637003540.2696106, 1637003541.4511728, 1637003542.6202097, 1637003543.7711513, 1637003544.933272, 1637003546.091617, 1637003550.1856685, 1637003551.3459184, 1637003552.5422, 1637003553.6982825, 1637003554.863015, 1637003556.0264814, 1637003560.1259797, 1637003561.3022616, 1637003562.4118176, 1637003563.5678716, 1637003564.755682, 1637003565.9790046, 1637003567.1565242, 1637003571.3286128, 1637003572.510754, 1637003573.687752, 1637003574.8435407, 1637003576.0061831, 1637003577.1879854, 1637003578.3681173, 1637003582.4494708, 1637003583.600362, 1637003584.7777467, 1637003585.9341733, 1637003587.1078124, 1637003588.2850857, 1637003592.421624, 1637003593.5793986, 1637003594.7477279, 1637003595.9237895, 1637003597.100902, 1637003598.276534, 1637003599.4194887, 1637003603.569087, 1637003604.7404282, 1637003605.8936837, 1637003607.062201, 1637003608.2245805, 1637003609.382517, 1637003610.555909, 1637003614.6640103, 1637003615.8230844, 1637003616.976119, 1637003618.1427565, 1637003619.2949936, 1637003620.4723907, 1637003624.541509, 1637003625.7169478, 1637003626.9044547, 1637003628.100102, 1637003629.2622519, 1637003630.417962, 1637003631.5886192, 1637003635.6792064, 1637003636.8505883, 1637003638.0270448, 1637003639.2079391, 1637003640.3840961, 1637003641.5649009, 1637003642.7677972, 1637003646.8321807, 1637003648.0008218, 1637003649.1640391, 1637003650.3339474, 1637003651.5064752, 1637003652.6735818, 1637003656.8350177, 1637003657.992964, 1637003659.1845348, 1637003660.3558326, 1637003661.5407639, 1637003662.71535, 1637003663.8997064, 1637003668.1097167, 1637003669.2848144, 1637003670.46626, 1637003671.674037, 1637003672.8516524, 1637003674.0332623, 1637003675.2175796, 1637003679.3932486, 1637003680.5582266, 1637003681.7471092, 1637003682.925399, 1637003684.0937848, 1637003685.265206, 1637003689.3632996, 1637003690.5504563, 1637003691.723126, 1637003692.8340862, 1637003693.9384365, 1637003695.114197, 1637003696.2905529, 1637003700.3886416, 1637003701.563749, 1637003702.7371013, 1637003703.9042222, 1637003705.1217017, 1637003706.285387, 1637003707.440286, 1637003711.566444, 1637003712.7385502, 1637003713.9262807, 1637003715.100347, 1637003716.2145395, 1637003717.3800895, 1637003721.550414, 1637003722.682875, 1637003723.8523312, 1637003725.0431712, 1637003726.2113664, 1637003727.3886473, 1637003728.5562248, 1637003732.6965919, 1637003733.8697653, 1637003735.0449643, 1637003736.2112508, 1637003737.3747904, 1637003738.5548744, 1637003739.7245007, 1637003743.8878536, 1637003745.0694141, 1637003746.2404432, 1637003747.4194846, 1637003748.5919595, 1637003749.7485712, 1637003753.8940868, 1637003755.0609586, 1637003756.2345684, 1637003757.4056046, 1637003758.5635839, 1637003759.723243, 1637003760.8990738, 1637003765.0562158, 1637003766.2201428, 1637003767.3865678, 1637003768.579707, 1637003769.726214, 1637003770.8844876, 1637003772.047677, 1637003776.1554904, 1637003777.3209329, 1637003778.4798012, 1637003779.6487737, 1637003780.8231478, 1637003782.0228312, 1637003786.1410282, 1637003787.3134944, 1637003788.4815664, 1637003789.6631675, 1637003790.8177946, 1637003791.9986968, 1637003793.1654541, 1637003797.3559368, 1637003798.5403419, 1637003799.7097657, 1637003800.8871849, 1637003802.0561328, 1637003803.229901, 1637003804.4080157, 1637003808.5825233, 1637003809.7655938, 1637003810.9505038, 1637003812.124298, 1637003813.2945938, 1637003814.4502852, 1637003818.6071696, 1637003819.7706878, 1637003820.9392862, 1637003822.1104872, 1637003823.2794142, 1637003824.4719062, 1637003825.6563609, 1637003829.7917354, 1637003830.9688141, 1637003832.1763475, 1637003833.345039, 1637003834.521422, 1637003835.6945794, 1637003836.8489244, 1637003840.9213629, 1637003842.0972476, 1637003843.2563133, 1637003844.4758651, 1637003845.6524255, 1637003846.8267143],