{"initial_reset_timestamp": 1634594838.3355718, "timestamps": [1634594840.626391, 1634594841.7347739, 1634594842.2612956, 1634594842.8874516, 1634594843.612753, 1634594844.2971559, 1634594844.96934, 1634594845.9958084, 1634594846.7835813, 1634594847.3812752, 1634594847.9092813, 1634594849.084244, 1634594849.765682, 1634594850.3445137, 1634594850.9199343, 1634594851.6831663, 1634594852.2633214, 1634594853.2286732, 1634594853.9687214, 1634594854.826923, 1634594855.50849, 1634594856.1731038, 1634594856.7523286, 1634594857.686451, 1634594858.8853416, 1634594859.5277445, 1634594860.2101316, 1634594861.0226383, 1634594861.7190075, 1634594862.5077798, 1634594863.3677137, 1634594864.240331, 1634594865.1761396, 1634594866.0278852, 1634594867.0085273, 1634594868.1384692, 1634594869.328109, 1634594870.0879655, 1634594870.8674693, 1634594872.5378704, 1634594873.4014463, 1634594874.2712219, 1634594875.0727026, 1634594875.880825, 1634594876.790701, 1634594877.8479211, 1634594879.0784864, 1634594879.7934654, 1634594880.6396756, 1634594881.7658331, 1634594883.1370878, 1634594883.8750203, 1634594885.1846516, 1634594886.0973415, 1634594886.9537716, 1634594887.7685199, 1634594888.7820423, 1634594889.3676329, 1634594890.024389, 1634594890.954703, 1634594891.8421178, 1634594893.4012108, 1634594894.3183858, 1634594895.1536307, 1634594895.7054005, 1634594896.5484388, 1634594897.8063717, 1634594898.685387, 1634594899.7677274, 1634594900.8456028, 1634594901.951671, 1634594902.8806658, 1634594903.698443, 1634594904.5057979, 1634594905.1205578, 1634594906.4052076, 1634594907.0485332, 1634594907.6984096, 1634594908.3559854, 1634594909.1981091, 1634594909.8961425, 1634594910.9093518, 1634594911.8512073, 1634594912.8279257, 1634594913.908469, 1634594914.6631262, 1634594915.3584354, 1634594915.8982568, 1634594916.688908, 1634594917.6753938, 1634594918.4517334, 1634594919.3255775, 1634594920.189307, 1634594921.036795, 1634594921.8569882, 1634594922.4591932, 1634594923.36093, 1634594924.0796473, 1634594924.9817777, 1634594925.9382021, 1634594926.7523768, 1634594927.4809837, 1634594928.577212, 1634594929.4359598, 1634594930.5745564, 1634594931.3604138, 1634594932.6136422, 1634594933.40864, 1634594934.5183616, 1634594935.6381435, 1634594936.4221637, 1634594937.6892376, 1634594938.6358132, 1634594939.5764823, 1634594940.3504527, 1634594941.4225805, 1634594942.3983197, 1634594943.056905, 1634594943.5835354, 1634594944.4419796, 1634594945.7275586, 1634594946.9690194, 1634594947.8182418, 1634594948.7183485, 1634594949.6882064, 1634594950.3514597, 1634594950.9832737, 1634594951.8698516, 1634594953.102876, 1634594953.9254236, 1634594954.6240656, 1634594955.5900693, 1634594956.459578, 1634594957.4051416, 1634594958.0858595, 1634594959.1775901, 1634594960.187464, 1634594960.9716861, 1634594962.3389459, 1634594963.272735, 1634594963.8598502, 1634594964.8562984, 1634594965.9153569, 1634594966.7799973, 1634594967.6584003, 1634594968.304328, 1634594969.1449895, 1634594970.6353416, 1634594971.5834746, 1634594972.3681476, 1634594973.542448, 1634594974.4929557, 1634594975.2750626, 1634594976.2184238, 1634594977.018907, 1634594977.8593612, 1634594978.8566463, 1634594979.8082998, 1634594981.0461047, 1634594981.6481786, 1634594982.672575, 1634594983.5097601, 1634594984.3895047, 1634594985.1424408, 1634594985.856004, 1634594986.63199, 1634594987.4522302, 1634594988.7057185, 1634594989.3381708, 1634594989.9705935, 1634594991.0721035, 1634594991.946464, 1634594992.6501386, 1634594993.8225207, 1634594994.7277787, 1634594995.5066202, 1634594996.3604953, 1634594997.1554446, 1634594998.0559232, 1634594999.0200145, 1634594999.7587838, 1634595000.661922, 1634595001.4357967, 1634595002.325071, 1634595003.3444633, 1634595004.4834201, 1634595005.4366598, 1634595006.5676668, 1634595007.28716, 1634595008.5506, 1634595009.1995904, 1634595010.0090613, 1634595011.041225, 1634595011.9853766, 1634595012.7188134, 1634595013.6177833, 1634595014.3908823, 1634595015.2279356, 1634595016.6272132, 1634595017.5026286, 1634595018.1600997, 1634595019.0412514, 1634595019.8566566, 1634595020.993073, 1634595021.7598364, 1634595022.6065078, 1634595023.3880396, 1634595024.3213174, 1634595025.1421566, 1634595025.9396734, 1634595026.987083, 1634595027.8019044, 1634595028.697838, 1634595029.813783, 1634595030.4642913, 1634595031.224473, 1634595032.076877, 1634595033.2638748, 1634595034.1924708, 1634595034.9673283, 1634595035.7819517, 1634595036.711231, 1634595037.3229468, 1634595038.1551313, 1634595039.3605564, 1634595039.8599553, 1634595040.9937706, 1634595041.7622838, 1634595042.766079, 1634595043.672124, 1634595044.313446, 1634595045.3206103, 1634595045.9521065, 1634595046.8107302, 1634595047.6864688, 1634595048.8184946, 1634595049.5694509, 1634595050.6012444, 1634595051.531479, 1634595052.16532, 1634595053.0761948, 1634595054.1870172, 1634595054.9142618, 1634595055.7583036, 1634595056.4419627, 1634595057.1238263, 1634595057.7817223, 1634595058.4831538, 1634595059.282113, 1634595060.1263454, 1634595060.6601477, 1634595061.3199291, 1634595062.3299081, 1634595063.1308398, 1634595063.7589345, 1634595064.5290222, 1634595065.223973, 1634595065.793516, 1634595066.6333752, 1634595067.1899831, 1634595067.9357555, 1634595068.6223779, 1634595069.3334098, 1634595070.0539849, 1634595070.8227932, 1634595071.7945435, 1634595072.7935722, 1634595073.7268026, 1634595074.5332875, 1634595075.03799, 1634595076.2832153, 1634595077.1270978, 1634595078.032878, 1634595078.931173, 1634595080.0925877, 1634595080.8019109, 1634595081.4024625, 1634595082.2217965, 1634595083.022064, 1634595083.7326362, 1634595084.2818773, 1634595085.2634656, 1634595086.3035405, 1634595087.0899928, 1634595088.1177375, 1634595088.7836447, 1634595089.3888762, 1634595089.9223135, 1634595090.5340998, 1634595091.393506, 1634595092.254208, 1634595092.7436764, 1634595093.52303, 1634595095.0106604, 1634595096.046922, 1634595096.9018745, 1634595097.7039964, 1634595098.4910011, 1634595099.5129178, 1634595100.1132646, 1634595100.8335161, 1634595101.2962492, 1634595102.0238056, 1634595103.1055357, 1634595103.9129043, 1634595104.654606], "episode_lengths": [618, 996, 500, 595, 650, 606, 617, 948, 742, 543, 511, 1072, 624, 519, 519, 631, 497, 791, 661, 699, 533, 516, 463, 761, 884, 535, 558, 630, 597, 640, 632, 612, 721, 648, 779, 881, 873, 629, 642, 1342, 618, 644, 585, 608, 730, 790, 949, 554, 660, 867, 1013, 576, 951, 684, 717, 699, 837, 491, 565, 772, 637, 1057, 724, 673, 488, 661, 871, 634, 812, 824, 840, 732, 642, 579, 481, 849, 536, 542, 522, 721, 597, 821, 760, 780, 860, 626, 589, 466, 659, 826, 661, 715, 635, 690, 739, 518, 727, 607, 739, 850, 701, 596, 842, 702, 854, 650, 997, 649, 923, 918, 652, 1025, 765, 741, 666, 859, 767, 534, 421, 668, 1022, 976, 688, 754, 784, 539, 536, 745, 964, 691, 608, 801, 699, 748, 552, 862, 835, 639, 1018, 771, 471, 734, 701, 627, 740, 523, 641, 1036, 617, 658, 921, 818, 670, 734, 662, 681, 830, 802, 1000, 512, 852, 678, 730, 614, 630, 568, 617, 865, 474, 539, 943, 722, 572, 1017, 786, 664, 676, 600, 692, 736, 556, 729, 546, 683, 569, 703, 680, 725, 524, 971, 518, 668, 737, 778, 588, 710, 600, 658, 1102, 684, 540, 710, 677, 894, 597, 705, 621, 734, 702, 667, 882, 686, 772, 869, 525, 556, 668, 913, 760, 623, 610, 691, 477, 673, 951, 447, 956, 656, 823, 696, 526, 758, 537, 641, 676, 899, 632, 853, 827, 544, 714, 848, 549, 693, 641, 638, 615, 624, 675, 740, 495, 557, 887, 704, 530, 679, 585, 512, 739, 494, 638, 586, 618, 590, 607, 789, 749, 731, 656, 418, 844, 597, 665, 679, 936, 548, 531, 711, 676, 655, 505, 840, 871, 653, 863, 568, 546, 481, 555, 729, 734, 443, 664, 1209, 859, 726, 744, 705, 894, 514, 633, 415, 662, 888, 708, 668],