{"initial_reset_timestamp": 1637024019.916907, "timestamps": [1637024023.9318461, 1637024024.145215, 1637024024.5463467, 1637024025.0293188, 1637024025.4584231, 1637024025.8783107, 1637024026.296077, 1637024029.8897383, 1637024030.3065999, 1637024030.7544074, 1637024031.1805935, 1637024031.619325, 1637024032.0703745, 1637024032.518414, 1637024036.9695082, 1637024038.309698, 1637024039.6335661, 1637024040.95187, 1637024042.2623382, 1637024043.577641, 1637024048.060187, 1637024049.3865664, 1637024050.6766598, 1637024051.9869099, 1637024053.3465369, 1637024054.6783612, 1637024055.995565, 1637024060.5517592, 1637024061.815944, 1637024063.152064, 1637024064.4573195, 1637024065.7580795, 1637024067.0489964, 1637024068.3542428, 1637024072.901178, 1637024074.2381258, 1637024075.5425823, 1637024076.851496, 1637024078.1533864, 1637024079.4537477, 1637024083.784226, 1637024085.0807855, 1637024086.2444808, 1637024087.5646155, 1637024088.3377557, 1637024089.6415672, 1637024090.9594297, 1637024092.2683966, 1637024096.916904, 1637024098.438321, 1637024099.7957346, 1637024101.0946174, 1637024102.4322543, 1637024103.96575, 1637024110.166143, 1637024111.4902449, 1637024112.8800683, 1637024114.2154005, 1637024115.2036624, 1637024116.5140584, 1637024117.4329114, 1637024118.845342, 1637024123.0265872, 1637024124.5080087, 1637024126.1034117, 1637024127.8792133, 1637024129.5601437, 1637024130.6803372, 1637024131.667551, 1637024133.0597794, 1637024137.642038, 1637024138.9802947, 1637024140.2805593, 1637024141.7236416, 1637024143.0479329, 1637024144.3519607, 1637024148.7645278, 1637024150.0989177, 1637024151.4098408, 1637024152.7040539, 1637024154.0063848, 1637024155.3217096, 1637024156.6319127, 1637024160.9359014, 1637024162.2546468, 1637024163.555203, 1637024164.8573534, 1637024166.1773958, 1637024167.4735074, 1637024168.7597883, 1637024174.4709694, 1637024175.7639568, 1637024177.0717003, 1637024178.3709526, 1637024179.677162, 1637024180.9799845, 1637024187.516762, 1637024188.820379, 1637024189.8297844, 1637024191.14244, 1637024192.4682105, 1637024193.7727633, 1637024195.0685465, 1637024199.5155575, 1637024200.8337145, 1637024202.1506128, 1637024203.452228, 1637024204.7932446, 1637024206.1136217, 1637024207.3930092, 1637024211.7962492, 1637024213.1048517, 1637024214.4072158, 1637024215.7124636, 1637024217.0317407, 1637024218.3320549, 1637024219.6510448, 1637024227.538502, 1637024228.8373268, 1637024230.1935282, 1637024231.4968052, 1637024232.7979867, 1637024234.1089394, 1637024240.9059317, 1637024242.291699, 1637024243.6118877, 1637024244.9501028, 1637024246.255771, 1637024247.5570195, 1637024248.880127, 1637024257.4201238, 1637024258.718751, 1637024260.0344975, 1637024261.3681889, 1637024262.6545496, 1637024263.9683733, 1637024265.2563515, 1637024272.092842, 1637024273.3928902, 1637024274.6978338, 1637024276.0217743, 1637024277.341946, 1637024278.6257622, 1637024285.1949532, 1637024286.5325356, 1637024287.8280244, 1637024289.148897, 1637024290.4416687, 1637024291.762076, 1637024293.0501773, 1637024300.513456, 1637024301.85646, 1637024303.169108, 1637024304.4645846, 1637024305.7665753, 1637024307.084162, 1637024308.427046, 1637024315.6723564, 1637024316.982102, 1637024318.2817693, 1637024319.5908778, 1637024320.8968368, 1637024322.2626116, 1637024330.1142523, 1637024331.4392219, 1637024332.7625039, 1637024334.0931592, 1637024335.3946123, 1637024336.6980782, 1637024338.0024986, 1637024345.4409428, 1637024346.748585, 1637024348.0501845, 1637024349.3535957, 1637024350.6567225, 1637024351.983092, 1637024353.2720466, 1637024360.6553876, 1637024361.9663658, 1637024363.2665062, 1637024364.5667613, 1637024365.8836393, 1637024367.1818562, 1637024374.5820065, 1637024375.8935015, 1637024377.217038, 1637024378.5199778, 1637024379.8763683, 1637024381.1920533, 1637024382.5251667, 1637024390.6573708, 1637024391.9733186, 1637024393.300656, 1637024394.6021824, 1637024395.956101, 1637024397.3017118, 1637024398.6084282, 1637024406.707861, 1637024408.0583532, 1637024409.3809514, 1637024410.7034957, 1637024412.0107975, 1637024413.3503833, 1637024421.3904119, 1637024422.7042325, 1637024424.01499, 1637024425.4017663, 1637024426.7385817, 1637024428.0735996, 1637024429.4059772, 1637024437.7035568, 1637024439.0247927, 1637024440.351578, 1637024441.6906269, 1637024443.0208807, 1637024444.3333945, 1637024445.6761544, 1637024453.9986477, 1637024455.3516872, 1637024456.677912, 1637024457.9819965, 1637024459.30832, 1637024460.5904624, 1637024468.1307304, 1637024469.410489, 1637024470.6920094, 1637024471.991512, 1637024473.2734866, 1637024474.6023574, 1637024475.8730018, 1637024483.9463875, 1637024485.2072449, 1637024486.4832673, 1637024487.7350469], "episode_lengths": [97, 150, 104, 150, 150, 150, 150, 134, 150, 150, 150, 150, 150, 150, 150, 150, 150, 150, 150, 150, 150, 150, 147, 150, 150, 150, 150, 150, 150, 150, 150, 150, 150, 150, 150, 150, 150, 150, 150, 150, 150, 150, 133, 150, 81, 150, 150, 150, 150, 150, 150, 150, 150, 150, 138, 150, 150, 150, 107, 150, 91, 150, 79, 126, 150, 150, 150, 102, 93, 150, 150, 150, 150, 150, 150, 150, 150, 150, 150, 150, 150, 150, 150, 150, 150, 150, 150, 150, 150, 150, 150, 150, 150, 150, 150, 150, 150, 150, 110, 150, 150, 150, 150, 150, 150, 150, 150, 150, 150, 150, 150, 150, 150, 150, 150, 150, 150, 150, 150, 150, 150, 150, 150, 150, 150, 150, 150, 150, 150, 150, 150, 150, 150, 150, 150, 150, 150, 150, 150, 150, 150, 150, 150, 150, 150, 150, 150, 150, 150, 150, 150, 150, 150, 150, 150, 150, 150, 150, 150, 150, 150, 150, 150, 150, 150, 150, 150, 150, 150, 150, 150, 150, 150, 150, 150, 150, 150, 150, 150, 150, 150, 150, 150, 150, 150, 150, 150, 150, 150, 150, 150, 150, 150, 150, 150, 150, 150, 150, 150, 150, 150, 150, 150, 150, 150, 150, 150, 150, 150, 150, 150, 150, 150, 150, 150, 150, 150, 150, 150, 150, 150, 150, 150, 150, 150, 150, 150, 150, 150, 150, 150, 150, 150, 150], "episode_rewards": [-96.0, -150.0, -103.0, -150.0, -150.0, -150.0, -150.0, -133.0, -150.0, -149.0, -150.0, -150.0, -150.0, -150.0, -150.0, -150.0, -150.0, -150.0, -150.0, -150.0, -150.0, -150.0, -146.0, -150.0, -150.0, -150.0, -150.0, -150.0, -150.0, -150.0, -150.0, -150.0, -150.0, -150.0, -150.0, -150.0, -150.0, -150.0, -150.0, -150.0, -150.0, -150.0, -132.0, -150.0, -80.0, -150.0, -150.0, -150.0, -150.0, -150.0, -150.0, -150.0, -150.0, -150.0, -137.0, -150.0, -150.0, -150.0, -106.0, -150.0, -90.0, -150.0, -78.0, -125.0, -150.0, -150.0, -150.0, -101.0, -92.0, -150.0, -150.0, -150.0, -150.0, -150.0, -150.0, -150.0, -150.0, -150.0, -150.0, -150.0, -150.0, -150.0, -150.0, -150.0, -150.0, -150.0, -150.0, -150.0, -150.0, -150.0, -150.0, -150.0, -150.0, -150.0, -150.0, -150.0, -150.0, -150.0, -109.0, -150.0, -150.0, -150.0, -150.0, -150.0, -150.0, -150.0, -150.0, -150.0, -150.0, -150.0, -150.0, -150.0, -150.0, -150.0, -150.0, -150.0, -150.0, -150.0, -150.0, -150.0, -150.0, -150.0, -150.0, -150.0, -150.0, -150.0, -150.0, -150.0, -150.0, -150.0, -150.0, -150.0, -150.0, -150.0, -150.0, -150.0, -150.0, -150.0, -150.0, -150.0, -150.0, -150.0, -150.0, -150.0, -150.0, -150.0, -150.0, -150.0, -150.0, -150.0, -150.0, -150.0, -150.0, -150.0, -150.0, -150.0, -150.0, -150.0, -150.0, -150.0, -150.0, -150.0, -150.0, -150.0, -150.0, -150.0, -150.0, -150.0, -150.0, -150.0, -150.0, -150.0, -150.0, -150.0, -150.0, -150.0, -150.0, -150.0, -150.0, -150.0, -150.0, -150.0, -150.0, -150.0, -150.0, -150.0, -150.0, -150.0, -150.0, -150.0, -150.0, -150.0, -150.0, -150.0, -150.0, -150.0, -150.0, -150.0, -150.0, -150.0, -150.0, -150.0, -150.0, -150.0, -150.0, -150.0, -150.0, -150.0, -150.0, -150.0, -150.0, -150.0, -150.0, -150.0, -150.0, -150.0, -150.0, -150.0, -150.0, -150.0, -150.0, -150.0, -150.0, -150.0, -150.0, -150.0, -150.0, -150.0, -150.0, -150.0, -150.0, -150.0, -150.0, -150.0],