{"initial_reset_timestamp": 1637033770.1900818, "timestamps": [1637033774.4683464, 1637033774.787703, 1637033775.3000965, 1637033775.7328882, 1637033776.2015865, 1637033776.6382413, 1637033780.2765052, 1637033780.6945283, 1637033781.1506932, 1637033781.41488, 1637033781.8296564, 1637033782.247283, 1637033782.7060254, 1637033783.1612642, 1637033787.5097613, 1637033788.835466, 1637033790.0898104, 1637033791.4239285, 1637033792.6933606, 1637033793.9789028, 1637033798.4249122, 1637033799.692816, 1637033800.9571226, 1637033802.245695, 1637033803.5781167, 1637033804.8791766, 1637033806.1905236, 1637033810.6682668, 1637033811.9472911, 1637033813.2359426, 1637033814.5352309, 1637033815.8108587, 1637033817.089967, 1637033818.3527489, 1637033822.51049, 1637033823.795394, 1637033825.2145247, 1637033826.643049, 1637033827.909731, 1637033829.1914904, 1637033830.4923, 1637033834.993282, 1637033836.2777493, 1637033837.578984, 1637033838.8452983, 1637033840.1150835, 1637033841.4451451, 1637033846.1002991, 1637033847.3911777, 1637033848.669565, 1637033849.9551153, 1637033851.2271538, 1637033852.4910977, 1637033853.8222697, 1637033858.9073784, 1637033860.3493304, 1637033861.772289, 1637033863.0455573, 1637033864.402331, 1637033865.821596, 1637033867.1295612, 1637033872.194755, 1637033873.4721434, 1637033874.7518423, 1637033876.0556428, 1637033877.42274, 1637033878.8299701, 1637033886.733996, 1637033888.163836, 1637033889.6010098, 1637033890.8955786, 1637033892.2018218, 1637033893.492385, 1637033894.7614312, 1637033899.6769607, 1637033901.0336282, 1637033902.4063823, 1637033903.8100312, 1637033905.3140244, 1637033906.5954833, 1637033907.8894124, 1637033915.057059, 1637033916.3661332, 1637033917.6479304, 1637033919.0242274, 1637033920.4047809, 1637033921.7033665, 1637033928.998537, 1637033930.3292494, 1637033931.7460816, 1637033933.185673, 1637033934.5673518, 1637033935.9072385, 1637033937.1828392, 1637033943.7531605, 1637033945.053939, 1637033946.345889, 1637033947.633158, 1637033948.923808, 1637033950.2258015, 1637033951.48304, 1637033957.9508574, 1637033959.2229064, 1637033960.5098557, 1637033961.7876592, 1637033963.0965533, 1637033964.3884194, 1637033970.5129747, 1637033971.9853272, 1637033973.2529416, 1637033974.476647, 1637033975.7722645, 1637033977.0527112, 1637033978.329753, 1637033986.0420346, 1637033987.3312364, 1637033988.5941868, 1637033989.8530529, 1637033991.1121118, 1637033992.3800251, 1637033993.6614385, 1637034000.8734384, 1637034002.135528, 1637034003.4521592, 1637034004.7618222, 1637034006.0218945, 1637034007.2883568, 1637034015.325537, 1637034016.5782843, 1637034017.853866, 1637034019.1226132, 1637034020.386638, 1637034021.6390793, 1637034022.9295268, 1637034030.475907, 1637034031.7299688, 1637034032.998893, 1637034034.2654629, 1637034035.5639858, 1637034036.8535008, 1637034038.1374505, 1637034046.5744603, 1637034047.8569655, 1637034049.1379316, 1637034050.4618912, 1637034051.7516606, 1637034053.0365942, 1637034058.6690273, 1637034059.9607606, 1637034061.2651231, 1637034062.557379, 1637034063.8724933, 1637034065.1601431, 1637034066.4933734, 1637034074.7147553, 1637034076.0231173, 1637034077.3363438, 1637034078.708872, 1637034079.9855242, 1637034081.2928493, 1637034082.7533212, 1637034088.745028, 1637034090.041141, 1637034091.3853772, 1637034092.6773884, 1637034094.0033636, 1637034095.299797, 1637034103.2396224, 1637034104.517449, 1637034105.7789397, 1637034107.181463, 1637034108.4913676, 1637034109.770094, 1637034111.0463843, 1637034118.978226, 1637034120.287041, 1637034121.556609, 1637034122.9203703, 1637034124.3276918, 1637034125.6454144, 1637034126.912333, 1637034134.744566, 1637034136.0070758, 1637034137.2796168, 1637034138.5817971, 1637034139.8401377, 1637034141.161559, 1637034149.004624, 1637034150.303331, 1637034151.587908, 1637034152.9393594, 1637034154.383368, 1637034155.7575083, 1637034157.152055, 1637034165.0377643, 1637034166.30555, 1637034167.5858417, 1637034168.8635526, 1637034170.153872, 1637034171.4889433, 1637034172.790329, 1637034180.8855982, 1637034182.1602185, 1637034183.482781, 1637034184.7627747, 1637034186.132236, 1637034187.4118257, 1637034195.5749598, 1637034196.8559291, 1637034198.132891, 1637034199.4253752, 1637034200.700706, 1637034202.014711, 1637034203.318253, 1637034211.5966983, 1637034212.92751, 1637034214.2150242, 1637034215.5003169, 1637034216.7688334, 1637034218.0832577, 1637034219.3592215, 1637034226.934774, 1637034228.2279668, 1637034229.5097113, 1637034230.8047674, 1637034232.0881956, 1637034233.412035, 1637034241.7475786, 1637034243.049348, 1637034244.3430471, 1637034245.67043, 1637034246.9947634, 1637034248.3180535, 1637034249.5975366, 1637034258.0964124, 1637034259.3685803, 1637034260.6549788, 1637034261.9466906, 1637034263.2597408, 1637034264.5530052, 1637034265.8434, 1637034273.6902168, 1637034274.9721315, 1637034276.2781909, 1637034277.5324986, 1637034278.8353143, 1637034280.1007376, 1637034288.4320657, 1637034289.7019827, 1637034290.9781406, 1637034292.2683342, 1637034293.5860872, 1637034294.9911857, 1637034296.4298425, 1637034305.3423557, 1637034306.747191, 1637034308.1304479, 1637034309.5004823, 1637034310.774246, 1637034312.1676536, 1637034313.6251266, 1637034322.5267353, 1637034323.9077122, 1637034325.3264837, 1637034326.7480707, 1637034328.097333, 1637034329.4166608, 1637034337.5564835, 1637034338.8345912, 1637034340.0942094, 1637034341.4206145, 1637034342.694619, 1637034344.0035565, 1637034345.291135, 1637034353.9000583, 1637034355.1460063, 1637034356.3929284, 1637034357.6521482, 1637034359.0373657, 1637034360.4415047, 1637034361.7105365, 1637034370.6792965, 1637034372.044322, 1637034373.4761965, 1637034374.780416, 1637034376.1072452, 1637034377.4241989, 1637034386.2632453, 1637034387.5365794, 1637034388.8465164, 1637034390.221171, 1637034391.5869148, 1637034392.9174085, 1637034394.210918, 1637034402.272349, 1637034403.5797398, 1637034404.8388147, 1637034406.1257815, 1637034407.453627, 1637034408.8251052, 1637034410.1872985, 1637034419.0059652, 1637034420.2642055, 1637034421.5520806, 1637034422.8593593, 1637034424.1732438, 1637034425.4835057, 1637034434.0383146, 1637034435.3003502, 1637034436.5844903, 1637034437.8733373, 1637034439.158073, 1637034440.4155867, 1637034441.7248576, 1637034450.439404, 1637034451.7109635, 1637034452.9533205, 1637034454.3743157, 1637034455.8024218, 1637034457.2019308, 1637034458.5835595, 1637034468.0927577, 1637034469.5085466, 1637034470.9400034, 1637034472.2336814, 1637034473.5514374, 1637034474.8079026, 1637034483.2867527, 1637034484.6013036, 1637034486.1531448, 1637034487.4906611, 1637034488.7957416, 1637034490.085848, 1637034491.3675456],