{"initial_reset_timestamp": 1637040357.5444028, "timestamps": [1637040361.4749277, 1637040361.789656, 1637040362.240116, 1637040362.6654842, 1637040363.0853362, 1637040363.4933078, 1637040367.1292772, 1637040367.5653822, 1637040367.9804523, 1637040368.4050236, 1637040368.8367875, 1637040369.280295, 1637040369.6876338, 1637040373.7943695, 1637040375.0985167, 1637040376.3989215, 1637040377.7007363, 1637040378.611314, 1637040379.8556266, 1637040381.11777, 1637040385.340919, 1637040386.5621507, 1637040387.8471081, 1637040389.165705, 1637040390.5363953, 1637040391.9024286, 1637040396.2594156, 1637040397.5507708, 1637040398.8308067, 1637040400.2612054, 1637040401.67577, 1637040403.0371978, 1637040404.4264207, 1637040409.1671922, 1637040410.4721482, 1637040411.7437818, 1637040413.001733, 1637040414.2674177, 1637040415.5724337, 1637040416.869894, 1637040421.3488824, 1637040422.7298756, 1637040424.1156173, 1637040425.4904575, 1637040426.8010535, 1637040428.0713892, 1637040432.4381015, 1637040433.7095747, 1637040435.000057, 1637040436.281637, 1637040437.5580108, 1637040438.8325236, 1637040440.1207738, 1637040444.3966248, 1637040445.6550198, 1637040446.9419613, 1637040448.2380419, 1637040449.251177, 1637040450.5585916, 1637040451.9051564, 1637040456.5577774, 1637040457.8945947, 1637040459.154265, 1637040459.836521, 1637040461.297127, 1637040462.7780566, 1637040464.2122488, 1637040465.3135152, 1637040469.7599027, 1637040471.1168272, 1637040472.5177999, 1637040473.8544972, 1637040475.1945257, 1637040476.4426196, 1637040480.7655838, 1637040482.036038, 1637040483.3013766, 1637040484.5429535, 1637040485.7736924, 1637040487.0520732, 1637040488.3396733, 1637040492.6978426, 1637040493.9636862, 1637040495.2262886, 1637040496.5062807, 1637040497.7821128, 1637040499.0881088, 1637040500.3609092, 1637040504.8461978, 1637040506.212405, 1637040507.6209106, 1637040509.0343816, 1637040510.4109845, 1637040511.834379, 1637040518.0760007, 1637040519.4852529, 1637040520.93599, 1637040522.361754, 1637040523.7732244, 1637040525.1500387, 1637040526.5526304, 1637040531.5182636, 1637040532.7855785, 1637040534.0513575, 1637040535.334681, 1637040536.6342468, 1637040537.9483817, 1637040538.654375, 1637040544.8977256, 1637040546.1608622, 1637040547.4333792, 1637040548.6993034, 1637040549.9434993, 1637040551.2054791, 1637040552.5281534, 1637040559.5160232, 1637040560.8080454, 1637040562.051906, 1637040563.312505, 1637040564.5720093, 1637040565.82013, 1637040572.3030915, 1637040573.564574, 1637040574.8254242, 1637040576.0971417, 1637040577.356783, 1637040578.6208045, 1637040579.9739106, 1637040588.0733573, 1637040589.3325744, 1637040590.6014268, 1637040591.868954, 1637040593.1695886, 1637040594.4371033, 1637040595.700057, 1637040602.0150566, 1637040603.301298, 1637040604.5735464, 1637040605.825539, 1637040607.1216462, 1637040608.4227948, 1637040614.031342, 1637040615.2989357, 1637040616.6197042, 1637040617.9266262, 1637040619.287079, 1637040620.6185632, 1637040621.9325082, 1637040629.5258758, 1637040630.8831637, 1637040632.257612, 1637040633.621418, 1637040634.979188, 1637040636.2470443, 1637040637.5470116, 1637040643.6146734, 1637040644.97773, 1637040646.3757277, 1637040647.8023577, 1637040649.0248008, 1637040650.3963366, 1637040657.4165087, 1637040658.8450978, 1637040660.24567, 1637040661.6618664, 1637040663.1159194, 1637040664.5312018, 1637040665.9524252, 1637040673.154468, 1637040674.464523, 1637040675.716214, 1637040676.9988236, 1637040678.252998, 1637040679.523816, 1637040680.8106983, 1637040687.8451006, 1637040689.1592205, 1637040690.4428604, 1637040691.7197127, 1637040693.004309, 1637040694.248924, 1637040701.174774, 1637040702.5601933, 1637040703.9833193, 1637040705.3275864, 1637040706.610308, 1637040707.9001389, 1637040709.159298, 1637040717.2332108, 1637040718.5192356, 1637040719.7842245, 1637040721.04911, 1637040722.3325238, 1637040723.6594436, 1637040725.0703554, 1637040732.311651, 1637040733.6809392, 1637040735.04601, 1637040736.4155343, 1637040737.8456492, 1637040739.2836893, 1637040744.6037414, 1637040745.909954, 1637040747.209252, 1637040748.46948, 1637040749.731963, 1637040751.001427, 1637040752.244826, 1637040759.2020154, 1637040760.5894718, 1637040762.060968, 1637040763.4908252, 1637040764.863941, 1637040766.2543454, 1637040767.6833963, 1637040775.6996682, 1637040777.1550465, 1637040778.5734296, 1637040779.9978557, 1637040781.410634, 1637040782.6946442, 1637040787.4379227, 1637040788.8131418, 1637040790.2379434, 1637040791.6148777, 1637040793.00172, 1637040794.3871589, 1637040795.8109412, 1637040803.8390598, 1637040805.2762394, 1637040806.700863, 1637040808.1461778, 1637040809.6018462, 1637040811.0073109, 1637040812.413131, 1637040820.3474433, 1637040821.657962, 1637040822.9313645, 1637040824.2468984, 1637040825.5396383, 1637040826.7991312, 1637040833.9967709, 1637040835.2589164, 1637040836.5214458, 1637040837.7951531, 1637040839.058343, 1637040840.3413546, 1637040841.6086135, 1637040848.8318212, 1637040850.2324424, 1637040851.643642, 1637040853.0779047, 1637040854.5158892, 1637040855.9279618, 1637040857.3705797, 1637040865.514119, 1637040866.8324404, 1637040868.1044116, 1637040869.357542, 1637040870.6320243, 1637040871.996613, 1637040880.0173323, 1637040881.5058117, 1637040883.0471497, 1637040884.4643855, 1637040885.8310804, 1637040887.1304502, 1637040888.445554, 1637040896.6317909, 1637040897.9160287, 1637040899.1751213, 1637040900.4323852, 1637040901.7870405, 1637040903.1574442, 1637040904.598018, 1637040912.4110096, 1637040913.6964827, 1637040914.947376, 1637040916.22066, 1637040917.5243957, 1637040918.9163847, 1637040926.6565123, 1637040928.1233954, 1637040929.4261463, 1637040930.7098079, 1637040931.985246, 1637040933.3022003, 1637040934.5776129, 1637040940.5036623, 1637040941.7788665, 1637040943.0524204, 1637040944.367214, 1637040945.7751417, 1637040947.192591, 1637040948.6166544, 1637040957.050628, 1637040958.3035736, 1637040959.639019, 1637040961.045441, 1637040962.4453478, 1637040963.8997467, 1637040970.1855118, 1637040971.4499335, 1637040972.7227511, 1637040974.0182745, 1637040975.297605, 1637040976.5644946, 1637040977.8471243, 1637040985.15321, 1637040986.4180148, 1637040987.704341, 1637040988.9714081, 1637040990.2536366, 1637040991.5200949, 1637040992.7792091, 1637041000.295501, 1637041001.6258094, 1637041002.89543, 1637041004.186457, 1637041005.4650714, 1637041006.7364948, 1637041011.4324372, 1637041012.8140101, 1637041014.2204103, 1637041015.5942261, 1637041016.8569942, 1637041018.1312082, 1637041019.4359725, 1637041026.9112148, 1637041028.2135823, 1637041029.4928544, 1637041030.7639234, 1637041032.0363815, 1637041033.2896287, 1637041034.5734308],