{"initial_reset_timestamp": 1634536931.085146, "timestamps": [1634536933.0524862, 1634536933.1012733, 1634536933.1508155, 1634536933.2011507, 1634536933.2378817, 1634536933.2940948, 1634536933.3294668, 1634536933.3764577, 1634536933.4325364], "episode_lengths": [118, 107, 115, 114, 88, 116, 83, 103, 118], "episode_rewards": [-441.94014720562734, -412.75818395135195, -138.84602953876893, -760.6050001341964, -393.75149357051856, -132.65503757474843, -413.3270337286465, -108.39853929050676, -413.3159867331461], "episode_types": ["t", "t", "t", "t", "t", "t", "t", "t", "t", "t"]}