{"initial_reset_timestamp": 1634536923.6514115, "timestamps": [1634536925.4531808, 1634536925.4977467, 1634536925.5831456, 1634536925.621064, 1634536925.653384, 1634536925.6900473, 1634536925.7389693, 1634536925.7966049, 1634536925.8388193, 1634536929.183615], "episode_lengths": [79, 104, 183, 89, 75, 85, 116, 125, 93, 106], "episode_rewards": [-370.44312456323877, -474.4794868846974, -391.159037893015, -314.73793053151485, -293.49718493831546, -287.66888728336676, -447.1364410048933, -339.80448512174615, -268.668220194412, -327.7198520962761], "episode_types": ["t", "t", "t", "t", "t", "t", "t", "t", "t", "t", "t"]}