{"initial_reset_timestamp": 1637034495.2732933, "timestamps": [1637034499.3597639, 1637034499.6598213, 1637034500.1361418, 1637034500.5821934, 1637034501.0616522, 1637034501.495401, 1637034505.1071157, 1637034505.529872, 1637034505.9471655, 1637034506.3965724, 1637034506.8166142, 1637034507.2462373, 1637034507.6588073, 1637034511.6250978, 1637034512.8817089, 1637034514.2152293, 1637034515.477508, 1637034516.6972365, 1637034518.0102127, 1637034519.3680384, 1637034523.8319926, 1637034525.104674, 1637034526.3510273, 1637034527.6003156, 1637034528.8726132, 1637034529.8209105, 1637034531.055531, 1637034535.6153708, 1637034536.9516652, 1637034538.192198, 1637034539.4435716, 1637034540.7255726, 1637034542.0076067, 1637034546.7198055, 1637034547.9647171, 1637034549.2413402, 1637034550.5138414, 1637034551.7142987, 1637034552.9527965, 1637034554.261383, 1637034558.0955265, 1637034559.349225, 1637034560.6105673, 1637034561.9105446, 1637034563.1589558, 1637034564.4087832, 1637034565.6957073, 1637034570.1004243, 1637034571.4288342, 1637034572.712473, 1637034573.9757705, 1637034575.3321967, 1637034576.6974924, 1637034577.969416, 1637034582.191883, 1637034583.4319897, 1637034584.6848307, 1637034585.9420853, 1637034587.3012102, 1637034588.6445987, 1637034589.8938324, 1637034594.2156053, 1637034595.5016885, 1637034596.737906, 1637034597.9817061, 1637034599.2365847, 1637034600.5566378, 1637034605.310982, 1637034606.6625097, 1637034607.9090164, 1637034609.1521437, 1637034610.535959, 1637034611.9403663, 1637034613.2227764, 1637034617.8254676, 1637034619.0797775, 1637034620.3616252, 1637034621.6244493, 1637034622.785067, 1637034624.1574457, 1637034625.5494003, 1637034630.501597, 1637034631.8596168, 1637034633.137874, 1637034634.437577, 1637034635.719362, 1637034637.0494645, 1637034643.3057728, 1637034644.5420501, 1637034645.788032, 1637034647.060198, 1637034648.307583, 1637034649.608109, 1637034650.8606534, 1637034657.7104273, 1637034658.96562, 1637034660.255757, 1637034661.4992647, 1637034662.7459474, 1637034664.0985343, 1637034665.446874, 1637034673.4702005, 1637034674.8108096, 1637034676.3474061, 1637034677.5715065, 1637034678.8303638, 1637034680.0971296, 1637034687.6633382, 1637034688.9025977, 1637034690.175568, 1637034691.4575553, 1637034692.711321, 1637034693.966719, 1637034695.2375734, 1637034702.8248804, 1637034704.0451102, 1637034705.287064, 1637034706.524186, 1637034707.7895844, 1637034709.047779, 1637034710.2801657, 1637034717.4971962, 1637034718.762749, 1637034719.9939814, 1637034721.2183561, 1637034722.451456, 1637034723.7478423, 1637034731.2452173, 1637034732.495707, 1637034733.8856874, 1637034735.2969615, 1637034736.5725007, 1637034737.830913, 1637034739.123825, 1637034746.5117583, 1637034747.7591317, 1637034749.0425012, 1637034750.282775, 1637034751.5419455, 1637034752.7712326, 1637034754.0836575, 1637034761.3261304, 1637034762.5939746, 1637034763.8788483, 1637034765.169344, 1637034766.5253735, 1637034767.9134865, 1637034775.6686707, 1637034776.907034, 1637034778.206483, 1637034779.4595618, 1637034780.7132587, 1637034782.0201342, 1637034783.4150798, 1637034791.2467544, 1637034792.5461664, 1637034793.7994847, 1637034795.0627184, 1637034796.2984583, 1637034797.5375943, 1637034798.811696, 1637034807.0319574, 1637034808.3890252, 1637034809.753842, 1637034811.1627076, 1637034812.5362344, 1637034813.8372507, 1637034821.7402802, 1637034823.0236893, 1637034824.4217176, 1637034825.8163953, 1637034827.1050973, 1637034828.3610957, 1637034829.6183958, 1637034837.7084994, 1637034839.0624607, 1637034840.5466352, 1637034841.9711604, 1637034843.4212987, 1637034844.837646, 1637034846.2568936, 1637034854.3711514, 1637034855.6412754, 1637034856.9163127, 1637034858.1799076, 1637034859.4717705, 1637034860.729126, 1637034861.5485382, 1637034869.9970522, 1637034871.3300505, 1637034872.5631957, 1637034873.8603885, 1637034875.1188428, 1637034876.3746097, 1637034883.8306754, 1637034885.229475, 1637034886.6343524, 1637034887.939816, 1637034889.336133, 1637034890.6941803, 1637034892.053439, 1637034900.4055362, 1637034901.699184, 1637034902.9358463, 1637034904.2566218, 1637034905.5086844, 1637034906.7517126, 1637034907.4217272, 1637034915.5942388, 1637034916.834423, 1637034918.0866323, 1637034919.3454747, 1637034920.5889587, 1637034921.3331203, 1637034922.5690954, 1637034930.7024357, 1637034932.0523179, 1637034933.299073, 1637034934.5677094, 1637034935.8743997, 1637034937.1150174, 1637034938.3462217, 1637034946.150624, 1637034947.426633, 1637034948.6794212, 1637034949.9636304, 1637034951.2507145, 1637034952.5137162, 1637034953.6536896, 1637034962.4415357, 1637034963.7626624, 1637034965.032622, 1637034966.3147154, 1637034967.7446291, 1637034969.0917945, 1637034970.4888115, 1637034980.6323707, 1637034981.8949032, 1637034983.1884737, 1637034984.4531968, 1637034985.7007058, 1637034986.9859402, 1637034995.0819087, 1637034996.3220208, 1637034997.571611, 1637034998.8253777, 1637035000.0966759, 1637035001.3466744, 1637035002.645549, 1637035011.4026444, 1637035012.6250498, 1637035014.0711, 1637035015.4784737, 1637035016.7656472, 1637035018.0074155, 1637035019.2669797, 1637035028.5766761, 1637035029.8406928, 1637035031.1411247, 1637035032.416094, 1637035033.7284987, 1637035034.9928484, 1637035044.6321557, 1637035045.9673753, 1637035047.2324753, 1637035048.5162416, 1637035049.7891006, 1637035051.0131185, 1637035052.2624972, 1637035062.0713098, 1637035063.3851907, 1637035064.66435, 1637035065.9302065, 1637035067.1905556, 1637035068.418061, 1637035069.6484067, 1637035078.4761593, 1637035079.7475684, 1637035081.0260606, 1637035082.2722688, 1637035083.524589, 1637035084.7792318, 1637035094.367112, 1637035095.6388662, 1637035096.880865, 1637035098.1232069, 1637035099.3454235, 1637035100.588876, 1637035101.8611329, 1637035112.16567, 1637035113.4324467, 1637035114.6816998, 1637035115.9070342, 1637035117.1380782, 1637035118.437897, 1637035119.8572328, 1637035129.3570538, 1637035130.8488414, 1637035132.1188562, 1637035133.4083838, 1637035134.6812854, 1637035135.9549277, 1637035145.1351955, 1637035146.3846264, 1637035147.6317303, 1637035148.9072683, 1637035150.1629014, 1637035151.4115407, 1637035152.657367, 1637035163.0766814, 1637035164.3931615, 1637035165.6774077, 1637035166.953181, 1637035168.2250268, 1637035169.4898684, 1637035170.7697053, 1637035181.866214, 1637035183.1738427, 1637035184.4348354, 1637035185.6801407, 1637035187.0574985, 1637035188.4404178, 1637035197.0859418, 1637035198.3520474, 1637035199.6013892, 1637035200.8368187, 1637035202.090421, 1637035203.4310594, 1637035204.802192, 1637035215.3335917, 1637035216.696503, 1637035217.9925058, 1637035219.2511399, 1637035220.5037487, 1637035221.7570064, 1637035222.9805732],