{"initial_reset_timestamp": 1637050079.0755224, "timestamps": [1637050083.908449, 1637050084.1943376, 1637050084.565989, 1637050084.9950025, 1637050085.391414, 1637050085.78145, 1637050086.1663234, 1637050086.5495484, 1637050086.9347703, 1637050087.318532, 1637050091.9965918, 1637050092.4202936, 1637050092.7944953, 1637050093.1781368, 1637050093.5811703, 1637050093.9538474, 1637050094.3359766, 1637050094.7435088, 1637050095.1245494, 1637050095.5526087, 1637050100.6492949, 1637050101.5944843, 1637050102.5796475, 1637050103.486624, 1637050104.3950055, 1637050105.3381827, 1637050106.289029, 1637050107.2133288, 1637050108.1238995, 1637050109.065555, 1637050114.1084442, 1637050115.0665767, 1637050115.9955587, 1637050116.9168634, 1637050117.8474805, 1637050118.7892709, 1637050119.7777514, 1637050120.8254683, 1637050121.8571324, 1637050122.9105263, 1637050128.6493607, 1637050129.7613888, 1637050130.792379, 1637050131.8345914, 1637050132.8715525, 1637050133.364539, 1637050134.3990653, 1637050135.4389443, 1637050136.4903798, 1637050137.5376675, 1637050142.6680963, 1637050143.624567, 1637050144.6034358, 1637050145.5622213, 1637050146.4868608, 1637050147.4057884, 1637050148.3262007, 1637050149.2352464, 1637050150.159188, 1637050151.0702958, 1637050156.1318152, 1637050157.0735188, 1637050158.056668, 1637050158.9774811, 1637050159.9033403, 1637050160.8393905, 1637050161.7660067, 1637050162.6823664, 1637050163.623999, 1637050164.552667, 1637050169.6230233, 1637050170.5299659, 1637050171.5404983, 1637050172.4634726, 1637050173.402993, 1637050174.3386598, 1637050175.260997, 1637050176.182248, 1637050177.1245906, 1637050178.0650547, 1637050183.2973394, 1637050184.271789, 1637050185.2635567, 1637050186.3280904, 1637050186.9527833, 1637050187.9995012, 1637050189.0593543, 1637050189.8790178, 1637050190.914557, 1637050191.9460993, 1637050192.983643, 1637050198.7135956, 1637050199.7972906, 1637050200.7030983, 1637050201.6601286, 1637050202.5944412, 1637050203.1409395, 1637050204.0406466, 1637050204.7697487, 1637050205.6967542, 1637050206.3463898, 1637050207.2987983, 1637050207.9508462, 1637050213.1549077, 1637050214.1050982, 1637050214.6592543, 1637050215.595327, 1637050216.5204113, 1637050217.3554945, 1637050218.315471, 1637050219.248695, 1637050220.0136852, 1637050220.9229636, 1637050221.7599533, 1637050226.7295227, 1637050227.4905233, 1637050228.4164577, 1637050229.127744, 1637050230.0501878, 1637050230.9799664, 1637050231.9041178, 1637050232.8406298, 1637050233.7906103, 1637050234.715308, 1637050235.6054502, 1637050240.6965544, 1637050241.6367488, 1637050242.5784256, 1637050243.541529, 1637050244.48436, 1637050245.4080608, 1637050246.3423436, 1637050247.2673209, 1637050248.2108011, 1637050248.9247417, 1637050254.0316753, 1637050254.6422405, 1637050255.244592, 1637050256.0718067, 1637050257.149836, 1637050258.1303232, 1637050259.1385603, 1637050260.1296582, 1637050260.9588401, 1637050262.0202577, 1637050262.9907343, 1637050264.0944822, 1637050269.666072, 1637050270.6851552, 1637050271.699032, 1637050272.7704012, 1637050273.8155074, 1637050274.8479278, 1637050275.8643026, 1637050276.8184607, 1637050277.8479583, 1637050278.951548, 1637050284.2802105, 1637050285.214856, 1637050286.1696606, 1637050287.2028449, 1637050288.2472405, 1637050289.3064044, 1637050290.351933, 1637050291.3756745, 1637050292.4363904, 1637050293.5500073, 1637050299.2819145, 1637050300.062179, 1637050301.1022904, 1637050302.149732, 1637050303.1789918, 1637050304.2327933, 1637050305.2526076, 1637050306.2846894, 1637050307.2367244, 1637050308.18184, 1637050309.1859689, 1637050314.5936563, 1637050315.6255655, 1637050316.693834, 1637050317.735304, 1637050318.780955, 1637050319.8228817, 1637050320.8725822, 1637050321.9549832, 1637050322.9932373, 1637050324.140996, 1637050329.9546597, 1637050331.037163, 1637050332.0790114, 1637050333.1519496, 1637050334.2173092, 1637050335.2917027, 1637050336.3673346, 1637050337.4043674, 1637050338.4772882, 1637050339.5764518, 1637050345.3813381, 1637050346.4300854, 1637050347.460821, 1637050348.4924679, 1637050349.5350947, 1637050350.595883, 1637050351.6356406, 1637050352.6652315, 1637050353.6493456, 1637050354.5865216, 1637050359.7559898, 1637050360.4937263, 1637050361.4307864, 1637050362.379496, 1637050363.3409998, 1637050364.2772882, 1637050365.2447262, 1637050366.1808093, 1637050367.1272686, 1637050368.0747442, 1637050373.6480129, 1637050374.6844203, 1637050375.7513514, 1637050376.796365, 1637050377.822451, 1637050378.8516216, 1637050379.8832116, 1637050380.8965542, 1637050381.962809, 1637050383.0245101, 1637050388.7327883, 1637050389.8314068, 1637050390.8284354, 1637050391.8736763, 1637050392.564249, 1637050393.66211, 1637050394.6981554, 1637050395.7726307, 1637050396.8387218, 1637050397.8645327, 1637050403.422245, 1637050404.3555489, 1637050405.301376, 1637050406.233807, 1637050407.1634583, 1637050408.100583, 1637050409.0472503, 1637050409.9757874, 1637050410.9105592, 1637050411.84601, 1637050417.3483655, 1637050418.278384, 1637050419.206033, 1637050420.1307108, 1637050421.1109576, 1637050422.106503, 1637050423.0412147, 1637050424.0626197, 1637050424.9952772, 1637050425.9306464, 1637050431.4322486, 1637050432.4589634, 1637050433.5147383, 1637050434.5267365, 1637050435.564785, 1637050436.6493654, 1637050437.7358057, 1637050438.6558485, 1637050439.596691, 1637050440.5205598, 1637050446.3930051, 1637050447.427354, 1637050448.494841, 1637050449.5337422, 1637050450.564857, 1637050451.622667, 1637050452.6395447, 1637050453.7323573, 1637050454.7429855, 1637050455.763578, 1637050461.6785808, 1637050462.6952088, 1637050463.7579408, 1637050464.7857454, 1637050465.8120923, 1637050466.8428226, 1637050467.8782449, 1637050468.9095001, 1637050469.961425, 1637050471.0985677, 1637050476.7434466, 1637050477.8184357, 1637050478.8430023, 1637050479.8929062, 1637050480.9544425, 1637050481.9701834, 1637050482.9563618, 1637050483.9676661, 1637050484.9999075, 1637050486.1064754, 1637050492.2144988, 1637050493.2462144, 1637050494.2320285, 1637050495.1751199, 1637050496.1171443, 1637050497.076898, 1637050498.0364919, 1637050498.9679792, 1637050499.9082603, 1637050500.8600907, 1637050506.5907056, 1637050507.633329, 1637050508.6698105, 1637050509.7051268, 1637050510.733012, 1637050511.7762234, 1637050512.7974381, 1637050513.8864303, 1637050514.949326, 1637050516.056313, 1637050521.96118, 1637050522.9922419, 1637050524.034112, 1637050525.0465672, 1637050526.0890605, 1637050527.1153312, 1637050528.1504858, 1637050529.1835365, 1637050530.2323735, 1637050531.3309426, 1637050537.33923, 1637050538.3746166, 1637050539.3967044, 1637050540.4322884, 1637050541.4860861, 1637050542.5146844, 1637050543.5721357, 1637050544.7005222, 1637050545.7180102, 1637050547.1160803, 1637050553.433377, 1637050554.3648577, 1637050555.3060684, 1637050556.2479856, 1637050557.197905, 1637050558.089815, 1637050559.0166996, 1637050560.0470521, 1637050561.08739, 1637050562.1066868, 1637050568.247752, 1637050569.2759461, 1637050570.2715495, 1637050571.213174, 1637050572.1818757, 1637050573.1455069, 1637050574.1980698, 1637050575.2385576, 1637050576.3285162, 1637050577.3687465, 1637050583.095969, 1637050584.073303, 1637050585.0229585, 1637050585.965966, 1637050586.9313633, 1637050587.865438, 1637050588.8175712, 1637050589.7381794, 1637050590.7505236, 1637050591.693667, 1637050596.8240585, 1637050597.7827387, 1637050598.725885, 1637050599.688118, 1637050600.6399143, 1637050601.6028657, 1637050602.5367382, 1637050603.5054631, 1637050604.4481213, 1637050605.48116, 1637050611.227145, 1637050612.2632303, 1637050613.3019507, 1637050614.3415542, 1637050615.3821034, 1637050616.4222999, 1637050617.4727962, 1637050618.5149882, 1637050619.6089065, 1637050620.6124783, 1637050626.4529324, 1637050627.3057415, 1637050628.3343287, 1637050629.381421, 1637050630.4081078, 1637050631.4359272, 1637050632.4732506, 1637050633.5616767, 1637050634.6230545, 1637050635.699813, 1637050636.73481, 1637050642.3939145, 1637050643.4713843, 1637050644.5329704, 