{"initial_reset_timestamp": 1637050080.9995868, "timestamps": [1637050081.4588976, 1637050081.7231154, 1637050081.9918034, 1637050082.2595522, 1637050082.5237045, 1637050082.790887, 1637050083.059713, 1637050083.3414233, 1637050083.6084244, 1637050083.8697538, 1637050089.3072329, 1637050089.583929, 1637050089.8514342, 1637050090.1241825, 1637050090.4085789, 1637050090.6773996, 1637050090.9689286, 1637050091.2574458, 1637050091.5558243, 1637050091.8259013, 1637050097.5155253, 1637050097.784657, 1637050098.0472772, 1637050098.3081968, 1637050098.5847015, 1637050098.8666606, 1637050099.1327896, 1637050099.3993132, 1637050099.6707902, 1637050099.9449866, 1637050110.9726124, 1637050111.241329, 1637050111.508239, 1637050111.7739897, 1637050112.0374207, 1637050112.3060124, 1637050112.574225, 1637050112.834822, 1637050113.0991976, 1637050113.400349, 1637050125.1367369, 1637050125.4439576, 1637050125.7433677, 1637050126.0420966, 1637050126.3573418, 1637050126.6592824, 1637050126.9698908, 1637050127.2768822, 1637050127.5860667, 1637050127.8860254, 1637050140.061826, 1637050140.331036, 1637050140.5919201, 1637050140.8649647, 1637050141.1262324, 1637050141.3919783, 1637050141.6507065, 1637050141.9240153, 1637050142.2024348, 1637050142.4620898, 1637050153.4994717, 1637050153.7689865, 1637050154.0346444, 1637050154.3081224, 1637050154.568797, 1637050154.8315964, 1637050155.1028295, 1637050155.3667586, 1637050155.6382334, 1637050155.916401, 1637050166.9408653, 1637050167.218905, 1637050167.4866166, 1637050167.7561858, 1637050168.0181382, 1637050168.291148, 1637050168.5662751, 1637050168.8745203, 1637050169.1436267, 1637050169.4178932, 1637050180.451037, 1637050180.7375515, 1637050181.024208, 1637050181.3033712, 1637050181.5922709, 1637050181.8790863, 1637050182.170388, 1637050182.4649057, 1637050182.7506516, 1637050183.0458026, 1637050195.5364199, 1637050195.8507733, 1637050196.148639, 1637050196.4573588, 1637050196.7925656, 1637050197.1021988, 1637050197.3976965, 1637050197.6901128, 1637050197.998499, 1637050198.3134844, 1637050210.143237, 1637050210.4202583, 1637050210.6890168, 1637050210.9642146, 1637050211.235574, 1637050211.5047178, 1637050211.78829, 1637050212.0542142, 1637050212.323299, 1637050212.6375356, 1637050223.9158146, 1637050224.179349, 1637050224.4441102, 1637050224.724316, 1637050224.9867115, 1637050225.2541885, 1637050225.5385559, 1637050225.7995863, 1637050226.1097946, 1637050226.3814285, 1637050237.5167394, 1637050237.787909, 1637050238.062784, 1637050238.3339932, 1637050238.601509, 1637050238.8689227, 1637050239.1321404, 1637050239.4502594, 1637050239.7543802, 1637050240.0236754, 1637050251.1904616, 1637050251.4815629, 1637050251.7782328, 1637050252.069536, 1637050252.3709872, 1637050252.6729734, 1637050252.9701366, 1637050253.2884328, 1637050253.6458747, 1637050253.9532297, 1637050266.7694004, 1637050267.0693862, 1637050267.3551931, 1637050267.64501, 1637050267.9381223, 1637050268.226322, 1637050268.5617173, 1637050268.8482687, 1637050269.1355717, 1637050269.426189, 1637050281.5657077, 1637050281.8522913, 1637050282.1235332, 1637050282.392281, 1637050282.6771774, 1637050282.9557328, 1637050283.2919347, 1637050283.5632288, 1637050283.8334599, 1637050284.129131, 1637050296.3329282, 1637050296.6393614, 1637050296.9388342, 1637050297.239271, 1637050297.534383, 1637050297.8426397, 1637050298.1584744, 1637050298.519913, 1637050298.8138118, 1637050299.1180973, 1637050311.1287973, 1637050311.4026074, 1637050311.672508, 1637050311.9730265, 1637050312.2634506, 1637050312.580416, 1637050312.9362261, 1637050313.2377863, 1637050313.5449648, 1637050313.8538122, 1637050326.4181716, 1637050326.720828, 1637050327.016514, 1637050327.32469, 1637050327.6293943, 1637050327.93169, 1637050328.2305443, 1637050328.5842278, 1637050328.9022202, 1637050329.2159274, 1637050341.8030088, 1637050342.1137364, 1637050342.4190428, 1637050342.7366283, 1637050343.0436687, 1637050343.374874, 1637050343.678816, 1637050344.033107, 1637050344.357718, 1637050344.6573303, 1637050356.540109, 1637050356.8159692, 1637050357.1014, 1637050357.4008484, 1637050357.6711793, 1637050357.9428918, 1637050358.2166445, 1637050358.540061, 1637050358.8193276, 1637050359.0923126, 1637050370.3297112, 1637050370.611796, 1637050370.908737, 1637050371.2032616, 1637050371.4941688, 1637050371.8032897, 1637050372.1112294, 1637050372.4670765, 1637050372.8227823, 1637050373.1244187, 1637050385.5026045, 1637050385.7998059, 1637050386.1037326, 1637050386.402182, 1637050386.7069364, 1637050386.9991083, 1637050387.2933416, 1637050387.5858014, 1637050387.9260497, 1637050388.2150424, 1637050400.7322862, 1637050401.032963, 1637050401.3074179, 1637050401.574633, 1637050401.8430543, 1637050402.1240828, 1637050402.3958976, 1637050402.6632304, 1637050402.979604, 1637050403.2523973, 1637050414.4270332, 1637050414.6966774, 1637050414.9916337, 1637050415.2613795, 1637050415.5401533, 1637050415.8117993, 1637050416.0822213, 1637050416.3476646, 1637050416.6586778, 1637050416.9288464, 1637050417.202149, 1637050428.513094, 1637050428.8144476, 1637050429.109833, 1637050429.3981829, 1637050429.7006037, 1637050430.007513, 1637050430.316593, 1637050430.61615, 1637050430.9698083, 1637050431.271851, 1637050443.1738093, 1637050443.503569, 1637050443.8128853, 1637050444.1082118, 1637050444.399154, 1637050444.6884513, 1637050444.9603953, 1637050445.2841382, 1637050445.6476371, 1637050445.9505856, 1637050446.231209, 1637050458.4957607, 1637050458.7947478, 1637050459.0680282, 1637050459.3599684, 1637050459.6577566, 1637050459.9551044, 1637050460.263077, 1637050460.6016967, 1637050460.9221287, 1637050461.2145004, 1637050461.5138943, 1637050473.757757, 1637050474.0645127, 1637050474.3690767, 1637050474.6633923, 1637050474.975138, 1637050475.2840414, 1637050475.5841846, 1637050475.9437857, 1637050476.2598531, 1637050476.5792625, 1637050488.9358256, 1637050489.2238905, 1637050489.530307, 1637050489.8346884, 1637050490.1409783, 1637050490.446122, 1637050490.7454739, 1637050491.1095269, 1637050491.4130998, 1637050491.7351255, 1637050492.0496426, 1637050503.633347, 1637050503.9548779, 1637050504.2552052, 1637050504.5532923, 1637050504.8557434, 1637050505.1733456, 1637050505.5214443, 1637050505.8334398, 1637050506.1510375, 1637050506.4450758, 1637050518.92252, 1637050519.237309, 1637050519.569489, 1637050519.896441, 1637050520.2111106, 1637050520.5210955, 1637050520.8192503, 1637050521.1816359, 1637050521.5101438, 1637050521.8149505, 1637050534.142993, 1637050534.4462204, 1637050534.7504303, 1637050535.0382638, 1637050535.347817, 1637050535.6365154, 1637050535.9463425, 1637050536.29567, 1637050536.5914752, 1637050536.8774843, 1637050537.1918464, 1637050549.9970586, 1637050550.297749, 1637050550.5807385, 1637050550.8744018, 1637050551.180419, 1637050551.4918072, 1637050551.8523614, 1637050552.133125, 1637050552.4349525, 1637050552.7376258, 1637050553.0026238, 1637050553.2876663, 1637050565.2558422, 1637050565.562213, 1637050565.875776, 1637050566.178426, 1637050566.4813104, 1637050566.8355954, 1637050567.1412406, 1637050567.4411848, 1637050567.7408738, 1637050568.082039, 1637050580.1016314, 1637050580.4002812, 1637050580.7184985, 1637050581.02177, 1637050581.3278606, 1637050581.68311, 1637050582.0134223, 1637050582.3334072, 1637050582.637642, 1637050582.9386437, 1637050594.1303434, 1637050594.3907094, 1637050594.6586628, 1637050594.9449623, 1637050595.2281845, 1637050595.4994967, 1637050595.8266184, 1637050596.1115074, 1637050596.403608, 1637050596.6853707, 1637050608.017543, 1637050608.3254197, 1637050608.6223652, 1637050608.9078228, 1637050609.210715, 1637050609.5307372, 1637050609.8912272, 1637050610.1976814, 1637050610.4980974, 1637050610.8015482, 1637050611.0793087, 1637050623.4350019, 1637050623.7423813, 1637050624.055653, 1637050624.3791547, 1637050624.6942143, 1637050625.0351126, 1637050625.3943217, 1637050625.6922665, 1637050625.9992049, 1637050626.3065417, 1637050638.8201506, 1637050639.1197796, 1637050639.4122307, 1637050639.7229857, 