{"initial_reset_timestamp": 1636963796.4653108, "timestamps": [1636963796.8979623, 1636963797.128508, 1636963797.3522193, 1636963797.5926309, 1636963797.8310027, 1636963798.061159, 1636963798.2924178, 1636963802.2536423, 1636963802.4806623, 1636963802.712308, 1636963802.9757032, 1636963803.2073095, 1636963803.4403956, 1636963803.6745894, 1636963807.8798172, 1636963808.1100156, 1636963808.3363743, 1636963808.571046, 1636963808.8014638, 1636963809.0326302, 1636963809.2613218, 1636963813.4652925, 1636963813.7326663, 1636963813.9632044, 1636963814.196594, 1636963814.440103, 1636963814.6718848, 1636963814.9059677, 1636963818.9381638, 1636963819.1648674, 1636963819.395218, 1636963819.627069, 1636963819.858194, 1636963820.0899549, 1636963820.3529315, 1636963824.542024, 1636963824.7700007, 1636963824.9997196, 1636963825.228352, 1636963825.4581983, 1636963825.688094, 1636963825.9215112, 1636963830.1361501, 1636963830.3688812, 1636963830.59933, 1636963830.8303554, 1636963831.059534, 1636963831.2859538, 1636963831.5163372, 1636963835.7569094, 1636963836.0207887, 1636963836.2545114, 1636963836.4891675, 1636963836.724053, 1636963836.9729257, 1636963837.2020504, 1636963841.3227973, 1636963841.557201, 1636963841.7861745, 1636963842.020069, 1636963842.2805142, 1636963842.5114121, 1636963842.7399085, 1636963846.884774, 1636963847.1163294, 1636963847.3458633, 1636963847.5759962, 1636963847.804708, 1636963848.0325432, 1636963848.2667778, 1636963852.299696, 1636963852.5287516, 1636963852.7592626, 1636963852.9887908, 1636963853.221233, 1636963853.452037, 1636963853.6801116, 1636963862.9989798, 1636963863.2348127, 1636963863.4660385, 1636963863.692471, 1636963863.9198325, 1636963864.146873, 1636963864.3737237, 1636963873.5570617, 1636963873.7899296, 1636963874.0216424, 1636963874.2501566, 1636963874.480617, 1636963874.7096074, 1636963874.9403694, 1636963883.9520748, 1636963884.1776702, 1636963884.4037323, 1636963884.630683, 1636963884.8583765, 1636963885.0838165, 1636963885.3148265, 1636963894.5654147, 1636963894.8292503, 1636963895.0594635, 1636963895.2896729, 1636963895.5188549, 1636963895.7506132, 1636963895.9812365, 1636963905.0523868, 1636963905.2783391, 1636963905.5071871, 1636963905.7332616, 1636963905.9610975, 1636963906.2183475, 1636963906.446766, 1636963915.5264614, 1636963915.7527065, 1636963915.979176, 1636963916.205541, 1636963916.4321458, 1636963916.656546, 1636963916.8937166, 1636963926.0877302, 1636963926.3182726, 1636963926.5464737, 1636963926.7728877, 1636963927.011221, 1636963927.2388594, 1636963927.4662838, 1636963936.5202153, 1636963936.748355, 1636963936.999369, 1636963937.231112, 1636963937.459182, 1636963937.6905832, 1636963937.9229345, 1636963947.0006692, 1636963947.2297213, 1636963947.4588192, 1636963947.6879227, 1636963947.9192603, 1636963948.1461396, 1636963948.3737283, 1636963957.6525996, 1636963957.8884628, 1636963958.119086, 1636963958.3501465, 1636963958.5788763, 1636963958.809539, 1636963959.0409632, 1636963968.2973988, 1636963968.52478, 1636963968.7846503, 1636963969.0167613, 1636963969.246299, 1636963969.4762812, 1636963969.708058, 1636963978.8409703, 1636963979.0768354, 1636963979.3117352, 1636963979.5405767, 1636963979.7691898, 1636963979.99807, 1636963980.225434, 1636963989.4506202, 1636963989.6807535, 1636963989.9092188, 1636963990.137772, 1636963990.3706088, 1636963990.6052706, 1636963990.835068, 1636964000.0619266, 1636964000.2889056, 1636964000.5208108, 1636964000.7483215, 1636964000.9772847, 1636964001.2062974, 1636964001.4322977, 1636964010.571186, 1636964010.804625, 1636964011.036332, 1636964011.2629902, 1636964011.4906318, 1636964011.7181306, 1636964011.9437046, 1636964021.2186244, 1636964021.4442508, 1636964021.6704357, 1636964021.9091766, 1636964022.1380162, 1636964022.3686366, 1636964022.5987716, 1636964031.8381102, 1636964032.1049871, 1636964032.339757, 1636964032.5741458, 1636964032.808673, 1636964033.045148, 1636964033.278543, 1636964042.4408786, 1636964042.6764903, 1636964042.910248, 1636964043.1439457, 1636964043.3778846, 1636964043.6447556, 1636964043.8729966, 1636964053.1627753, 1636964053.3908186, 1636964053.6211114, 1636964053.8509495, 1636964054.0830414, 1636964054.314982, 1636964054.5456688, 1636964063.7514102, 1636964063.9834573, 1636964064.215048, 1636964064.4452665, 1636964064.6764812, 1636964064.9087043, 1636964065.1389956, 1636964074.3376827, 1636964074.5714653, 1636964074.7993944, 1636964075.0286703, 1636964075.2612586, 1636964075.4918637, 1636964075.726896, 1636964085.0263758, 1636964085.257653, 1636964085.4892867, 1636964085.721711, 1636964085.952736, 1636964086.1818838, 1636964086.4148834, 1636964095.70876, 1636964095.9363368, 1636964096.166139, 1636964096.3931546, 1636964096.6219904, 1636964096.8493237, 1636964097.1007164, 1636964106.203713, 1636964106.4298577, 1636964106.6890068, 1636964106.9316945, 1636964107.1625128, 1636964107.3965962, 1636964107.6378942, 1636964116.955315, 1636964117.1866992, 1636964117.4140656, 1636964117.643366, 1636964117.8735325, 1636964118.1049707, 1636964118.3665636, 1636964127.6489813, 1636964127.8832192, 1636964128.1128514, 1636964128.3401873, 1636964128.5796432, 1636964128.8061776, 1636964129.0341399, 1636964138.1935818, 1636964138.4246833, 1636964138.6505487, 1636964138.877803, 1636964139.1040418, 1636964139.3285503, 1636964139.5559437, 1636964148.8566058, 1636964149.0838637, 1636964149.3150902, 1636964149.5442042, 1636964149.7738655, 1636964150.0065114, 1636964150.2371123, 1636964159.5240433, 1636964159.7541454, 1636964159.9843252, 1636964160.2151618, 1636964160.4416666, 1636964160.668098, 1636964160.8941026, 1636964170.0131514, 1636964170.2387965, 1636964170.4614897, 1636964170.686977, 1636964170.9187403, 1636964171.1502419, 1636964171.3785124, 1636964180.4912941, 1636964180.7234778, 1636964180.9523778, 1636964181.2142367, 1636964181.4431508, 1636964181.671491, 1636964181.901994, 1636964191.0928018, 1636964191.3221447, 1636964191.549359, 1636964191.7800107, 1636964192.0133362, 1636964192.241202, 1636964192.5068147, 1636964201.5670443, 1636964201.7969224, 1636964202.028709, 1636964202.2605946, 1636964202.4957573, 1636964202.724649, 1636964202.9586167, 1636964212.190024, 1636964212.4167085, 1636964212.6447647, 1636964212.871981, 1636964213.103314, 1636964213.3324318, 1636964213.5588498, 1636964222.7732823, 1636964223.000263, 1636964223.227185, 1636964223.4553342, 1636964223.6823435, 1636964223.9100616, 1636964224.1370165, 1636964233.2098272, 1636964233.43673, 1636964233.66504, 1636964233.8925781, 1636964234.119961, 1636964234.3467157, 1636964234.5750933, 1636964243.8071623, 1636964244.0736623, 1636964244.3052511, 1636964244.5379288, 1636964244.7692454, 1636964245.0012684, 1636964245.232513, 1636964254.4795847, 1636964254.708015, 1636964254.9391253, 1636964255.1694405, 1636964255.4024377, 1636964255.6658435, 1636964255.8969686, 1636964265.026927, 1636964265.255572, 1636964265.48496, 1636964265.7144227, 1636964265.94334, 1636964266.171147, 1636964266.3978882],