{"initial_reset_timestamp": 1636963794.5591152, "timestamps": [1636963798.348392, 1636963798.6561263, 1636963799.1020172, 1636963799.519272, 1636963799.9493382, 1636963800.3721392, 1636963803.7611482, 1636963804.1519747, 1636963804.5386896, 1636963804.9333131, 1636963805.3056552, 1636963805.6975367, 1636963806.085159, 1636963809.4010422, 1636963809.8251019, 1636963810.2140896, 1636963810.6038034, 1636963810.9903398, 1636963811.379279, 1636963811.7615404, 1636963815.1241333, 1636963815.5264416, 1636963815.8792892, 1636963816.2650514, 1636963816.6785166, 1636963817.0801265, 1636963820.359824, 1636963820.7421918, 1636963821.1350753, 1636963821.547435, 1636963821.9338918, 1636963822.3176312, 1636963822.7214231, 1636963826.0060751, 1636963826.389071, 1636963826.7897089, 1636963827.1901162, 1636963827.5694902, 1636963827.8656833, 1636963828.2727585, 1636963831.586513, 1636963831.8798866, 1636963832.2616243, 1636963832.6587574, 1636963833.0664775, 1636963833.4760258, 1636963833.881807, 1636963837.2486942, 1636963837.6228306, 1636963838.006924, 1636963838.392384, 1636963838.778341, 1636963839.156486, 1636963839.5337734, 1636963842.851497, 1636963843.2347631, 1636963843.6189167, 1636963844.0099316, 1636963844.41822, 1636963844.7989476, 1636963845.1878586, 1636963848.4734013, 1636963848.8646178, 1636963849.2803576, 1636963849.661474, 1636963850.04176, 1636963850.4465718, 1636963853.8241062, 1636963854.9651048, 1636963856.117429, 1636963857.2649164, 1636963858.4232545, 1636963859.5986946, 1636963860.7501478, 1636963864.8434966, 1636963865.9750524, 1636963867.1453881, 1636963868.2884622, 1636963869.4441996, 1636963870.5476937, 1636963871.689363, 1636963875.7412765, 1636963876.8820837, 1636963878.024569, 1636963879.1711452, 1636963880.3100212, 1636963881.4172864, 1636963885.458516, 1636963886.6108332, 1636963887.7807891, 1636963888.922884, 1636963890.0763214, 1636963891.2176702, 1636963892.3563375, 1636963896.4572709, 1636963897.604029, 1636963898.7161427, 1636963899.8745718, 1636963901.0169797, 1636963902.1039793, 1636963903.1896148, 1636963907.2686083, 1636963908.4175966, 1636963909.5639255, 1636963910.711888, 1636963911.8659718, 1636963913.0146947, 1636963917.0323145, 1636963918.1982768, 1636963919.3347404, 1636963920.5181186, 1636963921.6555789, 1636963922.7925756, 1636963923.9348447, 1636963927.9216683, 1636963929.0076077, 1636963930.092157, 1636963931.2422233, 1636963932.393911, 1636963933.477108, 1636963934.6637204, 1636963938.7358527, 1636963939.8834088, 1636963941.030545, 1636963942.178292, 1636963943.3289425, 1636963944.4656377, 1636963948.5193722, 1636963949.6745372, 1636963950.8260634, 1636963951.9840882, 1636963953.1362844, 1636963954.278411, 1636963955.4199748, 1636963959.5199497, 1636963960.6629696, 1636963961.834789, 1636963962.972154, 1636963964.1102915, 1636963965.2567577, 1636963966.3947165, 1636963970.515098, 1636963971.670942, 1636963972.8309538, 1636963973.9696798, 1636963975.103327, 1636963976.2540076, 1636963980.366666, 1636963981.5379212, 1636963982.6666517, 1636963983.806412, 1636963984.95385, 1636963986.0913656, 1636963987.2431095, 1636963991.3081882, 1636963992.4594178, 1636963993.5961976, 1636963994.7378962, 1636963995.903767, 1636963997.0607703, 1636963998.205328, 1636964002.236214, 1636964003.37592, 1636964004.512279, 1636964005.654176, 1636964006.7975032, 1636964007.9528167, 1636964012.085477, 1636964013.220204, 1636964014.3733613, 1636964015.518779, 1636964016.6768136, 1636964017.8475208, 1636964018.9840102, 1636964023.0739684, 1636964024.230148, 1636964025.3628783, 1636964026.5061371, 1636964027.6624417, 1636964028.7935514, 1636964029.9363961, 1636964034.0789304, 1636964035.2075899, 1636964036.366112, 1636964037.5510008, 1636964038.7256489, 1636964039.8765392, 1636964044.017907, 1636964045.1830323, 1636964046.3177261, 1636964047.4799135, 1636964048.6318667, 1636964049.7897754, 1636964050.9396966, 1636964055.0260935, 1636964056.172051, 1636964057.3372955, 1636964058.5332685, 1636964059.6757483, 1636964060.7733374, 1636964061.8706167, 1636964065.9708078, 1636964067.1428683, 1636964068.2977254, 1636964069.438723, 1636964070.5712337, 1636964071.7878742, 1636964075.8708382, 1636964076.9875329, 1636964078.132937, 1636964079.2756572, 1636964080.4427428, 1636964081.6017022, 1636964082.7500212, 1636964086.9150364, 1636964088.061443, 1636964089.1996615, 1636964090.3497643, 1636964091.4986877, 1636964092.6401348, 1636964093.7793756, 1636964097.9192472, 1636964099.0485334, 1636964100.2029853, 1636964101.3695283, 1636964102.5162528, 1636964103.6566815, 1636964107.7793736, 1636964108.936379, 1636964110.0996962, 1636964111.2625797, 1636964112.4169338, 1636964113.530155, 1636964114.706845, 1636964118.8469112, 1636964119.999273, 1636964121.1422665, 1636964122.2903576, 1636964123.4250226, 1636964124.5608501, 1636964125.7104664, 1636964129.836836, 1636964130.970322, 1636964132.1646671, 1636964133.3106613, 1636964134.458173, 1636964135.6120472, 1636964139.6997447, 1636964140.8507497, 1636964142.012853, 1636964143.1734328, 1636964144.3302405, 1636964145.4615724, 1636964146.611617, 1636964150.7204978, 1636964151.86251, 1636964153.0157619, 1636964154.1542895, 1636964155.3005853, 1636964156.452144, 1636964157.6197782, 1636964161.6922977, 1636964162.841307, 1636964163.9929101, 1636964165.1491983, 1636964166.3002083, 1636964167.4498105, 1636964171.5233455, 1636964172.687804, 1636964173.799852, 1636964174.9114397, 1636964176.0369499, 1636964177.1827352, 1636964178.3319523, 1636964182.3826075, 1636964183.5314176, 1636964184.6758492, 1636964185.8160203, 1636964186.9741979, 1636964188.1273654, 1636964189.2668326, 1636964193.295874, 1636964194.4435432, 1636964195.5909123, 1636964196.7443385, 1636964197.9132211, 1636964199.0604227, 1636964203.1022484, 1636964204.2443163, 1636964205.3942955, 1636964206.5379102, 1636964207.685239, 1636964208.862969, 1636964210.017959, 1636964214.0305774, 1636964215.176671, 1636964216.3158135, 1636964217.4767969, 1636964218.610107, 1636964219.7482584, 1636964220.8846169, 1636964224.9418678, 1636964226.0800436, 1636964227.2335312, 1636964228.382553, 1636964229.5320683, 1636964230.6724164, 1636964234.7189937, 1636964235.870654, 1636964237.0434756, 1636964238.189373, 1636964239.333611, 1636964240.4765668, 1636964241.6206374, 1636964245.705392, 1636964246.8521917, 1636964248.01307, 1636964249.153822, 1636964250.3534763, 1636964251.5053763, 1636964252.6476753, 1636964256.715994, 1636964257.8811834, 1636964259.026109, 1636964260.1833925, 1636964261.3758647, 1636964262.5218706, 1636964266.5420272, 1636964267.6961234, 1636964268.8383205, 1636964270.0046544, 1636964271.1445558, 1636964272.2787375, 1636964273.4166741],