{"initial_reset_timestamp": 1637030238.658652, "timestamps": [1637030242.629729, 1637030242.9365451, 1637030243.393582, 1637030243.8355582, 1637030244.2552807, 1637030244.6984744, 1637030248.2657685, 1637030248.6741538, 1637030249.0891178, 1637030249.5105429, 1637030249.9280353, 1637030250.3596127, 1637030250.7709684, 1637030254.8408833, 1637030256.1786368, 1637030257.5068462, 1637030258.8434155, 1637030260.159783, 1637030261.4457905, 1637030262.7495534, 1637030267.218986, 1637030268.4733737, 1637030269.7517765, 1637030271.0377645, 1637030272.3337858, 1637030273.5913475, 1637030278.0136888, 1637030279.2833436, 1637030280.5599296, 1637030281.7963274, 1637030283.090048, 1637030284.3988495, 1637030285.7622004, 1637030290.3245835, 1637030291.576852, 1637030292.8508253, 1637030294.102772, 1637030295.4280274, 1637030296.713186, 1637030297.9985006, 1637030302.662838, 1637030303.9393282, 1637030305.2159479, 1637030306.422166, 1637030307.684197, 1637030308.9606771, 1637030313.396058, 1637030314.651944, 1637030315.9416823, 1637030317.221247, 1637030318.4921508, 1637030319.8192139, 1637030321.1392958, 1637030325.4774392, 1637030326.7593648, 1637030328.0525954, 1637030329.3392425, 1637030330.6279933, 1637030331.9264371, 1637030333.2105048, 1637030337.5515494, 1637030338.834343, 1637030340.1641257, 1637030341.4438457, 1637030342.7071085, 1637030344.0249488, 1637030348.4184957, 1637030349.7289019, 1637030351.0047216, 1637030352.295805, 1637030353.5729792, 1637030354.8556826, 1637030356.1239095, 1637030360.656477, 1637030362.029814, 1637030362.798813, 1637030363.3533595, 1637030364.6389844, 1637030365.935556, 1637030367.2547643, 1637030368.5559902, 1637030373.279649, 1637030374.5941374, 1637030375.8863788, 1637030377.1566534, 1637030378.4293277, 1637030379.6936202, 1637030384.2191138, 1637030385.4992871, 1637030386.7933967, 1637030388.0760121, 1637030389.3392007, 1637030390.6384823, 1637030391.9230776, 1637030396.3707852, 1637030397.6434207, 1637030398.9171932, 1637030400.2280746, 1637030401.526273, 1637030402.8117945, 1637030404.1321363, 1637030408.552609, 1637030409.8257916, 1637030411.182646, 1637030412.4816995, 1637030413.832234, 1637030415.116654, 1637030419.5029674, 1637030420.7987494, 1637030422.1474206, 1637030423.4541225, 1637030424.728319, 1637030426.0578053, 1637030427.406334, 1637030432.0516524, 1637030433.3470545, 1637030434.702653, 1637030436.0621521, 1637030437.4099634, 1637030438.7341757, 1637030440.1163502, 1637030444.7937632, 1637030446.1958272, 1637030447.4814665, 1637030448.746497, 1637030450.0136476, 1637030451.28882, 1637030455.7550726, 1637030457.0407481, 1637030458.297702, 1637030459.5786111, 1637030460.8654835, 1637030462.1213148, 1637030463.41821, 1637030467.8721359, 1637030469.1701558, 1637030470.44813, 1637030471.7169025, 1637030472.967724, 1637030474.2240303, 1637030475.4995463, 1637030480.298828, 1637030481.586973, 1637030482.8903627, 1637030484.1895957, 1637030485.5296812, 1637030486.810341, 1637030491.3330095, 1637030492.6356544, 1637030493.8998165, 1637030495.2270439, 1637030496.5075274, 1637030497.7338722, 1637030498.610027, 1637030499.891607, 1637030504.6161451, 1637030505.9600031, 1637030507.358086, 1637030508.6157186, 1637030509.869216, 1637030511.1575232, 1637030515.8409555, 1637030517.1130629, 1637030518.374149, 1637030519.6517153, 1637030520.9561403, 1637030522.3035111, 1637030523.598876, 1637030528.161519, 1637030529.4369993, 1637030530.8612978, 1637030532.126155, 1637030533.3926132, 1637030534.6416407, 1637030535.932441, 1637030540.482925, 1637030541.7590935, 1637030543.0580697, 1637030544.346122, 1637030545.6192322, 1637030546.8831837, 1637030551.481187, 1637030552.7764, 1637030554.0934608, 1637030555.3799202, 1637030556.6554565, 1637030557.927113, 1637030559.1871202, 1637030563.5633447, 1637030564.8221889, 1637030566.1117394, 1637030567.3964353, 1637030568.6513758, 1637030569.9322264, 1637030571.210192, 1637030575.62079, 1637030576.9429884, 1637030578.2183616, 1637030579.4793093, 1637030580.7611814, 1637030582.0385137, 1637030586.474585, 1637030587.7422147, 1637030589.0077708, 1637030590.2620199, 1637030591.5679252, 1637030592.8395593, 1637030594.10904, 1637030598.5816872, 1637030599.8588896, 1637030601.1391418, 1637030602.4274006, 1637030603.6949654, 1637030604.9662428, 1637030606.2178128, 1637030610.6971729, 1637030611.9620688, 1637030612.7981172, 1637030614.0435448, 1637030615.3127356, 1637030616.5805922, 1637030617.835693, 1637030622.4521735, 1637030623.7201881, 1637030625.0082955, 1637030626.288908, 1637030627.5642312, 1637030628.8360727, 1637030633.2753296, 1637030634.523943, 1637030635.8403761, 1637030637.1277866, 1637030638.3919718, 1637030639.6559443, 1637030640.9611251, 1637030645.5377035, 1637030646.8018813, 1637030648.071408, 1637030649.3727467, 1637030650.6790895, 1637030651.9801245, 1637030653.266159, 1637030657.8255432, 1637030659.1856327, 1637030660.5463135, 1637030661.9004457, 1637030663.2870188, 1637030664.6573198, 1637030669.250849, 1637030670.5406022, 1637030671.8683672, 1637030673.1668644, 1637030674.4911919, 1637030675.7900193, 1637030677.0527265, 1637030681.734866, 1637030683.003042, 1637030684.2767644, 1637030685.5883963, 1637030686.8676615, 1637030688.1323178, 1637030689.477814, 1637030694.2894645, 1637030695.5937164, 1637030696.898278, 1637030698.167233, 1637030699.4451513, 1637030700.7346292, 1637030705.554839, 1637030706.8411036, 1637030708.154354, 1637030709.567473, 1637030710.962348, 1637030712.2627213, 1637030713.548033, 1637030718.2330232, 1637030719.6476836, 1637030720.9951665, 1637030722.293824, 1637030723.571793, 1637030724.8469498, 1637030726.167256, 1637030730.638511, 1637030731.9290235, 1637030733.23654, 1637030734.4792883, 1637030735.897077, 1637030737.2175255, 1637030741.7170591, 1637030743.0294945, 1637030744.3473566, 1637030745.6455832, 1637030746.9505346, 1637030748.2535655, 1637030749.5091496, 1637030754.0168018, 1637030755.342322, 1637030756.7015092, 1637030757.9952095, 1637030759.287932, 1637030760.617012, 1637030761.9067967, 1637030765.9004524, 1637030767.2790232, 1637030768.6636434, 1637030769.9284341, 1637030771.2139401, 1637030772.5317078, 1637030773.8631237, 1637030778.6350543, 1637030779.897783, 1637030781.1902382, 1637030782.4794936, 1637030783.7677526, 1637030785.0925703, 1637030786.3757825, 1637030791.0299425, 1637030792.3166735, 1637030793.5951538, 1637030794.8910737, 1637030796.2647014, 1637030797.631217, 1637030802.4104743, 1637030803.7070332, 1637030805.055869, 1637030806.3835654, 1637030807.734236, 1637030809.014622, 1637030810.28358, 1637030815.0871935, 1637030816.396588, 1637030817.693747, 1637030819.0168183, 1637030820.3006637, 1637030821.6206362],