{"initial_reset_timestamp": 1637030240.6524436, "timestamps": [1637030241.080873, 1637030241.3219905, 1637030241.5627089, 1637030241.8130934, 1637030242.065881, 1637030242.3249705, 1637030242.5701852, 1637030246.664948, 1637030246.912881, 1637030247.1598198, 1637030247.4361565, 1637030247.6759293, 1637030247.922993, 1637030248.190083, 1637030252.6999824, 1637030252.9419253, 1637030253.1862528, 1637030253.4284797, 1637030253.6697125, 1637030253.9122667, 1637030254.161181, 1637030264.623873, 1637030264.883596, 1637030265.1346712, 1637030265.3905876, 1637030265.6465325, 1637030265.9150782, 1637030266.1750424, 1637030276.2167995, 1637030276.4607232, 1637030276.699977, 1637030276.957111, 1637030277.2231982, 1637030277.4620204, 1637030277.7, 1637030288.0282655, 1637030288.271274, 1637030288.524796, 1637030288.7963727, 1637030289.0664544, 1637030289.3433585, 1637030289.6209002, 1637030299.910616, 1637030300.156765, 1637030300.4089818, 1637030300.6619408, 1637030300.9207976, 1637030301.191922, 1637030301.479794, 1637030311.6171582, 1637030311.9045746, 1637030312.1587124, 1637030312.4036772, 1637030312.653635, 1637030312.9070947, 1637030313.1587732, 1637030323.4228876, 1637030323.6695702, 1637030323.9077697, 1637030324.1524231, 1637030324.434617, 1637030324.677638, 1637030324.9333987, 1637030335.2556746, 1637030335.494185, 1637030335.721387, 1637030335.9575586, 1637030336.1919491, 1637030336.4213555, 1637030336.6472514, 1637030346.7626336, 1637030347.0128508, 1637030347.265767, 1637030347.5143104, 1637030347.7622044, 1637030348.0091434, 1637030348.2486494, 1637030358.5227296, 1637030358.781861, 1637030359.033945, 1637030359.3077934, 1637030359.5607738, 1637030359.8066056, 1637030360.0557978, 1637030370.8761704, 1637030371.1645644, 1637030371.430712, 1637030371.6918287, 1637030371.9904606, 1637030372.25529, 1637030372.5048265, 1637030382.7327964, 1637030382.9779067, 1637030383.2170653, 1637030383.4650233, 1637030383.711268, 1637030383.9533274, 1637030384.2088242, 1637030394.4047499, 1637030394.6869469, 1637030394.938715, 1637030395.1977086, 1637030395.4805264, 1637030395.7292798, 1637030395.9794965, 1637030406.232641, 1637030406.490768, 1637030406.7492626, 1637030406.99717, 1637030407.283766, 1637030407.527703, 1637030407.7847888, 1637030417.9604464, 1637030418.2206485, 1637030418.4882977, 1637030418.7301922, 1637030418.98343, 1637030419.2387247, 1637030419.4923162, 1637030430.0501404, 1637030430.3113794, 1637030430.5876217, 1637030430.8580697, 1637030431.1240702, 1637030431.3784437, 1637030431.6484766, 1637030442.342178, 1637030442.5905511, 1637030442.8401496, 1637030443.125608, 1637030443.405393, 1637030443.6670604, 1637030443.9287941, 1637030454.2444994, 1637030454.4986465, 1637030454.7440803, 1637030455.0056765, 1637030455.2559536, 1637030455.498344, 1637030455.7442877, 1637030466.0048418, 1637030466.2633471, 1637030466.5125322, 1637030466.7534323, 1637030467.0000968, 1637030467.2465432, 1637030467.4940143, 1637030477.8199441, 1637030478.101689, 1637030478.4266257, 1637030478.7044973, 1637030478.9823964, 1637030479.257954, 1637030479.530103, 1637030489.7529287, 1637030490.0038013, 1637030490.2513506, 1637030490.5272708, 1637030490.778688, 1637030491.034285, 1637030491.3228478, 1637030501.8710196, 1637030502.1210792, 1637030502.3967078, 1637030502.6522331, 1637030502.921624, 1637030503.1870282, 1637030503.4544914, 1637030513.9497983, 1637030514.219069, 1637030514.4878988, 1637030514.742045, 1637030515.0128005, 1637030515.2563434, 1637030515.5072079, 1637030525.9003782, 1637030526.1655223, 1637030526.4151297, 1637030526.6638377, 1637030526.9134765, 1637030527.1616323, 1637030527.4193246, 1637030537.926029, 1637030538.1713448, 1637030538.4028006, 1637030538.6453903, 1637030538.8970084, 1637030539.146036, 1637030539.3970115, 1637030549.603595, 1637030549.8515472, 1637030550.1047885, 1637030550.3755472, 1637030550.62407, 1637030550.8818715, 1637030551.1392663, 1637030561.3513749, 1637030561.5980778, 1637030561.8737984, 1637030562.1190841, 1637030562.38775, 1637030562.625586, 1637030562.8687265, 1637030573.020999, 1637030573.2652812, 1637030573.5104668, 1637030573.7536604, 1637030574.014757, 1637030574.2669914, 1637030574.541145, 1637030584.6336606, 1637030584.8937812, 1637030585.143801, 1637030585.3927784, 1637030585.6372757, 1637030585.8840103, 1637030586.132106, 1637030596.3436985, 1637030596.5900111, 1637030596.8510635, 1637030597.1035964, 1637030597.3608968, 1637030597.6145616, 1637030597.8642604, 1637030608.1133847, 1637030608.3654797, 1637030608.612747, 1637030608.8595035, 1637030609.1056936, 1637030609.3502836, 1637030609.602746, 1637030619.8062031, 1637030620.0647755, 1637030620.344786, 1637030620.6133227, 1637030620.8851554, 1637030621.1495059, 1637030621.4125977, 1637030631.555146, 1637030631.8019037, 1637030632.0433948, 1637030632.2981818, 1637030632.5426557, 1637030632.784206, 1637030633.027813, 1637030643.3476405, 1637030643.593515, 1637030643.8487964, 1637030644.1430063, 1637030644.3903034, 1637030644.6378489, 1637030644.9020126, 1637030655.254752, 1637030655.5174944, 1637030655.7769597, 1637030656.0271878, 1637030656.275522, 1637030656.5307999, 1637030656.8193305, 1637030667.4617374, 1637030667.7116942, 1637030667.9725983, 1637030668.2411795, 1637030668.5035152, 1637030668.7509952, 1637030668.9985945, 1637030679.5916204, 1637030679.8466163, 1637030680.0919468, 1637030680.3669636, 1637030680.6216652, 1637030680.8777077, 1637030681.124998, 1637030691.691186, 1637030691.9736104, 1637030692.2678342, 1637030692.519978, 1637030692.7694879, 1637030693.02568, 1637030693.287587, 1637030703.595502, 1637030703.8735578, 1637030704.1587417, 1637030704.438033, 1637030704.7154431, 1637030705.0259817, 1637030705.3045485, 1637030716.0048914, 1637030716.2557542, 1637030716.515153, 1637030716.784658, 1637030717.046599, 1637030717.320873, 1637030717.5882025, 1637030728.122356, 1637030728.3655121, 1637030728.606412, 1637030728.8871932, 1637030729.1309593, 1637030729.3818014, 1637030729.6353457, 1637030739.9479423, 1637030740.1973112, 1637030740.4433577, 1637030740.6908345, 1637030740.9677808, 1637030741.2233458, 1637030741.4761717, 1637030751.871847, 1637030752.1223626, 1637030752.391644, 1637030752.645501, 1637030752.8935888, 1637030753.144103, 1637030753.4007258, 1637030763.9768684, 1637030764.2231987, 1637030764.4816005, 1637030764.7286322, 1637030764.979013, 1637030765.2252352, 1637030765.5133607, 1637030776.268681, 1637030776.5476778, 1637030776.8299608, 1637030777.1167946, 1637030777.385486, 1637030777.639357, 1637030777.8936281, 1637030788.3647463, 1637030788.6444657, 1637030788.915336, 1637030789.1736434, 1637030789.4223468, 1637030789.674744, 1637030789.9177163, 1637030800.4411683, 1637030800.7133324, 1637030800.9784014, 1637030801.2441566, 1637030801.5015526, 1637030801.7592235, 1637030802.0159488, 1637030812.7719061, 1637030813.0446262, 1637030813.3053985, 1637030813.5927527, 1637030813.8412118, 1637030814.094086, 1637030814.3443944],