{"initial_reset_timestamp": 1637026683.849387, "timestamps": [1637026687.939654, 1637026688.2889807, 1637026688.7845354, 1637026689.2617414, 1637026689.6990483, 1637026690.1619568, 1637026694.0213332, 1637026694.4986424, 1637026694.9327562, 1637026695.400806, 1637026695.824041, 1637026696.249114, 1637026696.6778755, 1637026701.0468934, 1637026702.6306229, 1637026704.0247478, 1637026705.3902617, 1637026706.7176611, 1637026708.0468733, 1637026709.3732438, 1637026714.077051, 1637026715.4174182, 1637026716.7527235, 1637026718.130804, 1637026719.52521, 1637026720.8906865, 1637026725.5506234, 1637026726.9004557, 1637026728.2566483, 1637026729.601085, 1637026730.9624646, 1637026731.5459046, 1637026732.8449986, 1637026737.4557345, 1637026738.848959, 1637026740.204483, 1637026741.5895252, 1637026742.9326704, 1637026744.2891285, 1637026745.6935136, 1637026750.433458, 1637026751.783874, 1637026753.1642735, 1637026754.5441065, 1637026755.8857985, 1637026757.2855396, 1637026758.6104941, 1637026763.3498209, 1637026764.7173908, 1637026766.0711777, 1637026767.427737, 1637026768.7794962, 1637026770.124723, 1637026774.965355, 1637026776.3307507, 1637026777.6909144, 1637026779.0457149, 1637026780.4197602, 1637026781.8041494, 1637026783.216774, 1637026787.874172, 1637026789.2234583, 1637026790.6387618, 1637026791.9855413, 1637026793.4204342, 1637026794.7736819, 1637026796.1373482, 1637026800.6694705, 1637026802.0120647, 1637026803.3470535, 1637026804.6856875, 1637026806.0220158, 1637026807.4310532, 1637026812.1532972, 1637026813.4778059, 1637026814.8118377, 1637026816.151625, 1637026817.5299006, 1637026818.900059, 1637026820.253123, 1637026821.1288557, 1637026825.7438462, 1637026827.0827103, 1637026828.4303393, 1637026829.7540042, 1637026831.0770628, 1637026832.429158, 1637026837.2718012, 1637026838.5193498, 1637026839.8102863, 1637026841.1613832, 1637026842.4930425, 1637026843.8225727, 1637026845.1545067, 1637026849.8989942, 1637026851.3360686, 1637026852.769005, 1637026854.1323802, 1637026855.5366611, 1637026856.943081, 1637026858.3216028, 1637026863.1430902, 1637026864.511997, 1637026865.9028687, 1637026867.2943094, 1637026868.820378, 1637026870.26565, 1637026874.571812, 1637026875.84341, 1637026877.10552, 1637026878.3945413, 1637026879.8793037, 1637026881.1850858, 1637026882.6514008, 1637026887.2750416, 1637026888.6536376, 1637026890.0244126, 1637026891.414096, 1637026892.7531083, 1637026894.1126018, 1637026895.4947164, 1637026900.0699704, 1637026901.429502, 1637026902.7591143, 1637026904.0812666, 1637026905.560714, 1637026907.060895, 1637026912.124306, 1637026913.609422, 1637026915.0629914, 1637026916.510741, 1637026917.9962487, 1637026919.434103, 1637026921.0044217, 1637026926.2639873, 1637026927.7584465, 1637026929.2407985, 1637026930.745788, 1637026932.2705514, 1637026933.7831056, 1637026935.2698286, 1637026940.4423954, 1637026942.1131995, 1637026943.7281542, 1637026945.2398262, 1637026946.8635817, 1637026948.3442214, 1637026954.4989262, 1637026956.2131984, 1637026957.8224008, 1637026959.4887106, 1637026961.050123, 1637026962.5397246, 1637026964.0473201, 1637026969.7734108, 1637026971.449121, 1637026972.9690228, 1637026974.612598, 1637026976.1934767, 1637026977.7095304, 1637026979.1915622, 1637026984.2842834, 1637026985.7487483, 1637026987.199018, 1637026988.6296868, 1637026990.0619926, 1637026991.5053945, 1637026996.67923, 1637026998.064956, 1637026999.590476, 1637027001.129494, 1637027002.5671546, 1637027004.1120093, 1637027005.5835366, 1637027010.7814603, 1637027012.288096, 1637027013.7741654, 1637027015.2182486, 1637027016.7479944, 1637027018.2709918, 1637027019.7612853, 1637027024.920751, 1637027026.4347024, 1637027027.8066308, 1637027029.2277622, 1637027030.7437308, 1637027032.2049556, 1637027037.1669052, 1637027038.6461866, 1637027040.1014612, 1637027041.619411, 1637027043.0646384, 1637027044.5019696, 1637027045.9510486, 1637027050.9419394, 1637027052.3928409, 1637027053.853242, 1637027055.3139381, 1637027056.8352525, 1637027058.3796158, 1637027059.881766, 1637027064.9184387, 1637027066.4836407, 1637027067.9492705, 1637027069.4510095, 1637027070.984955, 1637027072.5072165, 1637027077.4367707, 1637027078.940897, 1637027080.4765599, 1637027081.9739254, 1637027083.4703667, 1637027084.9514947, 1637027086.4152026, 1637027091.9196906, 1637027093.5221612, 1637027095.0289881, 1637027096.3464293, 1637027097.622587, 1637027098.879365, 1637027100.182059, 1637027105.7313278, 1637027107.2625988, 1637027108.8295581, 1637027110.356599, 1637027111.9006376, 1637027113.5242643, 1637027119.081309, 1637027120.7032654, 1637027122.3373635, 1637027124.0556479, 1637027125.7338276, 1637027127.2709494, 1637027128.7474144, 1637027133.812269, 1637027135.4882975, 1637027137.1185722, 1637027138.8206453, 1637027140.5712159, 1637027142.1958477, 1637027143.7888238, 1637027149.363268, 1637027151.0541542, 1637027152.5470736, 1637027154.0366654, 1637027155.9674246, 1637027158.1041276, 1637027164.6085644, 1637027166.3652854, 1637027168.0002, 1637027169.487851, 1637027171.013669, 1637027172.5879645, 1637027174.187322, 1637027179.5125232, 1637027181.026817, 1637027182.6511211, 1637027184.2858868, 1637027186.0065575, 1637027187.645245, 1637027189.2504842, 1637027194.9743314, 1637027196.5326273, 1637027198.074921, 1637027199.59672, 1637027201.1904743, 1637027202.7170408, 1637027208.118974, 1637027209.7076654, 1637027211.2699947, 1637027212.777823, 1637027214.2152143, 1637027215.7280645, 1637027217.218053, 1637027222.4785776, 1637027224.159507, 1637027225.7708626, 1637027227.277557, 1637027228.7786965, 1637027230.6683288, 1637027232.443689, 1637027237.9162116, 1637027239.5734403, 1637027241.349941, 1637027242.9320872, 1637027244.6294107, 1637027246.227719, 1637027252.1667144, 1637027253.7263324, 1637027255.4090514, 1637027256.966519, 1637027258.6680238, 1637027260.4100633, 1637027262.011176, 1637027267.6437554, 1637027269.179435, 1637027270.7675831, 1637027272.3675416, 1637027273.8835125, 1637027275.4153118, 1637027276.9067845, 1637027282.1659598, 1637027283.6495373, 1637027285.35624, 1637027287.076941, 1637027288.7324657, 1637027290.5064154, 1637027296.9647331, 1637027298.6419299, 1637027300.3630984, 1637027301.9774973, 1637027303.6194823, 1637027305.2306576, 1637027306.8370173, 1637027312.3587482, 1637027313.9444203, 1637027315.5973709, 1637027317.1473, 1637027318.7140677, 1637027320.3032577, 1637027321.8586395, 1637027329.15439, 1637027330.829098, 1637027332.4189517, 1637027333.9132612, 1637027335.3932993, 1637027336.8580852, 1637027341.900591, 1637027343.3038983, 1637027344.7816842, 1637027346.208227, 1637027347.574962, 1637027348.9934287, 1637027350.4409878],