{"initial_reset_timestamp": 1637026685.8388739, "timestamps": [1637026686.312238, 1637026686.577835, 1637026686.8350792, 1637026687.087583, 1637026687.3539336, 1637026687.609427, 1637026687.8773618, 1637026692.2443752, 1637026692.5030723, 1637026692.7541957, 1637026693.0569127, 1637026693.3647194, 1637026693.6435068, 1637026693.923007, 1637026698.6422272, 1637026698.9044185, 1637026699.1832943, 1637026699.4517038, 1637026699.7181056, 1637026699.9794981, 1637026700.2475367, 1637026711.2855468, 1637026711.5535045, 1637026711.83994, 1637026712.1086886, 1637026712.3915727, 1637026712.652672, 1637026712.9136133, 1637026723.569008, 1637026723.84019, 1637026724.1042154, 1637026724.3669636, 1637026724.6331913, 1637026724.8995397, 1637026725.1598952, 1637026735.8967514, 1637026736.157398, 1637026736.4127398, 1637026736.6731396, 1637026736.9308128, 1637026737.188954, 1637026737.4514358, 1637026748.362879, 1637026748.6296422, 1637026748.8973281, 1637026749.204533, 1637026749.4735227, 1637026749.7419715, 1637026750.0317202, 1637026761.0058646, 1637026761.2542331, 1637026761.5004056, 1637026761.7668333, 1637026762.0254605, 1637026762.2788098, 1637026762.5318565, 1637026773.328573, 1637026773.5841668, 1637026773.8451343, 1637026774.1121292, 1637026774.4476385, 1637026774.702551, 1637026774.959931, 1637026785.9929864, 1637026786.239421, 1637026786.4893496, 1637026786.7407641, 1637026786.9909253, 1637026787.2391555, 1637026787.4895625, 1637026798.3380063, 1637026798.5848656, 1637026798.839962, 1637026799.0905097, 1637026799.3402028, 1637026799.5845878, 1637026799.8323743, 1637026810.6531558, 1637026810.9018564, 1637026811.1531434, 1637026811.403452, 1637026811.6532671, 1637026811.9029942, 1637026812.1506197, 1637026823.0996542, 1637026823.3590086, 1637026823.60089, 1637026823.848942, 1637026824.0950155, 1637026824.34636, 1637026824.603928, 1637026835.221226, 1637026835.6553195, 1637026835.9160714, 1637026836.1800144, 1637026836.4429948, 1637026836.7188296, 1637026836.9631522, 1637026847.5646987, 1637026847.8670282, 1637026848.1189609, 1637026848.3704095, 1637026848.6244133, 1637026848.8938904, 1637026849.1574197, 1637026860.421929, 1637026860.6757894, 1637026860.9334161, 1637026861.1917236, 1637026861.4992118, 1637026861.754955, 1637026862.0166001, 1637026872.8240185, 1637026873.0606172, 1637026873.306183, 1637026873.549449, 1637026873.7823465, 1637026874.0218515, 1637026874.2606986, 1637026885.051096, 1637026885.2981064, 1637026885.5585096, 1637026885.811712, 1637026886.059483, 1637026886.3108742, 1637026886.5616548, 1637026897.4483912, 1637026897.700061, 1637026897.9431536, 1637026898.200323, 1637026898.468757, 1637026898.721549, 1637026898.9668913, 1637026910.185565, 1637026910.466424, 1637026910.7297287, 1637026910.9826555, 1637026911.2540183, 1637026911.5151942, 1637026911.7850156, 1637026923.5638244, 1637026923.873664, 1637026924.163132, 1637026924.4826117, 1637026924.8013582, 1637026925.1079519, 1637026925.442051, 1637026937.4247313, 1637026937.6919367, 1637026938.0141046, 1637026938.290328, 1637026938.5786047, 1637026938.851187, 1637026939.1322522, 1637026952.0411525, 1637026952.3519845, 1637026952.6645818, 1637026953.0429742, 1637026953.4284236, 1637026953.7580776, 1637026954.0823088, 1637026967.2642767, 1637026967.5511198, 1637026967.8290563, 1637026968.1031752, 1637026968.3805776, 1637026968.6592164, 1637026968.9314482, 1637026981.395727, 1637026981.660983, 1637026981.971287, 1637026982.2317836, 1637026982.5069377, 1637026982.7836688, 1637026983.0535727, 1637026994.6791909, 1637026994.9569387, 1637026995.223049, 1637026995.5053883, 1637026995.7892683, 1637026996.071587, 1637026996.3288558, 1637027008.2706516, 1637027008.5547874, 1637027008.8755307, 1637027009.1489513, 1637027009.4216294, 1637027009.6903741, 1637027009.9433002, 1637027021.9276495, 1637027022.2239923, 1637027022.488192, 1637027022.7925086, 1637027023.0554385, 1637027023.3452146, 1637027023.613398, 1637027035.152801, 1637027035.4160948, 1637027035.6759675, 1637027035.9614675, 1637027036.2293444, 1637027036.5269701, 1637027036.7993655, 1637027048.5185325, 1637027048.82831, 1637027049.082104, 1637027049.3390765, 1637027049.6037278, 1637027049.8909292, 1637027050.1543329, 1637027061.9625983, 1637027062.233775, 1637027062.5153604, 1637027062.8199303, 1637027063.0892875, 1637027063.4075232, 1637027063.680236, 1637027075.4263666, 1637027075.6891904, 1637027075.949292, 1637027076.2065866, 1637027076.479334, 1637027076.7339587, 1637027077.0263026, 1637027089.3052435, 1637027089.601234, 1637027089.915499, 1637027090.2346117, 1637027090.518096, 1637027090.7981865, 1637027091.067964, 1637027102.3610697, 1637027102.6852536, 1637027103.0226264, 1637027103.358045, 1637027103.6947699, 1637027103.9972863, 1637027104.2859387, 1637027116.7499025, 1637027117.057336, 1637027117.3919215, 1637027117.7446148, 1637027118.0539286, 1637027118.3643825, 1637027118.6697223, 1637027131.3439171, 1637027131.597061, 1637027131.85441, 1637027132.1102104, 1637027132.4042518, 1637027132.6682494, 1637027133.0008636, 1637027146.069234, 1637027146.3559825, 1637027146.6637964, 1637027146.9717028, 1637027147.2781157, 1637027147.5979643, 1637027147.9644418, 1637027162.2607505, 1637027162.5623915, 1637027162.8637803, 1637027163.1794908, 1637027163.6276636, 1637027163.9276237, 1637027164.2225769, 1637027177.0125823, 1637027177.2913945, 1637027177.5745327, 1637027177.843981, 1637027178.145201, 1637027178.4024851, 1637027178.6977699, 1637027191.7343607, 1637027192.0441725, 1637027192.3297923, 1637027192.6289737, 1637027192.9420726, 1637027193.2731547, 1637027193.6076903, 1637027205.8922992, 1637027206.251355, 1637027206.5472732, 1637027206.859998, 1637027207.1522639, 1637027207.4501972, 1637027207.7528763, 1637027219.7781758, 1637027220.097642, 1637027220.4236126, 1637027220.6989155, 1637027221.0395536, 1637027221.3354151, 1637027221.6159968, 1637027234.7514746, 1637027235.03929, 1637027235.3741324, 1637027235.6724124, 1637027235.9964716, 1637027236.303807, 1637027236.6124969, 1637027249.8187587, 1637027250.2102618, 1637027250.5301948, 1637027250.8386045, 1637027251.1323223, 1637027251.448859, 1637027251.74091, 1637027264.8955426, 1637027265.1888452, 1637027265.5665133, 1637027265.875722, 1637027266.1746998, 1637027266.4819775, 1637027266.7843084, 1637027279.42859, 1637027279.7327302, 1637027280.0139763, 1637027280.3108172, 1637027280.6056545, 1637027280.8646514, 1637027281.1077971, 1637027294.4451413, 1637027294.7902446, 1637027295.1011283, 1637027295.4808016, 1637027295.840091, 1637027296.19269, 1637027296.5502896, 1637027309.7857401, 1637027310.083078, 1637027310.4113302, 1637027310.6959298, 1637027310.9734426, 1637027311.243191, 1637027311.5448353, 1637027324.959368, 1637027325.6414773, 1637027326.0449264, 1637027326.4241796, 1637027326.7496383, 1637027327.1076264, 1637027327.4685156, 1637027339.8284273, 1637027340.1010485, 1637027340.4511352, 1637027340.745514, 1637027341.0226188, 1637027341.3090014, 1637027341.561086],