{"initial_reset_timestamp": 1637024525.7468958, "timestamps": [1637024529.527741, 1637024529.8325589, 1637024530.251525, 1637024530.6925237, 1637024531.0986462, 1637024531.497418, 1637024534.9417198, 1637024535.3319206, 1637024535.7397194, 1637024536.1333735, 1637024536.539564, 1637024536.9415495, 1637024537.3439777, 1637024541.3003142, 1637024542.5799432, 1637024543.8439815, 1637024545.0904357, 1637024546.3214602, 1637024547.5706406, 1637024548.8034182, 1637024553.1206992, 1637024554.3549623, 1637024555.583999, 1637024556.850284, 1637024558.1217468, 1637024559.373632, 1637024559.7775984, 1637024564.1458392, 1637024565.393463, 1637024566.6533942, 1637024567.890367, 1637024569.1552396, 1637024570.4497552, 1637024571.7022603, 1637024576.5842319, 1637024578.1975615, 1637024579.5894728, 1637024580.9092228, 1637024582.1455977, 1637024583.4117668, 1637024588.0217638, 1637024589.282628, 1637024590.547468, 1637024591.8365834, 1637024593.1354363, 1637024594.425069, 1637024595.6822174, 1637024600.1816936, 1637024601.4668708, 1637024602.7453218, 1637024604.0016115, 1637024605.2930229, 1637024606.6082664, 1637024607.9234548, 1637024612.2713382, 1637024613.596311, 1637024615.020131, 1637024616.3096747, 1637024617.5831208, 1637024618.9507258, 1637024623.2987857, 1637024624.6300638, 1637024625.944734, 1637024627.204845, 1637024628.4745924, 1637024629.5937319, 1637024630.8652272, 1637024635.2237737, 1637024636.4846416, 1637024637.762003, 1637024639.0526083, 1637024640.3241403, 1637024641.6228907, 1637024642.8673952, 1637024647.4864635, 1637024648.7312155, 1637024650.0604565, 1637024651.3164623, 1637024652.5582786, 1637024653.835326, 1637024655.072445, 1637024659.4266264, 1637024660.6626687, 1637024661.9104831, 1637024663.2775326, 1637024664.527906, 1637024665.8077898, 1637024670.2132046, 1637024671.4785793, 1637024672.730173, 1637024673.9548202, 1637024675.1902878, 1637024676.4394534, 1637024677.7288864, 1637024682.0003712, 1637024683.238566, 1637024684.4722867, 1637024685.709953, 1637024686.9961812, 1637024688.277074, 1637024689.5298097, 1637024693.9437964, 1637024695.1983821, 1637024696.4735332, 1637024697.9172273, 1637024699.4729562, 1637024700.8605347, 1637024705.4177644, 1637024706.6808488, 1637024707.9453673, 1637024709.1919413, 1637024710.4272513, 1637024711.730617, 1637024713.1494012, 1637024717.7246845, 1637024719.0470915, 1637024720.3475327, 1637024721.7614489, 1637024723.2654402, 1637024724.6721632, 1637024725.9704132, 1637024730.358693, 1637024731.6442924, 1637024732.903613, 1637024734.1894605, 1637024735.4877944, 1637024736.7613447, 1637024741.281753, 1637024742.5623267, 1637024743.8409224, 1637024745.1366944, 1637024746.4382477, 1637024747.716242, 1637024748.9797018, 1637024753.772953, 1637024755.050467, 1637024756.3543131, 1637024757.6198976, 1637024759.0064256, 1637024760.386712, 1637024761.6543875, 1637024766.215436, 1637024767.5536776, 1637024768.8442433, 1637024770.1569126, 1637024771.45158, 1637024772.7278538, 1637024777.1719615, 1637024778.3917556, 1637024779.6862128, 1637024780.9677687, 1637024782.302245, 1637024783.576315, 1637024784.8307252, 1637024789.6049676, 1637024790.85903, 1637024792.1495037, 1637024793.4485447, 1637024794.702223, 1637024795.9849117, 1637024797.2850645, 1637024801.9981291, 1637024803.2929924, 1637024804.6033382, 1637024805.875941, 1637024807.4581752, 1637024808.749314, 1637024813.6545975, 1637024814.926272, 1637024816.2261057, 1637024817.51101, 1637024818.80046, 1637024820.081693, 1637024821.3315601, 1637024825.937858, 1637024827.1847382, 1637024828.521782, 1637024829.8172753, 1637024831.0873537, 1637024832.3885667, 1637024833.688179, 1637024839.465145, 1637024840.760825, 1637024842.0186422, 1637024843.3052046, 1637024844.5582318, 1637024845.8165572, 1637024851.6600835, 1637024852.9082136, 1637024854.1644356, 1637024855.448416, 1637024856.7655025, 1637024857.9910827, 1637024859.240317, 1637024864.6104527, 1637024865.8787043, 1637024867.1197333, 1637024868.427211, 1637024869.715371, 1637024870.9592216, 1637024872.228069, 1637024876.629075, 1637024877.8999012, 1637024879.1802578, 1637024880.4572198, 1637024881.7408974, 1637024883.0201907, 1637024887.4644485, 1637024888.7771852, 1637024890.1487007, 1637024891.4607432, 1637024892.7906485, 1637024894.1122453, 1637024895.3987942, 1637024899.7578752, 1637024901.0342724, 1637024902.3214555, 1637024903.5878003, 1637024904.8809366, 1637024906.2126584, 1637024907.4908838, 1637024911.8786898, 1637024913.1794987, 1637024914.4972034, 1637024915.7686744, 1637024917.2336078, 1637024918.5903904, 1637024922.9718177, 1637024924.2589524, 1637024925.5711641, 1637024926.859532, 1637024928.124393, 1637024929.3993058, 1637024930.649059, 1637024935.953506, 1637024937.2411208, 1637024938.5188243, 1637024939.805293, 1637024941.0663586, 1637024942.3807118, 1637024943.647317, 1637024950.3166442, 1637024951.5760434, 1637024952.8139904, 1637024954.0788262, 1637024955.3249938, 1637024956.5737941, 1637024961.445632, 1637024962.7395604, 1637024963.9833636, 1637024965.2403467, 1637024966.4902158, 1637024967.737444, 1637024968.9884434, 1637024973.6293993, 1637024974.863728, 1637024976.114329, 1637024977.4306672, 1637024978.6818078, 1637024979.9461634, 1637024981.2587159, 1637024987.811288, 1637024989.1812277, 1637024990.5203762, 1637024991.8735754, 1637024993.2490082, 1637024994.6080656, 1637024999.8672059, 1637025001.1577382, 1637025002.410051, 1637025003.6742895, 1637025004.937924, 1637025006.2026105, 1637025007.4995203, 1637025012.9327981, 1637025014.2166514, 1637025015.4648924, 1637025016.73752, 1637025018.0087461, 1637025019.2427227, 1637025020.518448, 1637025024.8598082, 1637025026.0985212, 1637025027.356892, 1637025028.627404, 1637025029.8935845, 1637025031.2042115, 1637025035.605803, 1637025036.8796523, 1637025038.1678832, 1637025039.4720752, 1637025040.8233867, 1637025042.1425817, 1637025043.4656062, 1637025048.7401114, 1637025050.0659559, 1637025051.4104877, 1637025052.869715, 1637025054.1997275, 1637025055.535136, 1637025056.928218, 1637025062.8689961, 1637025064.1329284, 1637025065.3845124, 1637025066.6680741, 1637025067.93344, 1637025069.1901526, 1637025075.7623549, 1637025077.0782993, 1637025078.3596551, 1637025079.6210814, 1637025080.9108582, 1637025082.161458, 1637025083.4307063, 1637025090.1123943, 1637025091.4322066, 1637025092.7430801, 1637025094.3260458, 1637025095.9195948, 1637025097.49471, 1637025098.9401364, 1637025107.1718752, 1637025108.6396399, 1637025110.1250904, 1637025111.660649, 1637025113.1079237, 1637025114.5892487, 1637025122.2370243, 1637025123.7952328, 1637025125.2619894, 1637025126.8087163, 1637025128.2413752, 1637025129.5965478, 1637025130.979321],