{"initial_reset_timestamp": 1637024527.606331, "timestamps": [1637024528.023583, 1637024528.2604606, 1637024528.4994264, 1637024528.7386289, 1637024528.975768, 1637024529.227313, 1637024529.4715285, 1637024533.3900888, 1637024533.6344793, 1637024533.873696, 1637024534.14469, 1637024534.383485, 1637024534.6236465, 1637024534.8789387, 1637024539.198694, 1637024539.4385731, 1637024539.6812508, 1637024539.9246454, 1637024540.1720958, 1637024540.4264143, 1637024540.6637123, 1637024550.640888, 1637024550.8887722, 1637024551.1355834, 1637024551.3977494, 1637024551.6413903, 1637024551.8830562, 1637024552.1243331, 1637024562.171199, 1637024562.4118254, 1637024562.6556306, 1637024562.8998663, 1637024563.1405294, 1637024563.3805735, 1637024563.6192143, 1637024573.7731159, 1637024574.0731761, 1637024574.360231, 1637024574.6214797, 1637024574.86776, 1637024575.1467724, 1637024575.4456377, 1637024586.2364779, 1637024586.4845288, 1637024586.7335787, 1637024587.0275283, 1637024587.2838805, 1637024587.5451922, 1637024587.8360677, 1637024598.1327803, 1637024598.380187, 1637024598.6281612, 1637024598.8709095, 1637024599.1425908, 1637024599.3923872, 1637024599.6317146, 1637024609.8380604, 1637024610.0786638, 1637024610.3248715, 1637024610.601567, 1637024610.8448591, 1637024611.0963383, 1637024611.3527532, 1637024621.6558492, 1637024621.902039, 1637024622.1497812, 1637024622.39638, 1637024622.6317785, 1637024622.8801744, 1637024623.1335857, 1637024633.3979213, 1637024633.649455, 1637024633.9103372, 1637024634.1555152, 1637024634.3968434, 1637024634.6395633, 1637024634.884891, 1637024645.0257714, 1637024645.2641113, 1637024645.5155983, 1637024645.7678401, 1637024646.0560455, 1637024646.2976763, 1637024646.482832, 1637024646.7260697, 1637024656.9018273, 1637024657.1384704, 1637024657.3758488, 1637024657.6109796, 1637024657.8588808, 1637024658.1178992, 1637024658.3576272, 1637024668.4370608, 1637024668.6782532, 1637024668.920653, 1637024669.1604254, 1637024669.3948505, 1637024669.632423, 1637024669.8680284, 1637024679.8232787, 1637024680.0583844, 1637024680.3000972, 1637024680.538233, 1637024680.7964277, 1637024681.0441484, 1637024681.2895756, 1637024691.3493402, 1637024691.5833457, 1637024691.8201432, 1637024692.0950828, 1637024692.3304284, 1637024692.566954, 1637024692.811791, 1637024703.529207, 1637024703.797655, 1637024704.0705426, 1637024704.3377943, 1637024704.5931976, 1637024704.8433177, 1637024705.0812006, 1637024715.53582, 1637024715.7792337, 1637024716.0454109, 1637024716.288644, 1637024716.5309193, 1637024716.775501, 1637024717.020459, 1637024727.7689984, 1637024728.009714, 1637024728.259791, 1637024728.4950407, 1637024728.7404573, 1637024728.9852433, 1637024729.2348478, 1637024739.4736807, 1637024739.7073805, 1637024739.9475005, 1637024740.1958, 1637024740.4405103, 1637024740.6784573, 1637024740.9362495, 1637024751.3171487, 1637024751.584306, 1637024751.8325553, 1637024752.078284, 1637024752.3185482, 1637024752.5273893, 1637024752.7814407, 1637024753.0281522, 1637024763.5804002, 1637024763.8403945, 1637024764.0905132, 1637024764.3615582, 1637024764.618721, 1637024764.8638651, 1637024765.1046827, 1637024775.259885, 1637024775.5173254, 1637024775.7550135, 1637024776.0288339, 1637024776.3057575, 1637024776.550768, 1637024776.8245435, 1637024787.0370095, 1637024787.2867503, 1637024787.531443, 1637024787.731171, 1637024787.9081016, 1637024788.1498728, 1637024788.3855827, 1637024788.6539562, 1637024788.8979592, 1637024799.1194274, 1637024799.5996501, 1637024799.8786871, 1637024800.1297376, 1637024800.3850274, 1637024800.633431, 1637024800.886773, 1637024811.4054024, 1637024811.6542518, 1637024811.8318377, 1637024812.0452712, 1637024812.2996078, 1637024812.5656056, 1637024812.8253806, 1637024813.08843, 1637024813.3142717, 1637024823.5077264, 1637024823.763583, 1637024824.0563312, 1637024824.3128018, 1637024824.499705, 1637024824.7032247, 1637024824.9560523, 1637024825.2090676, 1637024835.5645473, 1637024835.7855136, 1637024835.9837239, 1637024836.2153618, 1637024836.4052258, 1637024836.581086, 1637024836.7745988, 1637024836.9743361, 1637024837.241279, 1637024837.497475, 1637024837.752151, 1637024837.9417157, 1637024838.1248212, 1637024838.3732455, 1637024848.308405, 1637024848.5106056, 1637024848.7029743, 1637024848.872615, 1637024849.091411, 1637024849.2864892, 1637024849.475588, 1637024849.6699266, 1637024849.8514447, 1637024850.0711436, 1637024850.264614, 1637024850.4565556, 1637024850.6544163, 1637024850.868673, 1637024851.0802517, 1637024851.2878027, 1637024861.3262706, 1637024861.5294955, 1637024861.7055776, 1637024861.945955, 1637024862.1577594, 1637024862.350762, 1637024862.529195, 1637024862.7180007, 1637024862.9420156, 1637024863.1744988, 1637024863.3581347, 1637024863.5623882, 1637024863.7373729, 1637024863.917437, 1637024874.0551715, 1637024874.309182, 1637024874.548874, 1637024874.788638, 1637024875.0608573, 1637024875.2960432, 1637024875.5349092, 1637024885.6042702, 1637024885.8576648, 1637024886.1032026, 1637024886.35503, 1637024886.5955226, 1637024886.8563797, 1637024887.1119285, 1637024897.6015909, 1637024897.8405943, 1637024898.0784461, 1637024898.3142073, 1637024898.5556548, 1637024898.7931178, 1637024899.0339139, 1637024909.2668586, 1637024909.5421278, 1637024909.7837765, 1637024910.0273461, 1637024910.273012, 1637024910.5277865, 1637024910.7609773, 1637024921.1376824, 1637024921.3908205, 1637024921.65925, 1637024921.8992248, 1637024922.138427, 1637024922.383378, 1637024922.6340084, 1637024932.8154488, 1637024932.9948149, 1637024933.174283, 1637024933.435529, 1637024933.617401, 1637024933.8379004, 1637024934.043406, 1637024934.2443478, 1637024934.4562917, 1637024934.65687, 1637024934.8838732, 1637024935.0644226, 1637024935.2554653, 1637024945.457993, 1637024945.632233, 1637024945.8344932, 1637024946.0140734, 1637024946.2286224, 1637024946.4362066, 1637024946.6097353, 1637024946.7965152, 1637024946.9621313, 1637024947.1321828, 1637024947.3198137, 1637024947.5391521, 1637024947.7327182, 1637024947.903205, 1637024948.0738153, 1637024948.273948, 1637024948.4543152, 1637024948.6261594, 1637024948.8250644, 1637024948.9950569, 1637024949.223973, 1637024959.0885525, 1637024959.343865, 1637024959.5547235, 1637024959.8082957, 1637024960.049881, 1637024960.2447119, 1637024960.4238472, 1637024960.6680045, 1637024960.8599977, 1637024961.1070392, 1637024971.1642296, 1637024971.4186952, 1637024971.632671, 1637024971.8884025, 1637024972.1469307, 1637024972.4015636, 1637024972.664188, 1637024972.9201636, 1637024983.1270218, 1637024983.3384726, 1637024983.5353355, 1637024983.7367365, 1637024984.004032, 1637024984.2036116, 1637024984.3933623, 1637024984.5881162, 1637024984.7877512, 1637024984.9984307, 1637024985.2177107, 1637024985.4009614, 1637024985.6035545, 1637024985.8594174, 1637024986.0711977, 1637024986.2580879, 1637024986.49132, 1637024986.6901903, 1637024997.314295, 1637024997.5072865, 1637024997.751743, 1637024998.0000596, 1637024998.1849725, 1637024998.3676605, 1637024998.6025448, 1637024998.831383, 1637024999.0665276, 1637024999.2733605, 1637024999.5229843, 1637025009.800452, 1637025009.967163, 1637025010.203854, 1637025010.4036388, 1637025010.6548145, 1637025010.9711719, 1637025011.18693, 1637025011.3990502, 1637025011.6143987, 1637025011.801003, 1637025012.0080972, 1637025012.2333384, 1637025022.2781458, 1637025022.5349398, 1637025022.7749958, 1637025023.048332, 1637025023.286917, 1637025023.5235453, 1637025023.7648585, 1637025033.7823112, 1637025034.0274444, 1637025034.2638383, 1637025034.5107338, 1637025034.7610438, 1637025035.0175126, 1637025035.2618964, 1637025045.718688, 1637025045.9235222, 1637025046.1139793, 1637025046.2891655, 1637025046.514135, 1637025046.7369585, 1637025046.909632, 1637025047.0957625, 1637025047.338123, 1637025047.5547087, 1637025047.787833, 1637025048.0426145, 1637025058.7446866, 1637025058.9383793, 1637025059.1282675, 1637025059.3074248, 1637025059.4916136, 1637025059.661328, 1637025059.8392394, 1637025060.0138748, 