{"initial_reset_timestamp": 1637039656.2212613, "timestamps": [1637039659.9777713, 1637039660.291924, 1637039660.729163, 1637039661.1440048, 1637039661.5629776, 1637039661.9679356, 1637039665.4320064, 1637039665.8374991, 1637039666.247413, 1637039666.654373, 1637039667.0593839, 1637039667.4538417, 1637039667.8674822, 1637039671.8375936, 1637039673.0912085, 1637039674.3225682, 1637039675.5624404, 1637039676.8274424, 1637039678.0957646, 1637039679.3440218, 1637039683.671374, 1637039684.9373548, 1637039686.2030532, 1637039687.4837728, 1637039688.790678, 1637039690.099333, 1637039694.298951, 1637039695.548336, 1637039696.7724454, 1637039698.0216064, 1637039699.0111294, 1637039700.07713, 1637039701.3142388, 1637039705.7139907, 1637039706.9622748, 1637039708.2392042, 1637039709.5219615, 1637039710.2256446, 1637039710.6943324, 1637039711.0735433, 1637039712.3296368, 1637039713.6065955, 1637039717.93763, 1637039719.215409, 1637039720.483736, 1637039721.7333205, 1637039722.965253, 1637039724.0688381, 1637039725.3207479, 1637039729.5831842, 1637039730.8262002, 1637039732.05933, 1637039733.2951255, 1637039734.5244746, 1637039735.7537065, 1637039736.5224314, 1637039740.8929706, 1637039742.1790438, 1637039743.4800284, 1637039744.784444, 1637039746.0847232, 1637039747.3807218, 1637039748.6404333, 1637039753.0825448, 1637039754.357601, 1637039755.6417294, 1637039756.8940067, 1637039758.1372979, 1637039759.3779972, 1637039764.118859, 1637039765.3513184, 1637039766.6146102, 1637039767.8723674, 1637039769.1338897, 1637039770.4308634, 1637039771.7315526, 1637039776.1317074, 1637039777.42381, 1637039778.6550725, 1637039779.9211454, 1637039781.218407, 1637039782.4915302, 1637039783.762914, 1637039788.7629128, 1637039790.0471776, 1637039791.295059, 1637039792.5251732, 1637039793.757444, 1637039795.0559692, 1637039799.9394457, 1637039801.3028123, 1637039802.6245837, 1637039803.9240701, 1637039805.2360377, 1637039806.542632, 1637039807.8732724, 1637039812.4463527, 1637039813.68357, 1637039814.9064176, 1637039816.14296, 1637039817.4014103, 1637039818.683036, 1637039819.9707289, 1637039824.8750522, 1637039826.1404305, 1637039827.4040086, 1637039828.6579702, 1637039829.8912425, 1637039831.1429007, 1637039835.468297, 1637039836.7214785, 1637039837.9869254, 1637039839.3243966, 1637039840.594908, 1637039841.8992631, 1637039843.1958108, 1637039847.8128197, 1637039849.130667, 1637039850.448382, 1637039851.7160804, 1637039853.0447674, 1637039854.3043337, 1637039855.5232868, 1637039862.275099, 1637039863.597024, 1637039864.8561351, 1637039866.0895262, 1637039867.3306532, 1637039868.5557792, 1637039876.3382301, 1637039877.7052927, 1637039879.0552604, 1637039880.437769, 1637039881.7816803, 1637039883.1073992, 1637039884.4324481, 1637039892.0111637, 1637039893.3150587, 1637039894.628315, 1637039895.9772217, 1637039897.34496, 1637039898.656734, 1637039900.0066285, 1637039908.0426579, 1637039909.2836413, 1637039910.5267353, 1637039911.7768478, 1637039913.0005648, 1637039914.241705, 1637039922.7950268, 1637039924.1747534, 1637039925.5160415, 1637039926.8938196, 1637039928.2534134, 1637039929.5816019, 1637039930.838093, 1637039938.891694, 1637039940.2657733, 1637039941.6070619, 1637039942.9417334, 1637039944.2337475, 1637039945.4907353, 1637039946.808772, 1637039955.1175973, 1637039956.3312898, 1637039957.6284015, 1637039958.9169018, 1637039960.176383, 1637039961.4110577, 1637039968.368565, 1637039969.5897806, 1637039970.8618395, 1637039972.1637857, 1637039973.419758, 1637039974.6629214, 1637039975.915491, 1637039983.225713, 1637039984.463423, 1637039985.7117922, 1637039986.9622989, 1637039988.204891, 1637039989.44031, 1637039990.6583223, 1637039997.9900966, 1637039999.2288778, 1637040000.4694698, 1637040001.7041204, 1637040002.9485872, 1637040004.230648, 1637040012.4256327, 1637040013.7367916, 1637040015.0244455, 1637040016.263669, 1637040017.5268176, 1637040018.7489476, 1637040019.9879212, 1637040028.109912, 1637040029.3487563, 1637040030.5963233, 1637040031.8698301, 1637040033.0940452, 1637040034.3411312, 1637040035.5823724, 1637040043.2476597, 1637040044.4844084, 1637040045.7076979, 1637040046.9640648, 1637040048.225725, 1637040049.4499805, 1637040056.9859102, 1637040058.2291691, 1637040059.4599059, 1637040060.7303977, 1637040061.9524405, 1637040063.1899629, 1637040064.4130273, 1637040071.8078806, 1637040073.0376139, 1637040074.2805948, 1637040075.55013, 1637040076.843371, 1637040078.1196973, 1637040079.3729258, 1637040086.9811943, 1637040088.225943, 1637040089.4759598, 1637040090.7235296, 1637040091.9603503, 1637040093.2177732, 1637040101.699613, 1637040103.0784812, 1637040104.4647264, 1637040105.8282251, 1637040107.2316933, 1637040108.5909944, 1637040109.9832978, 1637040119.209751, 1637040120.5103164, 1637040121.758131, 1637040123.021643, 1637040124.270886, 1637040125.5223792, 1637040126.7863696, 1637040134.7906723, 1637040136.0270753, 1637040137.2877288, 1637040138.5446136, 1637040139.8552418, 1637040141.1622868, 1637040149.8726153, 1637040151.1108944, 1637040152.345891, 1637040153.5869648, 1637040154.8289554, 1637040156.1167624, 1637040157.3624258, 1637040165.4439778, 1637040166.680172, 1637040167.9196708, 1637040169.1505883, 1637040170.3611403, 1637040171.580109, 1637040172.7951794, 1637040182.383858, 1637040183.7660503, 1637040185.1180325, 1637040186.557268, 1637040187.8690848, 1637040189.1678095, 1637040199.0406892, 1637040200.3733664, 1637040201.726828, 1637040203.117697, 1637040204.4687023, 1637040205.7954087, 1637040207.1109445, 1637040216.4165444, 1637040217.710996, 1637040218.9485729, 1637040220.2067614, 1637040221.4424307, 1637040222.6830995, 1637040223.9284186, 1637040233.576528, 1637040234.930204, 1637040236.3915334, 1637040237.7853737, 1637040239.118405, 1637040240.3577313, 1637040249.2453322, 1637040250.6350462, 1637040252.0072727, 1637040253.3768528, 1637040254.739283, 1637040256.1400247, 1637040257.558018, 1637040266.44307, 1637040267.7186966, 1637040268.9666, 1637040270.2329688, 1637040271.4866655, 1637040272.728766, 1637040273.964585, 1637040282.369446, 1637040283.599035, 1637040284.8368874, 1637040286.0896015, 1637040287.378039, 1637040288.5379527, 1637040296.9195466, 1637040298.1684024, 1637040299.414256, 1637040300.6472802, 1637040301.8929453, 1637040303.1197345, 1637040304.3898265, 1637040313.0189283, 1637040314.3034778, 1637040315.640494, 1637040316.939216, 1637040318.1878417, 1637040319.4284432, 1637040320.7172217, 1637040330.2447698, 1637040331.6325052, 1637040333.0757813, 1637040334.449662, 1637040335.8256285, 1637040337.201099, 1637040346.3288953, 1637040347.6366987, 1637040348.8990915, 1637040350.1416965, 1637040351.3878613, 1637040352.635553, 1637040353.8427174],