{"initial_reset_timestamp": 1637035229.02587, "timestamps": [1637035229.4867253, 1637035229.7440517, 1637035229.988716, 1637035230.247863, 1637035230.4932046, 1637035230.735766, 1637035230.9857297, 1637035235.1982017, 1637035235.4517376, 1637035235.7223327, 1637035236.0050044, 1637035236.2564652, 1637035236.5092595, 1637035236.7625947, 1637035241.423743, 1637035241.709542, 1637035241.987009, 1637035242.2624953, 1637035242.53381, 1637035242.808206, 1637035243.084975, 1637035253.4623904, 1637035253.692739, 1637035253.929726, 1637035254.1640687, 1637035254.4002943, 1637035254.6444561, 1637035254.884969, 1637035265.4396257, 1637035265.671044, 1637035265.9070601, 1637035266.143266, 1637035266.3867652, 1637035266.6236165, 1637035266.8570366, 1637035277.0940006, 1637035277.323522, 1637035277.5517914, 1637035277.788132, 1637035278.0270298, 1637035278.2697194, 1637035278.5044422, 1637035288.9034264, 1637035289.1475046, 1637035289.3884068, 1637035289.627811, 1637035289.8683436, 1637035290.1193423, 1637035290.3664289, 1637035300.83001, 1637035301.1297734, 1637035301.3766189, 1637035301.6302078, 1637035301.8766031, 1637035302.131681, 1637035302.3798063, 1637035312.4751499, 1637035312.7096648, 1637035312.942263, 1637035313.1817431, 1637035313.4809034, 1637035313.7115147, 1637035313.9531984, 1637035324.3459315, 1637035324.5913663, 1637035324.837587, 1637035325.0894797, 1637035325.3406243, 1637035325.6121674, 1637035325.8868222, 1637035336.3128386, 1637035336.560161, 1637035336.8156893, 1637035337.0778043, 1637035337.3300338, 1637035337.589804, 1637035337.842899, 1637035348.3741639, 1637035348.6155365, 1637035348.8570201, 1637035349.1025887, 1637035349.3427918, 1637035349.5959067, 1637035349.8420644, 1637035360.3543453, 1637035360.6077635, 1637035360.8706398, 1637035361.1304517, 1637035361.3851542, 1637035361.6379638, 1637035361.882008, 1637035372.3352776, 1637035372.5878084, 1637035372.8379445, 1637035373.0972922, 1637035373.354449, 1637035373.6142507, 1637035373.867173, 1637035384.0673757, 1637035384.354317, 1637035384.6065629, 1637035384.8569138, 1637035385.1063893, 1637035385.3513126, 1637035385.6098988, 1637035396.1665995, 1637035396.42557, 1637035396.6845741, 1637035396.9370596, 1637035397.1861227, 1637035397.4736114, 1637035397.7582533, 1637035408.1052697, 1637035408.3838468, 1637035408.63997, 1637035408.894661, 1637035409.1728203, 1637035409.456927, 1637035409.7446585, 1637035420.4303358, 1637035420.6818228, 1637035420.9445403, 1637035421.1929178, 1637035421.4582372, 1637035421.7153673, 1637035421.973207, 1637035432.123384, 1637035432.3737214, 1637035432.6179044, 1637035432.861819, 1637035433.1062808, 1637035433.3643298, 1637035433.6414893, 1637035444.325602, 1637035444.5767133, 1637035444.8289344, 1637035445.0811474, 1637035445.3261993, 1637035445.5780091, 1637035445.838819, 1637035455.872658, 1637035456.1232028, 1637035456.3692596, 1637035456.6204545, 1637035456.8665097, 1637035457.1104581, 1637035457.3584697, 1637035467.5772483, 1637035467.825037, 1637035468.108559, 1637035468.3605993, 1637035468.6011693, 1637035468.850505, 1637035469.1157317, 1637035469.3576035, 1637035479.480524, 1637035479.7194161, 1637035479.959012, 1637035480.1994803, 1637035480.4768016, 1637035480.7200801, 1637035480.9796247, 1637035490.9999516, 1637035491.2516553, 1637035491.500448, 1637035491.7372968, 1637035491.9266508, 1637035492.1793892, 1637035492.426436, 1637035492.7052367, 1637035503.4822438, 1637035503.7621439, 1637035504.0345905, 1637035504.287586, 1637035504.5688195, 1637035504.836104, 1637035505.102543, 1637035515.8193588, 1637035516.0712411, 1637035516.319988, 1637035516.5700037, 1637035516.816256, 1637035517.067663, 1637035517.310637, 1637035527.3003576, 1637035527.5498617, 1637035527.801714, 1637035528.0497031, 1637035528.234768, 1637035528.4842796, 1637035528.74924, 1637035528.9957936, 1637035539.693213, 1637035539.9742591, 1637035540.2507532, 1637035540.5367107, 1637035540.8317442, 1637035541.115761, 1637035541.3965726, 1637035551.8523195, 1637035552.0689664, 1637035552.2632947, 1637035552.5169935, 1637035552.7904916, 1637035553.087968, 1637035553.332903, 1637035553.5912514, 1637035553.8637192, 1637035554.1194546, 1637035554.351024, 1637035564.3385675, 1637035564.6061091, 1637035564.8785715, 1637035565.1419454, 1637035565.3983276, 1637035565.6535158, 1637035565.924392, 1637035576.2607596, 1637035576.5368822, 1637035576.823561, 1637035577.1462262, 1637035577.4368165, 1637035577.729607, 1637035578.0049872, 1637035588.6233103, 1637035588.890604, 1637035589.158517, 1637035589.4294279, 1637035589.700833, 1637035589.9601753, 1637035590.220945, 1637035600.4418418, 1637035600.7387233, 1637035601.014441, 1637035601.2855496, 1637035601.5702658, 1637035601.835665, 1637035602.1112792, 1637035612.5062025, 1637035612.756041, 1637035613.0090227, 1637035613.2642972, 1637035613.532848, 1637035613.7926009, 1637035614.044442, 1637035624.1170206, 1637035624.373592, 1637035624.6348124, 1637035624.9141939, 1637035625.1899748, 1637035625.4716883, 1637035625.7486603, 1637035635.9975517, 1637035636.2679791, 1637035636.5443454, 1637035636.8183014, 1637035637.0980804, 1637035637.3855402, 1637035637.6651967, 1637035648.4988236, 1637035648.7838647, 1637035649.027246, 1637035649.2781463, 1637035649.5356083, 1637035649.800108, 1637035650.056475, 1637035650.2999856, 1637035660.5791981, 1637035660.8637655, 1637035661.1343026, 1637035661.396741, 1637035661.7116117, 1637035661.962723, 1637035662.212833, 1637035672.8073106, 1637035673.0830262, 1637035673.3528147, 1637035673.6500988, 1637035673.9204123, 1637035674.190285, 1637035674.466889, 1637035685.2388835, 1637035685.4822102, 1637035685.7310853, 1637035685.9875374, 1637035686.2329597, 1637035686.4765968, 1637035686.7674127, 1637035696.8834567, 1637035697.1651764, 1637035697.4290652, 1637035697.6729245, 1637035697.9241743, 1637035698.176511, 1637035698.4293282, 1637035708.7828114, 1637035709.099383, 1637035709.387244, 1637035709.6982322, 1637035709.983739, 1637035710.2691724, 1637035710.5516465, 1637035721.1343646, 1637035721.406458, 1637035721.666938, 1637035721.9355855, 1637035722.2035685, 1637035722.4611988, 1637035722.7313032, 1637035733.1541944, 1637035733.4684024, 1637035733.731748, 1637035734.018407, 1637035734.2831442, 1637035734.553001, 1637035734.8265035, 1637035744.9463367, 1637035745.2024248, 1637035745.4677842, 1637035745.7359984, 1637035745.935814, 1637035746.1917384, 1637035746.4154458, 1637035746.6728199, 1637035746.929504, 1637035757.8970342, 1637035758.1829472, 1637035758.416711, 1637035758.6763837, 1637035758.87112, 1637035759.1402318, 1637035759.4070718, 1637035759.7153957, 1637035759.9711604, 1637035770.737199, 1637035771.0854852, 1637035771.3807752, 1637035771.6492379, 1637035771.9094992, 1637035772.1756022, 1637035772.4382572, 1637035782.4965584, 1637035782.7478504, 1637035783.001745, 1637035783.2452316, 1637035783.524037, 1637035783.7876763, 1637035784.039412, 1637035794.7725744, 1637035795.039166, 1637035795.3226502, 1637035795.576213, 1637035795.8293052, 1637035796.083068, 1637035796.3339195, 1637035807.08106, 1637035807.3225665, 1637035807.572718, 1637035807.8396199, 1637035808.0979998, 1637035808.3488781, 1637035808.5924058],