{"initial_reset_timestamp": 1637035226.8250613, "timestamps": [1637035231.0456026, 1637035231.391042, 1637035231.8973775, 1637035232.3431454, 1637035232.7910576, 1637035233.2220411, 1637035236.8595, 1637035237.3264356, 1637035237.7414176, 1637035238.1755502, 1637035238.5933266, 1637035239.039695, 1637035239.4582367, 1637035243.9387267, 1637035245.2831478, 1637035246.5264907, 1637035247.7954729, 1637035249.059791, 1637035250.2963068, 1637035251.5920062, 1637035255.9559977, 1637035257.3369071, 1637035258.6899903, 1637035260.1241739, 1637035261.5569258, 1637035262.818673, 1637035267.1478639, 1637035268.4292717, 1637035269.690661, 1637035270.8028653, 1637035272.0577247, 1637035273.3331358, 1637035274.625062, 1637035278.9964924, 1637035280.2741508, 1637035281.5364811, 1637035282.7935495, 1637035284.1734526, 1637035285.0929418, 1637035286.4268713, 1637035290.8399084, 1637035292.0988228, 1637035293.3602693, 1637035294.6152842, 1637035295.8674963, 1637035297.1275024, 1637035298.4985025, 1637035303.1541786, 1637035304.4049828, 1637035305.6569512, 1637035306.9373322, 1637035308.2296185, 1637035309.4864717, 1637035310.5967758, 1637035315.0246665, 1637035316.291723, 1637035317.5689833, 1637035318.8357735, 1637035319.7383037, 1637035321.0107632, 1637035322.278704, 1637035326.8032174, 1637035328.2966723, 1637035329.6383374, 1637035330.9085996, 1637035332.195644, 1637035333.4906619, 1637035337.9522374, 1637035339.3185716, 1637035340.6964355, 1637035342.0431437, 1637035343.3033354, 1637035344.6099145, 1637035345.872573, 1637035350.3116612, 1637035351.566051, 1637035352.8644757, 1637035354.1641176, 1637035355.4209294, 1637035356.750857, 1637035358.0977697, 1637035362.7116795, 1637035364.0038426, 1637035365.2441823, 1637035366.5236251, 1637035367.8463662, 1637035369.218896, 1637035369.9379094, 1637035374.474344, 1637035375.7351995, 1637035377.002174, 1637035378.276319, 1637035379.5987484, 1637035380.5392547, 1637035381.7861617, 1637035386.257303, 1637035387.5740454, 1637035388.892041, 1637035390.2286782, 1637035391.591218, 1637035392.8824606, 1637035394.186395, 1637035398.7739923, 1637035400.0262058, 1637035401.2948222, 1637035402.6028712, 1637035403.8769407, 1637035405.1496792, 1637035410.0584548, 1637035411.46473, 1637035412.7032764, 1637035414.0930772, 1637035415.4967263, 1637035416.247611, 1637035417.5343266, 1637035422.0687845, 1637035423.326667, 1637035424.5881453, 1637035425.8410544, 1637035427.1265962, 1637035428.3882885, 1637035429.6858337, 1637035434.1619396, 1637035435.5067565, 1637035436.8692923, 1637035438.313277, 1637035439.6581936, 1637035440.9104774, 1637035442.1852682, 1637035446.6703568, 1637035447.9154937, 1637035449.1670668, 1637035450.4745579, 1637035451.7338986, 1637035453.0010772, 1637035457.4579265, 1637035458.719489, 1637035460.00159, 1637035461.3051584, 1637035462.5652592, 1637035463.834526, 1637035465.1097476, 1637035469.8140051, 1637035471.099896, 1637035472.3640633, 1637035473.639258, 1637035474.9139202, 1637035476.1689687, 1637035477.3803275, 1637035481.8158782, 1637035483.088738, 1637035484.3540952, 1637035485.5887704, 1637035486.8515286, 1637035488.1132622, 1637035492.8089266, 1637035494.1564183, 1637035495.4213016, 1637035496.701182, 1637035497.988346, 1637035499.3474321, 1637035500.8015938, 1637035505.60829, 1637035506.9942079, 1637035508.4029484, 1637035509.7776272, 1637035511.1020465, 1637035512.366691, 1637035513.6424758, 1637035518.1285424, 1637035519.4293842, 1637035520.680341, 1637035521.9567115, 1637035523.1919303, 1637035524.4563687, 1637035529.097272, 1637035530.326454, 1637035531.609711, 1637035532.9458733, 1637035534.4098363, 1637035535.7742171, 1637035537.1790812, 1637035541.919095, 1637035543.243825, 1637035544.5608454, 1637035545.8266404, 1637035547.1045268, 1637035548.3878827, 1637035549.6580195, 1637035555.19172, 1637035556.4480162, 1637035557.6951163, 1637035558.9760718, 1637035560.2285461, 1637035561.4877093, 1637035566.0260248, 1637035567.3555515, 1637035568.5958464, 1637035569.8469524, 1637035571.1277473, 1637035572.4007514, 1637035573.6696866, 1637035578.5310154, 1637035579.8751252, 1637035581.2698507, 1637035582.6611817, 1637035583.9999528, 1637035585.2757857, 1637035586.5233476, 1637035591.0723138, 1637035592.378373, 1637035593.6646838, 1637035594.9246354, 1637035596.1572666, 1637035597.360194, 1637035602.214752, 1637035603.5083363, 1637035604.768071, 1637035606.0287075, 1637035607.3034048, 1637035608.7547026, 1637035610.1158354, 1637035614.5023534, 1637035615.7722151, 1637035617.0344472, 1637035618.2807536, 1637035619.5334764, 1637035620.772888, 1637035622.008503, 1637035626.6385183, 1637035628.0065987, 1637035629.300471, 1637035630.514693, 1637035631.7925184, 1637035633.047339, 1637035637.7782795, 1637035639.1596386, 1637035640.5754237, 1637035641.8874261, 1637035643.160997, 1637035643.8943622, 1637035645.254233, 1637035646.629098, 1637035651.2981765, 1637035652.5723395, 1637035653.8927805, 1637035654.8965611, 1637035656.1376019, 1637035657.3830342, 1637035658.6576855, 1637035663.303693, 1637035664.6137023, 1637035665.8824306, 1637035666.7482827, 1637035667.717469, 1637035669.0865006, 1637035670.4004693, 1637035675.1275277, 1637035675.9449632, 1637035677.319284, 1637035678.7129977, 1637035680.0215588, 1637035681.320746, 1637035682.712633, 1637035687.3167298, 1637035688.5861988, 1637035689.8313885, 1637035691.0743406, 1637035692.3713925, 1637035693.6514747, 1637035694.9178896, 1637035699.3299923, 1637035700.6298842, 1637035701.99306, 1637035703.3715732, 1637035704.651996, 1637035705.906219, 1637035710.768097, 1637035712.0463562, 1637035713.3253214, 1637035714.6395223, 1637035715.9008603, 1637035717.1846359, 1637035718.5770032, 1637035723.295621, 1637035724.5944996, 1637035725.8822405, 1637035727.2786217, 1637035728.6381562, 1637035729.9359238, 1637035731.1857874, 1637035735.7558205, 1637035737.0239577, 1637035738.2696035, 1637035739.5176287, 1637035740.822521, 1637035742.1000438, 1637035747.1173108, 1637035748.509377, 1637035749.92173, 1637035751.3351839, 1637035752.7319214, 1637035754.1170976, 1637035755.5058987, 1637035760.5324209, 1637035761.826469, 1637035763.06368, 1637035764.4135377, 1637035765.7792695, 1637035767.1703646, 1637035768.5715263, 1637035773.3846915, 1637035774.6777453, 1637035775.914729, 1637035777.2155583, 1637035778.4866788, 1637035779.7793682, 1637035784.2225144, 1637035785.0928466, 1637035786.369794, 1637035787.6143193, 1637035788.8594294, 1637035790.2603846, 1637035791.66465, 1637035796.4851866, 1637035797.9126532, 1637035799.2983787, 1637035800.6595647, 1637035802.0350583, 1637035803.3522584, 1637035804.652943, 1637035808.8281133, 1637035810.0714326, 1637035811.3442001, 1637035812.5998228, 1637035813.9004982, 1637035815.1753483, 1637035816.4705904],