{"initial_reset_timestamp": 1634537091.9506407, "timestamps": [1634537094.1442535, 1634537094.7935376, 1634537096.3580973, 1634537097.0702705, 1634537098.1367598, 1634537099.051859, 1634537099.6589315, 1634537100.3659396, 1634537101.586761, 1634537102.401237, 1634537103.213894, 1634537103.959027, 1634537104.476039, 1634537105.221993, 1634537105.9549778, 1634537107.12298, 1634537107.744354, 1634537109.0801628, 1634537110.1890364, 1634537110.8663328, 1634537111.9300783, 1634537112.9803247, 1634537114.4493601, 1634537115.3011053, 1634537116.488136, 1634537117.8289776, 1634537118.6670034, 1634537119.8175557, 1634537120.5539188, 1634537121.5962057, 1634537122.3878777, 1634537123.368379, 1634537124.1441195, 1634537124.779055, 1634537125.6059492, 1634537126.3587773, 1634537127.0974517, 1634537128.252032, 1634537128.9917817, 1634537129.9270616, 1634537131.5205677, 1634537133.070493, 1634537135.1070387, 1634537137.3986871, 1634537138.635316, 1634537140.1618807, 1634537141.3998997, 1634537142.817748, 1634537144.0658865, 1634537145.6420934, 1634537146.8711607, 1634537147.9108317, 1634537148.609276, 1634537149.3898833, 1634537150.6187978, 1634537151.7930088, 1634537152.9213767, 1634537154.1297169, 1634537155.3647373, 1634537156.3474305, 1634537157.3749316, 1634537157.9398491, 1634537158.6804519, 1634537159.3883693, 1634537160.4638264, 1634537161.4143236, 1634537162.3377957, 1634537163.560549, 1634537164.3412557, 1634537165.3813832, 1634537166.2103882, 1634537166.9247391, 1634537167.7871108, 1634537168.4333062, 1634537169.3520582, 1634537170.411544, 1634537171.4064457, 1634537172.2861109, 1634537173.1059837, 1634537174.2303553, 1634537175.0580103, 1634537175.83148, 1634537176.6316316, 1634537177.6484728, 1634537178.4884386, 1634537179.0971847, 1634537179.8762975, 1634537180.6600173, 1634537181.3331497, 1634537182.021526, 1634537182.6960514, 1634537183.4122634, 1634537184.616867, 1634537185.5875385, 1634537186.4604993, 1634537187.722082, 1634537188.5496628, 1634537189.0738308, 1634537189.8370378, 1634537190.5511394, 1634537191.826884, 1634537193.483065, 1634537194.2302268, 1634537194.992378, 1634537195.6998727, 1634537196.3191586, 1634537197.0812304, 1634537197.9655879, 1634537198.9475517, 1634537200.1667385, 1634537200.8710139, 1634537201.7895012, 1634537202.758508, 1634537203.5217814, 1634537204.4384418, 1634537205.0925047, 1634537205.8562014, 1634537206.853018, 1634537207.6146438, 1634537208.9110277, 1634537209.6350205, 1634537210.4124022, 1634537211.061923, 1634537211.8109856, 1634537212.690779, 1634537213.2672226, 1634537214.2370572, 1634537214.999361, 1634537215.9625592, 1634537216.6207352, 1634537217.5425477, 1634537218.8094635, 1634537219.4460077, 1634537220.4029224, 1634537221.1514893, 1634537222.4093196, 1634537223.104861, 1634537223.924262, 1634537224.8666606, 1634537225.844192, 1634537226.5760782, 1634537227.4650564, 1634537228.1551135, 1634537229.0140014, 1634537229.8291118, 1634537230.5823457, 1634537231.2150214, 1634537231.739024, 1634537232.5346484, 1634537233.2648683, 1634537234.0989542, 1634537235.1288464, 1634537235.8186803, 1634537236.5740497, 1634537237.3219965, 1634537238.131722, 1634537238.776093, 1634537239.5195005, 1634537240.2256062, 1634537240.972432, 1634537241.8649864, 1634537242.6153646, 1634537243.8238761, 1634537244.229061, 1634537245.0948164, 1634537245.88847, 1634537246.4956436, 1634537247.220494, 1634537248.0429497, 1634537248.9847362, 1634537249.887751, 1634537250.529911, 1634537251.3515632, 1634537252.1260793, 1634537252.787936, 1634537253.7281415, 1634537254.5243316, 1634537255.2398999, 1634537255.9443684, 1634537256.7384212, 1634537257.4631884, 1634537258.7566059, 1634537259.6868577, 1634537260.479904, 1634537261.276938, 1634537262.3422775, 1634537263.0818233, 1634537263.7182934, 1634537265.03777, 1634537265.8522246, 1634537266.5854785, 1634537267.7520773, 1634537268.516215, 1634537269.1860707, 1634537270.136457, 1634537270.9526794, 1634537271.740465, 1634537272.6134593, 1634537273.7768033, 1634537274.6126661, 1634537275.2139897, 1634537276.4193184, 1634537277.3354397, 1634537278.3456118, 1634537279.3561847, 1634537280.453005, 1634537281.2801535, 1634537282.0144675, 1634537283.6887412, 1634537285.014812, 1634537285.924247, 1634537286.9736235, 1634537288.677162, 1634537289.203945, 1634537289.8821502, 1634537290.624174, 1634537291.3567502, 1634537292.3699944, 1634537293.429638, 1634537294.237391, 1634537294.9732552, 1634537295.6938055, 1634537296.6367683, 1634537297.4794552, 1634537298.4075286, 1634537299.410239, 1634537300.3097668, 1634537301.170872, 1634537302.1722176, 1634537302.8631895, 1634537303.901216, 1634537304.4806921, 1634537305.1938071, 1634537305.8803687, 1634537306.8758914, 1634537307.7285044, 1634537308.3663855, 1634537309.5390918, 1634537310.5930414, 1634537311.2520792, 1634537312.028791, 1634537312.8404593, 1634537314.389742, 1634537315.1881518, 1634537316.3569305, 1634537317.486137, 1634537318.3687236, 1634537318.9460278, 1634537319.3649156, 1634537320.2037272, 1634537320.9517388, 1634537321.6945603, 1634537322.2645457, 1634537322.7130687, 1634537323.3805463, 1634537324.3507886, 1634537325.3968685, 1634537326.0938284, 1634537326.9737585, 1634537327.7654464, 1634537328.5023248, 1634537329.283255, 1634537329.9596217, 1634537330.580125, 1634537331.3496156, 1634537332.647778, 1634537333.1962085, 1634537334.010848, 1634537334.6759472, 1634537335.4868743, 1634537336.1197598, 1634537336.7385876, 1634537337.3153467, 1634537338.0152183, 1634537338.6838152, 1634537339.6814945, 1634537340.3475273, 1634537341.0942657, 1634537341.8236792, 1634537342.5443504, 1634537343.0929866, 1634537344.03493, 1634537344.957531, 1634537345.6800473, 1634537346.1764586, 1634537347.268656, 1634537347.7629335, 1634537348.4647102, 1634537349.4994085, 1634537350.2191036, 1634537351.0140116, 1634537351.7383237, 1634537352.657933, 1634537353.7627182, 1634537354.673098, 1634537355.5020063, 1634537356.2169929], "episode_lengths": [594, 569, 1382, 638, 965, 803, 523, 651, 1002, 708, 670, 620, 451, 628, 625, 945, 522, 1078, 916, 535, 773, 692, 887, 559, 733, 791, 560, 710, 525, 780, 566, 716, 610, 504, 708, 656, 610, 710, 581, 677, 974, 622, 819, 933, 499, 701, 694, 889, 582, 953, 777, 826, 586, 642, 952, 717, 892, 942, 823, 830, 656, 505, 666, 624, 880, 793, 727, 972, 624, 838, 741, 612, 708, 592, 678, 652, 668, 599, 521, 834, 650, 641, 591, 683, 681, 542, 648, 633, 628, 560, 558, 610, 1001, 682, 620, 990, 678, 478, 668, 618, 885, 1231, 597, 616, 590, 580, 684, 782, 843, 1002, 584, 797, 746, 626, 734, 567, 677, 868, 686, 1097, 648, 682, 600, 672, 738, 504, 757, 610, 763, 548, 749, 1014, 536, 750, 628, 1143, 583, 688, 785, 822, 612, 718, 586, 725, 695, 632, 544, 450, 690, 632, 730, 907, 646, 689, 642, 689, 582, 670, 652, 659, 769, 638, 1065, 380, 675, 633, 482, 546, 658, 754, 724, 510, 650, 607, 548, 733, 651, 592, 578, 705, 633, 1135, 842, 729, 717, 923, 656, 592, 1136, 724, 666, 999, 708, 594, 860, 720, 711, 751, 708, 713, 486, 957, 733, 783, 798, 843, 651, 614, 1305, 1077, 754, 898, 1491, 474, 587, 678, 638, 908, 933, 739, 678, 635, 850, 755, 826, 815, 728, 694, 800, 552, 885, 497, 654, 622, 878, 718, 546, 955, 849, 547, 619, 653, 1200, 642, 917, 957, 774, 487, 389, 705, 644, 664, 532, 428, 585, 849, 930, 623, 791, 701, 634, 691, 591, 587, 697, 1128, 503, 725, 609, 737, 566, 582, 513, 628, 604, 898, 626, 671, 663, 658, 497, 832, 825, 644, 450, 903, 471, 626, 906, 637, 704, 646, 804, 992, 797, 741, 614],