{"initial_reset_timestamp": 1637033089.5255637, "timestamps": [1637033093.8661385, 1637033094.112608, 1637033094.6067934, 1637033095.0614717, 1637033095.5179954, 1637033095.9441984, 1637033099.5814955, 1637033100.0308533, 1637033100.4783025, 1637033100.9023373, 1637033101.3263726, 1637033101.773995, 1637033102.2121313, 1637033106.245383, 1637033107.57679, 1637033109.045441, 1637033110.4102936, 1637033111.682512, 1637033112.973366, 1637033114.3153307, 1637033118.8396363, 1637033120.1514273, 1637033121.516542, 1637033122.8427074, 1637033124.1631129, 1637033125.4585798, 1637033126.5517135, 1637033130.9529533, 1637033132.227188, 1637033133.4784513, 1637033134.7218945, 1637033135.9974732, 1637033137.253976, 1637033141.943622, 1637033143.247715, 1637033144.5138748, 1637033145.4413424, 1637033146.2064779, 1637033147.5288281, 1637033148.801928, 1637033150.1608853, 1637033154.7809825, 1637033156.0760942, 1637033157.356175, 1637033158.6203794, 1637033159.8666503, 1637033161.169448, 1637033165.8939204, 1637033167.2640522, 1637033168.6063204, 1637033169.8656888, 1637033171.1298323, 1637033172.3907683, 1637033173.6642258, 1637033178.1340163, 1637033179.392863, 1637033180.6502728, 1637033181.9243402, 1637033183.2077532, 1637033184.4841926, 1637033185.7434301, 1637033190.0515912, 1637033191.3460975, 1637033192.576073, 1637033193.8409915, 1637033195.0950344, 1637033196.3644023, 1637033200.6584792, 1637033201.9362874, 1637033203.194589, 1637033204.444287, 1637033205.715393, 1637033207.1215494, 1637033208.4546432, 1637033213.0030096, 1637033214.2880096, 1637033215.5568643, 1637033216.839009, 1637033218.098059, 1637033219.4380682, 1637033220.8444762, 1637033225.4238176, 1637033226.6954722, 1637033227.9541106, 1637033229.2576723, 1637033230.664128, 1637033232.0462413, 1637033236.6049259, 1637033237.86291, 1637033239.1272545, 1637033240.4145007, 1637033241.7230527, 1637033242.9961185, 1637033244.310705, 1637033248.900303, 1637033250.2375972, 1637033251.6201627, 1637033252.9342034, 1637033254.2105708, 1637033255.4525094, 1637033256.727083, 1637033262.0700219, 1637033263.4504056, 1637033264.6884692, 1637033265.9580219, 1637033267.1928492, 1637033268.4762714, 1637033273.3805165, 1637033274.653864, 1637033275.9248047, 1637033277.1778805, 1637033278.4363961, 1637033279.7910185, 1637033281.16004, 1637033286.6785107, 1637033287.923586, 1637033289.1705208, 1637033290.4575658, 1637033291.7456145, 1637033293.0375662, 1637033294.3032153, 1637033299.5505013, 1637033300.8151183, 1637033302.0635622, 1637033303.3520904, 1637033304.612044, 1637033305.888615, 1637033310.5672493, 1637033311.8668056, 1637033313.1704438, 1637033314.4255114, 1637033315.7035444, 1637033316.9223547, 1637033318.2554626, 1637033323.240747, 1637033324.491996, 1637033325.7474008, 1637033327.0125642, 1637033328.2605782, 1637033329.506184, 1637033330.756712, 1637033337.565674, 1637033338.8041158, 1637033340.1119518, 1637033341.3449407, 1637033342.5833495, 1637033343.865553, 1637033351.6852417, 1637033353.0467231, 1637033354.3940592, 1637033355.67238, 1637033356.9667668, 1637033358.22831, 1637033359.4756525, 1637033366.7817745, 1637033368.0213952, 1637033369.2672243, 1637033370.6004467, 1637033371.974438, 1637033373.26193, 1637033374.5430005, 1637033382.0575216, 1637033383.335826, 1637033384.5945792, 1637033385.8388746, 1637033387.237407, 1637033388.5634649, 1637033394.7059848, 1637033396.0936532, 1637033397.4714432, 1637033398.8101676, 1637033400.0611827, 1637033401.3480854, 1637033402.6658466, 1637033409.932743, 1637033411.1908207, 1637033412.4395332, 1637033413.7264748, 1637033414.9860997, 1637033416.2742028, 1637033417.690195, 1637033423.8828666, 1637033425.1735125, 1637033426.4505398, 1637033427.7253778, 1637033429.0141654, 1637033430.2778192, 1637033437.8966625, 1637033439.1321936, 1637033440.3782275, 1637033441.6930995, 1637033442.9568202, 1637033444.2281585, 1637033445.486232, 1637033452.7596629, 1637033454.148258, 1637033455.5280933, 1637033456.8671243, 1637033458.186275, 1637033459.4561276, 1637033460.7124646, 1637033468.4977844, 1637033469.764002, 1637033471.0165749, 1637033472.2903872, 1637033473.660776, 1637033475.0661025, 1637033482.7906065, 1637033484.092683, 1637033485.3520532, 1637033486.6314845, 1637033487.9640572, 1637033489.2949262, 1637033490.5637896, 1637033497.633175, 1637033498.9806325, 1637033500.3183134, 1637033501.5869148, 1637033502.8604949, 1637033504.1348128, 1637033505.4127262, 1637033513.720597, 1637033514.9996731, 1637033516.3450708, 1637033517.725268, 1637033519.108897, 1637033520.3682508, 1637033527.6163502, 1637033528.9179482, 1637033530.1608937, 1637033531.4203146, 1637033532.686544, 1637033533.9630804, 1637033535.266352, 1637033542.9131043, 1637033544.291249, 1637033545.7183607, 1637033546.990204, 1637033548.268727, 1637033549.5398252, 1637033550.813952, 1637033559.0607035, 1637033560.321818, 1637033561.5877407, 1637033562.864283, 1637033564.1379707, 1637033565.3912835, 1637033572.3475113, 1637033573.7130773, 1637033575.0412333, 1637033576.3579655, 1637033577.6602783, 1637033579.0734346, 1637033580.3753812, 1637033588.3483791, 1637033589.6016643, 1637033590.9118443, 1637033592.2969632, 1637033593.6098392, 1637033594.8611934, 1637033596.1089704, 1637033605.1077816, 1637033606.3695154, 1637033607.6249974, 1637033608.8875396, 1637033610.1495829, 1637033611.4121475, 1637033619.1391592, 1637033620.4235806, 1637033621.6524646, 1637033622.9403725, 1637033624.2281933, 1637033625.483869, 1637033626.7671638, 1637033634.9576702, 1637033636.3536222, 1637033637.7420642, 1637033639.1202211, 1637033640.3986642, 1637033641.6935022, 1637033642.960844, 1637033651.0638633, 1637033652.318007, 1637033653.5875535, 1637033654.8812847, 1637033656.134807, 1637033657.3944602, 1637033665.9564657, 1637033667.2266407, 1637033668.4862838, 1637033669.7519853, 1637033671.0408015, 1637033672.3295507, 1637033673.6014483, 1637033681.5671735, 1637033682.8364904, 1637033684.1085887, 1637033685.3499174, 1637033686.595731, 1637033687.9071984, 1637033689.151842, 1637033697.4798524, 1637033698.7329974, 1637033700.004475, 1637033701.2771187, 1637033702.5253341, 1637033703.8673358, 1637033711.9193072, 1637033713.2223556, 1637033714.5110292, 1637033715.7633882, 1637033717.0300367, 1637033718.2884495, 1637033719.5568871, 1637033726.988945, 1637033728.2295449, 1637033729.497163, 1637033730.755752, 1637033732.011459, 1637033733.271631, 1637033734.5601254, 1637033743.864807, 1637033745.2026505, 1637033746.467616, 1637033747.7531822, 1637033749.00549, 1637033750.2588112, 1637033758.2070763, 1637033759.5386674, 1637033760.7853053, 1637033762.044432, 1637033763.3299675, 1637033764.6131477, 1637033765.896398],