{"initial_reset_timestamp": 1637031891.4889781, "timestamps": [1637031891.9105737, 1637031892.150945, 1637031892.388437, 1637031892.626401, 1637031892.8741481, 1637031893.1106453, 1637031893.355833, 1637031897.3686, 1637031897.6122038, 1637031897.8522458, 1637031898.1205628, 1637031898.3572123, 1637031898.5942287, 1637031898.8332546, 1637031903.2459555, 1637031903.4828968, 1637031903.7212718, 1637031903.9605868, 1637031904.2047753, 1637031904.4513075, 1637031904.6907182, 1637031915.0925255, 1637031915.345376, 1637031915.5925906, 1637031915.8452976, 1637031916.100971, 1637031916.364491, 1637031916.6239657, 1637031926.8102715, 1637031927.0502443, 1637031927.2917304, 1637031927.5217295, 1637031927.7829068, 1637031928.0494843, 1637031928.3202705, 1637031938.909157, 1637031939.1855774, 1637031939.4418259, 1637031939.7178125, 1637031939.9899392, 1637031940.241309, 1637031940.4801846, 1637031951.2145784, 1637031951.4494362, 1637031951.6833332, 1637031951.920286, 1637031952.1588228, 1637031952.3975883, 1637031952.6342988, 1637031962.8465865, 1637031963.1571362, 1637031963.4265914, 1637031963.7023947, 1637031963.9518986, 1637031964.2064333, 1637031964.4577503, 1637031974.882583, 1637031975.124096, 1637031975.4088402, 1637031975.6914766, 1637031975.9366238, 1637031976.1869657, 1637031976.4272287, 1637031986.489289, 1637031986.7598827, 1637031987.0263321, 1637031987.275161, 1637031987.521986, 1637031987.763885, 1637031988.0019886, 1637031998.2099638, 1637031998.4677422, 1637031998.728801, 1637031998.9843378, 1637031999.2372532, 1637031999.4959269, 1637031999.748, 1637032010.095278, 1637032010.349152, 1637032010.6087096, 1637032010.8846245, 1637032011.1465385, 1637032011.3966694, 1637032011.6474972, 1637032022.3109338, 1637032022.556354, 1637032022.8163784, 1637032023.067981, 1637032023.3295512, 1637032023.5754204, 1637032023.8343494, 1637032034.4366083, 1637032034.6964397, 1637032034.950559, 1637032035.2047179, 1637032035.457122, 1637032035.7096026, 1637032035.964635, 1637032046.3525732, 1637032046.6510983, 1637032046.9065988, 1637032047.1571896, 1637032047.4071882, 1637032047.6562948, 1637032047.9089768, 1637032057.8612065, 1637032058.1092281, 1637032058.371457, 1637032058.6338427, 1637032058.920809, 1637032059.2277067, 1637032059.4944003, 1637032069.7131817, 1637032069.9845898, 1637032070.244957, 1637032070.535064, 1637032070.8518128, 1637032071.1064699, 1637032071.3566456, 1637032081.6704848, 1637032081.9266462, 1637032082.1836636, 1637032082.4393265, 1637032082.7004445, 1637032082.9674604, 1637032083.2224205, 1637032093.8748713, 1637032094.138168, 1637032094.383363, 1637032094.6430168, 1637032094.909464, 1637032095.1630101, 1637032095.440479, 1637032105.910578, 1637032106.174557, 1637032106.432469, 1637032106.6843112, 1637032106.948044, 1637032107.221719, 1637032107.4762743, 1637032118.0683398, 1637032118.3370976, 1637032118.6127322, 1637032118.8809257, 1637032119.156986, 1637032119.4369795, 1637032119.7321796, 1637032130.705577, 1637032131.031573, 1637032131.3085153, 1637032131.5741854, 1637032131.834674, 1637032132.0973942, 1637032132.3500812, 1637032143.4964797, 1637032143.7835994, 1637032144.0701675, 1637032144.340613, 1637032144.6233394, 1637032145.058507, 1637032145.3623812, 1637032155.9010592, 1637032156.1612406, 1637032156.4189944, 1637032156.680089, 1637032156.9366174, 1637032157.1910462, 1637032157.4507577, 1637032168.337707, 1637032168.6056414, 1637032168.8660212, 1637032169.143047, 1637032169.3922517, 1637032169.6443942, 1637032169.9008214, 1637032181.2929206, 1637032181.548136, 1637032181.8543363, 1637032182.144812, 1637032182.4214704, 1637032182.682582, 1637032182.9781797, 1637032193.732024, 1637032194.012954, 1637032194.3076742, 1637032194.5953817, 1637032194.8830562, 1637032195.2537658, 1637032195.509431, 1637032206.2790387, 1637032206.5335598, 1637032206.7848577, 1637032207.7228813, 1637032207.9965622, 1637032208.2725675, 1637032208.5456855, 1637032218.827783, 1637032219.0845976, 1637032219.351298, 1637032219.6443868, 1637032219.9085546, 1637032220.1612933, 1637032220.4371252, 1637032230.7657413, 1637032231.0213342, 1637032231.2842965, 1637032231.5488205, 1637032231.8071954, 1637032232.063205, 1637032232.3254342, 1637032242.679447, 1637032242.9438498, 1637032243.191721, 1637032243.4458923, 1637032243.6979115, 1637032243.9426403, 1637032244.1974525, 1637032254.2536905, 1637032254.5024977, 1637032254.7515347, 1637032255.035936, 1637032255.2820268, 1637032255.5379014, 1637032255.7968795, 1637032266.1212246, 1637032266.381899, 1637032266.6582625, 1637032266.9379497, 1637032267.2113729, 1637032267.4872012, 1637032267.7599268, 1637032278.3762188, 1637032278.6296065, 1637032278.8899932, 1637032279.1452198, 1637032279.4004157, 1637032279.6502411, 1637032279.902542, 1637032290.1038098, 1637032290.4197469, 1637032290.673712, 1637032290.92423, 1637032291.1726406, 1637032291.4461381, 1637032291.6998425, 1637032302.173843, 1637032302.4300275, 1637032302.6837044, 1637032302.9586906, 1637032303.2134101, 1637032303.5152383, 1637032303.7706046, 1637032314.8911877, 1637032315.1915078, 1637032315.5180113, 1637032315.7989328, 1637032316.0878587, 1637032316.3536794, 1637032316.6491244, 1637032327.078736, 1637032327.359045, 1637032327.6320496, 1637032327.91689, 1637032328.2160437, 1637032328.5044353, 1637032328.7893245, 1637032339.4923506, 1637032339.7653885, 1637032340.0420797, 1637032340.3608415, 1637032340.6387913, 1637032340.9224577, 1637032341.218665, 1637032351.4437675, 1637032351.7114172, 1637032351.9621034, 1637032352.2184038, 1637032352.4707432, 1637032352.7312238, 1637032353.0000663, 1637032363.3208559, 1637032363.5915184, 1637032363.8624086, 1637032364.1112301, 1637032364.3759408, 1637032364.62763, 1637032364.8816376, 1637032375.0963671, 1637032375.358068, 1637032375.6485662, 1637032375.8987753, 1637032376.1538045, 1637032376.4167268, 1637032376.6941607, 1637032387.3894453, 1637032387.6397543, 1637032387.891469, 1637032388.145712, 1637032388.3922763, 1637032388.6461036, 1637032388.9361243, 1637032399.0978527, 1637032399.3597584, 1637032399.6154838, 1637032399.9172847, 1637032400.1680021, 1637032400.4326007, 1637032400.6880581, 1637032411.151204, 1637032411.4191623, 1637032411.6682363, 1637032411.9177368, 1637032412.1802664, 1637032412.4742365, 1637032412.7265847, 1637032423.002975, 1637032423.2695081, 1637032423.520447, 1637032423.7791338, 1637032424.0481095, 1637032424.3244069, 1637032424.5988219, 1637032435.0012898, 1637032435.296711, 1637032435.5826237, 1637032435.8549972, 1637032436.1044145, 1637032436.362137, 1637032436.608955, 1637032446.9569385, 1637032447.227052, 1637032447.4868038, 1637032447.751766, 1637032448.0126598, 1637032448.271856, 1637032448.53449, 1637032459.0889037, 1637032459.3988533, 1637032459.6742835, 1637032459.9805012, 1637032460.2554247, 1637032460.5189404, 1637032460.7772393, 1637032471.3918164, 1637032471.6460292, 1637032471.8973916, 1637032472.15467, 1637032472.418919, 1637032472.6777961, 1637032472.9893107],