{"initial_reset_timestamp": 1637031889.6404142, "timestamps": [1637031893.4125867, 1637031893.7209022, 1637031894.187646, 1637031894.6190462, 1637031895.0296118, 1637031895.4427588, 1637031898.9217303, 1637031899.3369827, 1637031899.7581794, 1637031900.1746137, 1637031900.5538206, 1637031900.9507496, 1637031901.3530633, 1637031905.3482187, 1637031906.6579032, 1637031907.9575605, 1637031909.2306032, 1637031910.5579953, 1637031911.845337, 1637031913.1874957, 1637031917.682136, 1637031918.9616847, 1637031920.2305703, 1637031921.5782304, 1637031922.8701086, 1637031924.145951, 1637031928.642005, 1637031930.0543067, 1637031931.3129041, 1637031932.632641, 1637031933.9890645, 1637031935.2460608, 1637031936.5206566, 1637031941.1418297, 1637031942.4183233, 1637031943.730613, 1637031944.9959798, 1637031946.3635335, 1637031947.9129224, 1637031949.314044, 1637031953.675385, 1637031954.9220405, 1637031956.1957426, 1637031957.4666312, 1637031958.3662639, 1637031959.6040356, 1637031960.8787408, 1637031965.5697904, 1637031966.3332872, 1637031967.6716568, 1637031968.9849083, 1637031970.267465, 1637031971.5336654, 1637031972.8402596, 1637031977.2941115, 1637031978.5716019, 1637031979.8350737, 1637031981.2044897, 1637031982.4669724, 1637031983.7522137, 1637031988.0979226, 1637031989.3759537, 1637031990.6778367, 1637031991.930118, 1637031993.2162583, 1637031994.4732118, 1637031995.7734723, 1637032000.2146153, 1637032001.4902437, 1637032002.7753098, 1637032004.0803502, 1637032005.3954835, 1637032006.7332723, 1637032008.0167136, 1637032012.4938204, 1637032013.8072708, 1637032015.2226827, 1637032016.5818574, 1637032017.896721, 1637032019.3887694, 1637032023.9315274, 1637032025.2314947, 1637032026.5267348, 1637032027.7906446, 1637032029.1984377, 1637032030.6471667, 1637032031.9163747, 1637032036.432057, 1637032037.7107604, 1637032038.9861317, 1637032040.268076, 1637032041.5482957, 1637032042.839541, 1637032044.1333578, 1637032048.7315755, 1637032049.998166, 1637032051.2708592, 1637032052.534233, 1637032053.769806, 1637032055.04226, 1637032059.610417, 1637032060.9152656, 1637032062.1725967, 1637032063.4450922, 1637032064.7058773, 1637032065.982227, 1637032067.2484143, 1637032071.843453, 1637032073.1336048, 1637032074.4463837, 1637032075.7428854, 1637032077.0548477, 1637032078.3217564, 1637032079.5867045, 1637032084.0785697, 1637032085.5038416, 1637032086.819609, 1637032088.1933503, 1637032089.583817, 1637032091.0001, 1637032095.5490918, 1637032096.8405957, 1637032098.1821625, 1637032099.4751468, 1637032100.7891755, 1637032101.8217962, 1637032103.1523657, 1637032107.686014, 1637032109.0220609, 1637032110.3897574, 1637032111.716401, 1637032113.0127158, 1637032114.28585, 1637032115.583216, 1637032120.391828, 1637032121.8257422, 1637032123.214132, 1637032124.6175063, 1637032126.0077972, 1637032127.305794, 1637032128.579065, 1637032133.3358996, 1637032134.6179836, 1637032136.043067, 1637032137.4399111, 1637032138.9536612, 1637032140.4601088, 1637032145.5779324, 1637032146.8788974, 1637032148.1764314, 1637032149.4723146, 1637032150.7991636, 1637032152.0766196, 1637032153.4393206, 1637032158.0507123, 1637032159.4174025, 1637032160.9151003, 1637032162.3262348, 1637032163.6984131, 1637032165.058981, 1637032166.369636, 1637032171.0709655, 1637032172.4483018, 1637032173.9791467, 1637032175.613225, 1637032177.0483918, 1637032178.3920298, 1637032183.196032, 1637032184.5338233, 1637032185.9356446, 1637032187.2308702, 1637032188.5039082, 1637032189.8503723, 1637032191.250954, 1637032196.1027596, 1637032197.3877099, 1637032198.7239602, 1637032200.042587, 1637032201.447147, 1637032202.7278893, 1637032204.093196, 1637032209.5659153, 1637032210.9480658, 1637032212.2459662, 1637032213.5317197, 1637032214.8081014, 1637032216.1001215, 1637032220.6515918, 1637032221.9179435, 1637032223.2121882, 1637032224.4744887, 1637032225.777489, 1637032227.130804, 1637032228.424365, 1637032232.9201746, 1637032234.2961812, 1637032235.6618695, 1637032236.9624383, 1637032238.2168617, 1637032239.460602, 1637032240.740179, 1637032245.1604168, 1637032246.422865, 1637032247.6771693, 1637032248.9499738, 1637032250.25608, 1637032251.5492454, 1637032256.0112522, 1637032257.2691305, 1637032258.512297, 1637032259.7731447, 1637032261.070745, 1637032262.3938317, 1637032263.6964889, 1637032268.393895, 1637032269.7616167, 1637032271.1568556, 1637032272.4494495, 1637032273.747697, 1637032275.0317407, 1637032276.3074138, 1637032280.8994746, 1637032282.225324, 1637032283.539353, 1637032284.782092, 1637032286.0357044, 1637032287.3734493, 1637032291.9143908, 1637032293.2124026, 1637032294.4809852, 1637032295.8957093, 1637032297.232243, 1637032298.4997709, 1637032299.7483897, 1637032304.3806245, 1637032305.7154908, 1637032307.0575619, 1637032308.4746883, 1637032309.9683833, 1637032311.4431505, 1637032312.77622, 1637032317.6943088, 1637032319.0166857, 1637032320.292943, 1637032321.6025236, 1637032322.869247, 1637032324.1514058, 1637032329.016165, 1637032330.3573577, 1637032331.6242383, 1637032332.909007, 1637032334.2247362, 1637032335.6201367, 1637032337.0404084, 1637032341.8116384, 1637032343.0866044, 1637032344.3636262, 1637032345.6336756, 1637032346.9136794, 1637032348.1739805, 1637032349.4317825, 1637032353.9759824, 1637032355.287199, 1637032356.5932367, 1637032357.9995995, 1637032359.2863986, 1637032360.581695, 1637032365.1043181, 1637032366.367414, 1637032367.6347795, 1637032368.9053712, 1637032370.1764944, 1637032371.5009825, 1637032372.7812643, 1637032377.2657034, 1637032378.501867, 1637032379.76091, 1637032381.075968, 1637032382.539689, 1637032383.995606, 1637032385.388697, 1637032389.8744938, 1637032391.217306, 1637032392.474817, 1637032393.7447937, 1637032395.0469282, 1637032396.342616, 1637032400.8988135, 1637032402.1777754, 1637032403.4816167, 1637032404.809886, 1637032406.141823, 1637032407.46088, 1637032408.7352297, 1637032413.3093495, 1637032414.5756364, 1637032415.8346317, 1637032417.1405063, 1637032418.4385035, 1637032419.707065, 1637032420.9709105, 1637032425.607624, 1637032426.91381, 1637032428.2036674, 1637032429.5180357, 1637032430.7756355, 1637032431.7890823, 1637032433.0626667, 1637032437.6588447, 1637032438.958917, 1637032440.256763, 1637032441.6231031, 1637032442.934615, 1637032444.2290938, 1637032448.8827345, 1637032450.185232, 1637032451.5245733, 1637032452.8199236, 1637032454.1354907, 1637032455.4083004, 1637032456.7063026, 1637032461.2885365, 1637032462.4351869, 1637032463.7257597, 1637032465.1159623, 1637032466.5158863, 1637032467.6617603, 1637032468.942067, 1637032473.564296, 1637032474.8313117, 1637032476.1032388, 1637032477.3775923, 1637032478.6668863, 1637032479.9704823, 1637032481.302449],