{"initial_reset_timestamp": 1637161575.6966057, "timestamps": [1637161576.3391597, 1637161576.6687977, 1637161576.9968793, 1637161577.3318667, 1637161577.6642084, 1637161577.9947808, 1637161578.3207154, 1637161583.0313275, 1637161583.3728523, 1637161583.7256186, 1637161584.1044173, 1637161584.3581684, 1637161584.7022917, 1637161585.0647094, 1637161585.4173613, 1637161590.4708755, 1637161590.8106675, 1637161591.1418717, 1637161591.4842067, 1637161591.834851, 1637161592.191588, 1637161592.5762048, 1637161592.9331565, 1637161606.4647171, 1637161606.7230778, 1637161607.0566294, 1637161607.4049382, 1637161607.7446055, 1637161608.068354, 1637161608.4010162, 1637161608.743242, 1637161622.2766483, 1637161622.616298, 1637161622.960235, 1637161623.2971296, 1637161623.6425188, 1637161624.0031745, 1637161624.3536928, 1637161638.1607463, 1637161638.5005555, 1637161638.85027, 1637161639.206567, 1637161639.5484457, 1637161639.9235632, 1637161640.2667406, 1637161653.8726656, 1637161654.210182, 1637161654.561315, 1637161654.895066, 1637161655.2287586, 1637161655.567342, 1637161655.9032347, 1637161669.2472248, 1637161669.593143, 1637161669.9563837, 1637161670.302835, 1637161670.6440895, 1637161670.9738812, 1637161671.2982497, 1637161685.0948977, 1637161685.4435265, 1637161685.7824426, 1637161686.12495, 1637161686.468939, 1637161686.8162587, 1637161687.1606812, 1637161700.6229064, 1637161700.9701874, 1637161701.2977462, 1637161701.7082708, 1637161702.0527058, 1637161702.3836873, 1637161702.7275627, 1637161716.3667738, 1637161716.7058587, 1637161717.05671, 1637161717.3999457, 1637161717.7279534, 1637161718.0571582, 1637161718.4015162, 1637161732.184404, 1637161732.5343275, 1637161732.8885071, 1637161733.2359757, 1637161733.5889275, 1637161733.9384563, 1637161734.2757268, 1637161747.85235, 1637161748.190519, 1637161748.531623, 1637161748.8772545, 1637161749.2111025, 1637161749.5703132, 1637161749.9031053, 1637161763.8540688, 1637161764.1858964, 1637161764.519035, 1637161764.8580096, 1637161765.1928642, 1637161765.5413277, 1637161765.8902595, 1637161779.3185244, 1637161779.6706667, 1637161780.00591, 1637161780.345576, 1637161780.6689134, 1637161781.0270863, 1637161781.3643649, 1637161795.0959935, 1637161795.551911, 1637161795.9121242, 1637161796.2677417, 1637161796.645305, 1637161797.046106, 1637161797.4255323, 1637161811.308426, 1637161811.6551256, 1637161812.0064263, 1637161812.3384511, 1637161812.688615, 1637161813.0770273, 1637161813.4120855, 1637161826.9561882, 1637161827.313419, 1637161827.6443098, 1637161827.9824798, 1637161828.3225272, 1637161828.6586823, 1637161829.0003426, 1637161842.864275, 1637161843.1912591, 1637161843.5394526, 1637161843.8872411, 1637161844.2233362, 1637161844.6035466, 1637161844.941464, 1637161858.6951814, 1637161859.0393343, 1637161859.3931804, 1637161859.7526119, 1637161860.100357, 1637161860.455417, 1637161860.7981386, 1637161874.6598275, 1637161875.003016, 1637161875.3357182, 1637161875.690819, 1637161876.0413706, 1637161876.3792045, 1637161876.7120912, 1637161892.8102818, 1637161893.1455944, 1637161893.518715, 1637161893.8762028, 1637161894.2370415, 1637161894.5795977, 1637161894.935155, 1637161910.2448645, 1637161910.5101655, 1637161910.846052, 1637161911.1926467, 1637161911.5404577, 1637161911.9035592, 1637161912.1484113, 1637161912.4887094, 1637161912.820605, 1637161928.1088135, 1637161928.4447937, 1637161928.7863517, 1637161929.1309268, 1637161929.457185, 1637161929.8363507, 1637161930.185968, 1637161944.7363906, 1637161945.04871, 1637161945.3217657, 1637161945.6624913, 1637161946.0051062, 1637161946.3447678, 1637161946.689874, 1637161946.980257, 1637161961.3488398, 1637161961.6833923, 1637161962.025558, 1637161962.3408437, 1637161962.6737695, 1637161963.0109737, 1637161963.3545754, 1637161978.231672, 1637161978.5609365, 1637161978.8784616, 1637161979.2394123, 1637161979.606439, 1637161979.9729888, 1637161980.3183556, 1637161980.6600363, 1637161994.384151, 1637161994.6476102, 1637161994.9529598, 1637161995.2736921, 1637161995.6117737, 1637161995.959522, 1637161996.306903, 1637161996.6077268, 1637162010.9388642, 1637162011.2775762, 1637162011.6114242, 1637162011.973608, 1637162012.3052528, 1637162012.6572602, 1637162012.921118, 1637162013.2555487, 1637162027.3730059, 1637162027.6894433, 1637162028.0470526, 1637162028.3922834, 1637162028.7392464, 1637162029.0836914, 1637162029.4311528, 1637162029.7909915, 1637162043.5783348, 1637162043.8173575, 1637162044.1501684, 1637162044.500027, 1637162044.8651125, 1637162045.1764216, 1637162045.5100412, 1637162045.8439558, 1637162059.5559177, 1637162059.9182584, 1637162060.2509716, 1637162060.5530503, 1637162060.8135746, 1637162061.1334534, 1637162061.4679146, 1637162061.7753172, 1637162062.1159654, 1637162076.2756567, 1637162076.6109169, 1637162076.9579177, 1637162077.3128028, 1637162077.596693, 1637162077.958684, 1637162078.19693, 1637162078.5461178, 1637162094.1477509, 1637162094.5229883, 1637162094.8597615, 1637162095.1961327, 1637162095.4355428, 1637162095.7499466, 1637162096.1032743, 1637162096.427181, 1637162096.7601166, 1637162112.0072007, 1637162112.2576504, 1637162112.5230744, 1637162112.840669, 1637162113.153698, 1637162113.4403517, 1637162113.7772563, 1637162114.0337682, 1637162114.2962813, 1637162114.644055, 1637162131.5787032, 1637162131.9198725, 1637162132.2796102, 1637162132.5847025, 1637162132.9000163, 1637162133.2419126, 1637162133.5272298, 1637162133.859015, 1637162150.6680226, 1637162150.977622, 1637162151.3164637, 1637162151.6808515, 1637162152.0233457, 1637162152.3596401, 1637162152.6546104, 1637162153.0193584, 1637162169.6311088, 1637162170.002948, 1637162170.3374343, 1637162170.630455, 1637162170.8857117, 1637162171.1988504, 1637162171.4970677, 1637162171.844769, 1637162189.418708, 1637162189.7210226, 1637162189.9626627, 1637162190.2833176, 1637162190.5493653, 1637162190.8376286, 1637162191.1279547, 1637162191.3664892, 1637162191.6970818, 1637162192.0321212, 1637162192.3866067, 1637162210.492508, 1637162210.8265955, 1637162211.0646722, 1637162211.3687057, 1637162211.6491363, 1637162211.9979095, 1637162212.2864497, 1637162212.6036713, 1637162212.901279, 1637162230.69631, 1637162231.0292232, 1637162231.3809552, 1637162231.6531694, 1637162231.994027, 1637162232.3432026, 1637162232.6785789, 1637162233.016406, 1637162250.099758, 1637162250.4261072, 1637162250.6724772, 1637162250.936299, 1637162251.2269652, 1637162251.5392787, 1637162251.863414, 1637162252.1473558, 1637162252.5195174, 1637162252.8147027, 1637162270.320726, 1637162270.5714157, 1637162270.7940922, 1637162271.0354016, 1637162271.298539, 1637162271.5372298, 1637162271.8246005, 1637162272.0994775, 1637162272.4012504, 1637162272.686459, 1637162272.9552026, 1637162273.2564178, 1637162290.9673061, 1637162291.245521, 1637162291.4833612, 1637162291.7036877, 1637162291.9707956, 1637162292.2385454, 1637162292.5214865, 1637162292.7699366, 1637162293.0710702, 1637162293.4141073, 1637162293.7441993, 1637162294.0039318, 1637162312.4108279, 1637162312.680071, 1637162312.9435334, 1637162313.212063, 1637162313.4948227, 1637162313.8133764, 1637162314.0829818, 1637162314.3664188, 1637162314.7115362, 1637162315.010831, 1637162315.3060014, 1637162335.2429495, 1637162335.4947672, 1637162335.7744713, 1637162336.051865, 1637162336.391395, 1637162336.7337754, 1637162337.0307512, 1637162337.3655303, 1637162337.672866, 1637162337.9629204, 1637162356.874484, 1637162357.1593206, 1637162357.3969316, 1637162357.6282077, 1637162357.8727539, 1637162358.135486, 1637162358.4404795, 1637162358.6797786, 1637162358.9377613, 1637162359.2539535, 1637162359.5004025, 1637162359.7271173, 1637162359.9957278, 1637162360.2362883, 1637162360.5070908, 1637162379.3151395, 1637162379.554327, 1637162379.856538, 1637162380.0943637, 1637162380.3507102, 1637162380.6116135, 1637162380.9200766, 1637162381.1442142, 1637162381.4282775, 1637162381.6879601, 1637162382.0119796, 1637162382.2813582, 1637162382.5493906, 1637162382.8185558, 1637162403.8820443, 