{"initial_reset_timestamp": 1637050807.7404702, "timestamps": [1637050808.2433794, 1637050808.5453498, 1637050808.8631725, 1637050809.158997, 1637050809.460216, 1637050809.7543302, 1637050810.050619, 1637050810.3551164, 1637050810.653689, 1637050810.9491472, 1637050817.028476, 1637050817.3190758, 1637050817.620737, 1637050817.9088094, 1637050818.2079988, 1637050818.5093944, 1637050818.8058548, 1637050819.101821, 1637050819.3985133, 1637050819.693188, 1637050825.938354, 1637050826.2444885, 1637050826.5559185, 1637050826.8631814, 1637050827.1819956, 1637050827.4667363, 1637050827.758884, 1637050828.0539184, 1637050828.3513994, 1637050828.6643023, 1637050841.2388551, 1637050841.5636277, 1637050841.8577445, 1637050842.1537642, 1637050842.476455, 1637050842.7721183, 1637050843.076235, 1637050843.3973396, 1637050843.693274, 1637050843.9783065, 1637050856.503432, 1637050856.8082736, 1637050857.1107976, 1637050857.4078667, 1637050857.6953025, 1637050857.9895322, 1637050858.2836745, 1637050858.5715592, 1637050858.8604004, 1637050859.1332607, 1637050870.3817182, 1637050870.6477077, 1637050870.9066393, 1637050871.171979, 1637050871.4340959, 1637050871.6934857, 1637050871.9611, 1637050872.264383, 1637050872.5311425, 1637050872.7914894, 1637050884.092978, 1637050884.3553545, 1637050884.6255958, 1637050884.8984473, 1637050885.1838331, 1637050885.4575882, 1637050885.721925, 1637050885.9923575, 1637050886.2631834, 1637050886.5346842, 1637050897.6803136, 1637050897.9469311, 1637050898.2056794, 1637050898.4782515, 1637050898.7420826, 1637050899.0051165, 1637050899.2631161, 1637050899.525001, 1637050899.791656, 1637050900.0641544, 1637050911.2473059, 1637050911.5180564, 1637050911.7851553, 1637050912.0510538, 1637050912.336314, 1637050912.6037476, 1637050912.8627849, 1637050913.1249835, 1637050913.4008765, 1637050913.6736932, 1637050924.8965764, 1637050925.2265227, 1637050925.5083964, 1637050925.7978122, 1637050926.090234, 1637050926.3891592, 1637050926.684175, 1637050926.9739606, 1637050927.2598343, 1637050927.5485144, 1637050939.3514793, 1637050939.6589856, 1637050939.9342122, 1637050940.2020428, 1637050940.5266552, 1637050940.8116212, 1637050941.111346, 1637050941.4051266, 1637050941.687859, 1637050941.985483, 1637050954.3949282, 1637050954.71015, 1637050954.9791164, 1637050955.256817, 1637050955.5230186, 1637050955.7962668, 1637050956.0841064, 1637050956.3510485, 1637050956.6197348, 1637050956.9225025, 1637050969.2167273, 1637050969.5157528, 1637050969.8596203, 1637050970.165198, 1637050970.4685936, 1637050970.752275, 1637050971.0820467, 1637050971.4085133, 1637050971.7204587, 1637050972.021073, 1637050972.3245666, 1637050985.019098, 1637050985.2891762, 1637050985.5578897, 1637050985.831618, 1637050986.104822, 1637050986.3776407, 1637050986.6456637, 1637050986.9200475, 1637050987.189288, 1637050987.4641292, 1637051000.38256, 1637051000.6759408, 1637051000.9756858, 1637051001.2643595, 1637051001.557203, 1637051001.8564212, 1637051002.1558237, 1637051002.4551172, 1637051002.8141265, 1637051003.1109717, 1637051003.3957338, 1637051016.1615677, 1637051016.4616156, 1637051016.7714808, 1637051017.0842736, 1637051017.3859022, 1637051017.6954467, 1637051018.0023446, 1637051018.3515522, 1637051018.6531534, 1637051018.9525764, 1637051030.4953797, 1637051030.7675085, 1637051031.0175235, 1637051031.2933054, 1637051031.5762084, 1637051031.8511288, 1637051032.1219578, 1637051032.4297206, 1637051032.6945786, 1637051032.9725637, 1637051033.2578564, 1637051044.9093652, 1637051045.1867492, 1637051045.4547153, 1637051045.7359135, 1637051046.0512936, 1637051046.3294315, 1637051046.6117597, 1637051046.8797426, 1637051047.1525443, 1637051047.4292274, 1637051047.714162, 1637051059.9500313, 1637051060.2603054, 1637051060.5647998, 1637051060.8731878, 1637051061.1354322, 1637051061.4350557, 1637051061.7075684, 1637051061.9829347, 1637051062.2648485, 1637051062.5368981, 1637051074.1493857, 1637051074.413775, 1637051074.661493, 1637051074.9788115, 1637051075.2479644, 1637051075.518144, 1637051075.902445, 1637051076.1681268, 1637051076.4380963, 1637051076.7024016, 1637051077.0075257, 1637051089.1812603, 1637051089.4435723, 1637051089.7098298, 1637051089.9787602, 1637051090.2510886, 1637051090.5300276, 1637051090.8044987, 1637051091.0729237, 1637051091.344168, 1637051091.617058, 1637051091.8657415, 1637051103.2456317, 1637051103.5450575, 1637051103.8120673, 1637051104.102417, 1637051104.363344, 1637051104.6248457, 1637051104.896789, 1637051105.185944, 1637051105.475184, 1637051105.7685318, 1637051106.0998216, 1637051118.2219055, 1637051118.4854279, 1637051118.7535408, 1637051119.0362024, 1637051119.3217514, 1637051119.606878, 1637051119.8979359, 1637051120.1828144, 1637051120.461751, 1637051120.7382479, 1637051132.4068787, 1637051132.6773057, 1637051132.9416587, 1637051133.2133467, 1637051133.5026765, 1637051133.7820265, 1637051134.0650053, 1637051134.3341992, 1637051134.6048653, 1637051134.9777818, 1637051146.2767298, 1637051146.5662403, 1637051146.8482065, 1637051147.1233995, 1637051147.4002895, 1637051147.6850047, 1637051147.958255, 1637051148.2267444, 1637051148.490519, 1637051148.835187, 1637051161.1893673, 1637051161.4876697, 1637051161.7967706, 1637051162.1111097, 1637051162.397411, 1637051162.6944695, 1637051162.9896853, 1637051163.2868595, 1637051163.6273005, 1637051163.9711196, 1637051164.290861, 1637051176.2989626, 1637051176.5708275, 1637051176.8459814, 1637051177.125403, 1637051177.3967621, 1637051177.6660607, 1637051177.9222026, 1637051178.1987677, 1637051178.5157006, 1637051178.7959642, 1637051179.071371, 1637051190.388539, 1637051190.659244, 1637051190.9284983, 1637051191.2029054, 1637051191.478143, 1637051191.7224886, 1637051192.0016813, 1637051192.311059, 1637051192.5908911, 1637051192.8769455, 1637051193.1416838, 1637051204.5733275, 1637051204.8730457, 1637051205.176168, 1637051205.4738908, 1637051205.769976, 1637051206.0508964, 1637051206.3465307, 1637051206.6917317, 1637051206.9877443, 1637051207.2881935, 1637051207.5823216, 1637051220.21814, 1637051220.5185373, 1637051220.8219368, 1637051221.1189468, 1637051221.395945, 1637051221.75175, 1637051222.070134, 1637051222.3746643, 1637051222.6448514, 1637051222.926421, 1637051223.1839502, 1637051234.9424796, 1637051235.2472587, 1637051235.54849, 1637051235.857272, 1637051236.2071462, 1637051236.508265, 1637051236.8134031, 1637051237.1315966, 1637051237.4326293, 1637051237.7399547, 1637051250.5543628, 1637051250.8552363, 1637051251.159681, 1637051251.4356542, 1637051251.740454, 1637051252.029532, 1637051252.3111444, 1637051252.5955956, 1637051252.8764198, 1637051253.1482906, 1637051253.4206438, 1637051265.484904, 1637051265.7789526, 1637051266.1324272, 1637051266.4330175, 1637051266.7443047, 1637051267.0430276, 1637051267.3460844, 1637051267.6499052, 1637051267.9520721, 1637051268.2505655, 1637051280.3783047, 1637051280.6530507, 1637051280.9745927, 1637051281.2455084, 1637051281.54003, 1637051281.8259485, 1637051282.133502, 1637051282.404768, 1637051282.676062, 1637051282.974219, 1637051283.269527, 1637051296.0108564, 1637051296.2610068, 1637051296.533931, 1637051296.7943687, 1637051297.0973644, 1637051297.367869, 1637051297.6397521, 1637051297.9217691, 1637051298.1978822, 1637051298.4683776, 1637051298.7302666, 1637051310.071716, 1637051310.3482955, 1637051310.6257858, 1637051310.9006095, 1637051311.1765168, 1637051311.4471292, 1637051311.7170417, 1637051311.990101, 1637051312.2586014, 1637051312.5303617, 1637051324.007767, 1637051324.2816305, 1637051324.5487282, 1637051324.8116407, 1637051325.083496, 1637051325.359309, 1637051325.6265101, 1637051325.9147418, 1637051326.2011173, 1637051326.5149505, 1637051338.836995, 1637051339.1119123, 1637051339.384013, 1637051339.6487505, 1637051339.8982663, 1637051340.1368582, 1637051340.4156814, 1637051340.681332, 1637051340.9505463, 1637051341.2187397, 1637051341.5033638, 1637051341.7833617, 1637051353.1924305, 1637051353.512957, 1637051353.80321, 1637051354.1119585, 1637051354.393397, 