{"initial_reset_timestamp": 1637050805.6734517, "timestamps": [1637050810.9950771, 1637050811.3416657, 1637050811.760327, 1637050812.2314634, 1637050812.6763911, 1637050813.1399224, 1637050813.5839028, 1637050814.0026283, 1637050814.4390452, 1637050814.8783152, 1637050819.8711436, 1637050820.33395, 1637050820.7611003, 1637050821.225079, 1637050821.6418037, 1637050822.0995612, 1637050822.5143964, 1637050822.9879532, 1637050823.4230742, 1637050823.8439949, 1637050829.4585376, 1637050830.4946501, 1637050831.61587, 1637050832.6586099, 1637050833.728715, 1637050834.7897873, 1637050835.8487308, 1637050836.8960216, 1637050837.9377732, 1637050839.006212, 1637050844.781701, 1637050845.8954537, 1637050846.9509377, 1637050848.0058975, 1637050849.0536044, 1637050850.1212645, 1637050851.1503701, 1637050852.201007, 1637050853.2452202, 1637050854.3222282, 1637050859.8598282, 1637050860.8162882, 1637050861.805501, 1637050862.7579548, 1637050863.719247, 1637050864.6860297, 1637050865.6478193, 1637050866.5831096, 1637050867.5177321, 1637050868.4185054, 1637050873.5400362, 1637050874.2913518, 1637050875.2938957, 1637050876.2487497, 1637050877.2090123, 1637050878.1633794, 1637050879.1324818, 1637050880.0970159, 1637050881.0208898, 1637050881.9788184, 1637050887.0504184, 1637050887.981779, 1637050888.9981298, 1637050889.9349802, 1637050890.880078, 1637050891.8303132, 1637050892.7738936, 1637050893.7329764, 1637050894.6626375, 1637050895.5923014, 1637050900.5895922, 1637050901.5396268, 1637050902.4655282, 1637050903.4712422, 1637050904.4251037, 1637050905.3658063, 1637050906.302201, 1637050907.260336, 1637050908.209628, 1637050909.148546, 1637050914.2034743, 1637050915.1549156, 1637050916.0763707, 1637050917.0575101, 1637050918.0299265, 1637050918.9798305, 1637050919.9210258, 1637050920.852674, 1637050921.7925758, 1637050922.7355669, 1637050928.1159506, 1637050929.151012, 1637050930.1827986, 1637050931.2386916, 1637050932.3554888, 1637050933.4478986, 1637050934.4113111, 1637050935.3675208, 1637050936.334678, 1637050937.2883224, 1637050942.511893, 1637050943.4969783, 1637050944.5326052, 1637050945.5987856, 1637050946.7224243, 1637050947.8006139, 1637050948.8893502, 1637050949.9695232, 1637050951.0189245, 1637050952.0769641, 1637050957.458236, 1637050958.431312, 1637050959.399359, 1637050960.4140034, 1637050961.5902915, 1637050962.7225208, 1637050963.689101, 1637050964.4694855, 1637050965.4981563, 1637050966.574528, 1637050972.593487, 1637050973.6835256, 1637050974.7418208, 1637050975.8556268, 1637050976.9191413, 1637050977.7328413, 1637050978.6635182, 1637050979.7704735, 1637050980.3537862, 1637050981.129794, 1637050982.030087, 1637050982.8203626, 1637050987.8148403, 1637050988.5649872, 1637050989.4758646, 1637050990.03659, 1637050991.0079718, 1637050992.0246282, 1637050992.674059, 1637050993.3980997, 1637050994.489534, 1637050995.5521874, 1637050996.614388, 1637050997.2387004, 1637050998.111896, 1637051004.0839028, 1637051004.7489197, 1637051005.4798827, 1637051006.1267035, 1637051007.1763902, 1637051008.0813842, 1637051009.109216, 1637051010.141123, 1637051011.1903663, 1637051012.2826166, 1637051013.281195, 1637051018.9564686, 1637051020.000492, 1637051021.1163387, 1637051022.1350377, 1637051023.1044154, 1637051024.0676167, 1637051025.0287762, 1637051025.9789312, 1637051026.9377756, 1637051027.9334667, 1637051033.2608066, 1637051034.2195482, 1637051035.1802273, 1637051036.1314576, 1637051037.1150417, 1637051038.0657668, 1637051038.5955467, 1637051039.4995615, 1637051040.0278156, 1637051040.9754734, 1637051041.9258497, 1637051042.875145, 1637051048.3286273, 1637051049.2792819, 1637051050.2821922, 1637051051.1836371, 1637051052.0127509, 1637051053.1123862, 1637051054.2559092, 1637051055.3020535, 1637051056.3417864, 1637051057.3529987, 1637051062.7500339, 1637051063.7324698, 1637051064.6884828, 1637051065.6380007, 1637051066.5941865, 1637051067.265278, 1637051068.2316823, 1637051069.0118976, 1637051069.7473116, 1637051070.7339659, 1637051071.738934, 1637051077.1779315, 1637051077.9832177, 1637051078.683013, 1637051079.4785402, 1637051080.0734866, 1637051080.8639634, 1637051081.819113, 1637051082.7729304, 1637051083.5581615, 1637051084.499536, 1637051085.4324453, 1637051086.5548713, 1637051087.2768223, 1637051092.4393408, 1637051093.136142, 1637051094.119828, 1637051095.0685577, 1637051096.0237494, 1637051096.987434, 1637051097.9359415, 1637051098.8711782, 1637051099.8377502, 1637051100.787992, 1637051106.3388734, 1637051107.3533766, 1637051108.3911602, 1637051109.4747107, 1637051110.5220208, 1637051111.556537, 1637051112.615805, 1637051113.678586, 1637051114.7261715, 1637051115.7498863, 1637051120.9790413, 1637051121.9921584, 1637051122.9345064, 1637051123.7252553, 1637051124.7037776, 1637051125.243419, 1637051126.2025118, 1637051127.1735635, 1637051128.1119866, 1637051129.0718002, 1637051129.877388, 1637051135.1907132, 1637051136.135685, 1637051137.0918286, 1637051137.9674757, 1637051138.9166577, 1637051139.858909, 1637051140.8430316, 1637051141.843889, 1637051142.799152, 1637051143.767209, 1637051148.9783118, 1637051149.967995, 1637051151.0367465, 1637051152.1010222, 1637051153.1615834, 1637051154.2415614, 1637051155.2884862, 1637051156.317083, 1637051157.3901174, 1637051158.4502187, 1637051164.4353783, 1637051165.476185, 1637051166.5169668, 1637051167.5549302, 1637051168.456172, 1637051169.5082629, 1637051170.5595407, 1637051171.5431528, 1637051172.5320463, 1637051173.4965625, 1637051174.438987, 1637051179.8079393, 1637051180.768958, 1637051181.71405, 1637051182.6721241, 1637051183.649956, 1637051184.5988677, 1637051185.5600035, 1637051186.5635822, 1637051187.5387628, 1637051188.4874177, 1637051193.8588874, 1637051194.805773, 1637051195.627626, 1637051196.557411, 1637051197.5231647, 1637051198.482277, 1637051199.4292758, 1637051200.3936815, 1637051201.3708112, 1637051202.4312372, 1637051208.1719341, 1637051209.2194712, 1637051210.2636223, 1637051211.3108907, 1637051212.000841, 1637051213.0426424, 1637051213.7252326, 1637051214.787034, 1637051215.893668, 1637051216.9607706, 1637051218.0445237, 1637051223.8442445, 1637051224.8122225, 1637051225.7997851, 1637051226.7378163, 1637051227.6790128, 1637051228.6208613, 1637051229.5695877, 1637051230.6000874, 1637051231.627924, 1637051232.4427657, 1637051238.2176106, 1637051239.2614088, 1637051240.3359394, 1637051241.3583558, 1637051241.990316, 1637051243.039759, 1637051244.107475, 1637051245.2277746, 1637051245.9788432, 1637051247.0311189, 1637051247.8059573, 1637051253.7257724, 1637051254.6749337, 1637051255.6453133, 1637051256.49293, 1637051257.3226678, 1637051258.0110242, 1637051259.028973, 1637051259.9900372, 1637051260.9559643, 1637051261.9333382, 1637051262.5509179, 1637051268.2628558, 1637051269.3704052, 1637051270.4118462, 1637051271.4581504, 1637051272.4342272, 1637051273.5598176, 1637051274.5118463, 1637051275.4770029, 1637051276.419439, 1637051277.3821652, 1637051278.3998306, 1637051283.9701772, 1637051285.0442874, 1637051286.0556896, 1637051286.8085856, 1637051287.6978443, 1637051288.7443068, 1637051289.8389192, 1637051290.8897297, 1637051291.9169285, 1637051292.971892, 1637051293.9062777, 1637051299.3861504, 1637051300.3535764, 1637051301.3572023, 1637051302.322228, 1637051303.2764025, 1637051304.251927, 1637051305.20811, 1637051306.1388946, 1637051307.1041493, 1637051308.0369918, 1637051313.1422637, 1637051314.1406548, 1637051315.1574547, 1637051316.0974493, 1637051317.043232, 1637051317.996026, 1637051318.941659, 1637051319.9098063, 1637051320.8889756, 1637051321.8722963, 1637051327.1615915, 1637051328.2060428, 1637051329.3387659, 1637051330.3580875, 1637051331.4318106, 1637051332.502059, 1637051333.5860605, 1637051334.6617835, 1637051335.714852, 1637051336.7307894, 1637051342.3985784, 1637051343.3926854, 1637051344.3909469, 1637051345.362619, 1637051346.3424914, 1637051347.281681, 1637051348.2211463, 1637051349.166551, 1637051350.112502, 1637051351.0504835, 1637051356.8996105, 1637051357.4507911, 