{"initial_reset_timestamp": 1637013376.6448889, "timestamps": [1637013377.0678437, 1637013377.310044, 1637013377.5566568, 1637013377.794102, 1637013378.0325272, 1637013378.2732348, 1637013378.511834, 1637013382.590468, 1637013382.8317444, 1637013383.0753646, 1637013383.3436215, 1637013383.580707, 1637013383.8142738, 1637013384.0492873, 1637013388.2225323, 1637013388.4817564, 1637013388.7196264, 1637013388.9525461, 1637013389.2092938, 1637013389.4495723, 1637013389.68148, 1637013399.2044663, 1637013399.4366245, 1637013399.660082, 1637013399.8882642, 1637013400.1117415, 1637013400.3384635, 1637013400.565898, 1637013409.9555528, 1637013410.182243, 1637013410.4085739, 1637013410.6439967, 1637013410.869669, 1637013411.1011345, 1637013411.3259835, 1637013420.884515, 1637013421.1202183, 1637013421.373974, 1637013421.603722, 1637013421.8414383, 1637013422.0738912, 1637013422.3093488, 1637013431.9100983, 1637013432.1453674, 1637013432.3772078, 1637013432.6129024, 1637013432.8495364, 1637013433.084067, 1637013433.317198, 1637013442.6954072, 1637013442.9393208, 1637013443.2045987, 1637013443.4578278, 1637013443.6938498, 1637013443.932637, 1637013444.1714401, 1637013453.7737188, 1637013454.012436, 1637013454.2507477, 1637013454.51182, 1637013454.746929, 1637013455.019062, 1637013455.2649977, 1637013464.8166602, 1637013465.0619426, 1637013465.2979813, 1637013465.5354342, 1637013465.7798204, 1637013466.0205286, 1637013466.2554545, 1637013475.6813624, 1637013475.920131, 1637013476.1589844, 1637013476.4003868, 1637013476.6417923, 1637013476.877829, 1637013477.1148481, 1637013486.6594884, 1637013486.8989253, 1637013487.139681, 1637013487.3861036, 1637013487.631962, 1637013487.8720045, 1637013488.1131883, 1637013497.6503165, 1637013497.8949308, 1637013498.1342556, 1637013498.3754137, 1637013498.6149728, 1637013498.8591897, 1637013499.099941, 1637013508.4593873, 1637013508.696043, 1637013508.9290056, 1637013509.1659079, 1637013509.4071977, 1637013509.6484718, 1637013509.8894284, 1637013519.402036, 1637013519.6318712, 1637013519.9048326, 1637013520.1437018, 1637013520.3832715, 1637013520.6171274, 1637013520.8588676, 1637013530.4362652, 1637013530.6682303, 1637013530.9109411, 1637013531.154408, 1637013531.389804, 1637013531.627514, 1637013531.8925385, 1637013541.3191726, 1637013541.556566, 1637013541.7903771, 1637013542.0248184, 1637013542.2566905, 1637013542.4950075, 1637013542.7348201, 1637013552.291746, 1637013552.5390804, 1637013552.781803, 1637013553.0174348, 1637013553.2625244, 1637013553.5058742, 1637013553.743668, 1637013563.2969506, 1637013563.5409818, 1637013563.781652, 1637013564.0217118, 1637013564.2586179, 1637013564.4963646, 1637013564.7419524, 1637013574.2247193, 1637013574.4608872, 1637013574.7021914, 1637013574.946118, 1637013575.1879086, 1637013575.431265, 1637013575.676839, 1637013585.2138557, 1637013585.4920826, 1637013585.735429, 1637013585.9764175, 1637013586.2160554, 1637013586.4579995, 1637013586.7001193, 1637013596.3164537, 1637013596.5607514, 1637013596.7991183, 1637013597.0449939, 1637013597.3205163, 1637013597.5526848, 1637013597.7938502, 1637013607.255935, 1637013607.5037847, 1637013607.7453039, 1637013607.985503, 1637013608.2220602, 1637013608.4658437, 1637013608.7056813, 1637013618.3290396, 1637013618.5801942, 1637013618.8280299, 1637013619.0776286, 1637013619.31988, 1637013619.5644631, 1637013619.8040104, 1637013629.4876833, 1637013629.7252636, 1637013629.9718845, 1637013630.2174435, 1637013630.459439, 1637013630.6994689, 1637013630.943449, 1637013640.315661, 1637013640.5531838, 1637013640.796577, 1637013641.0429206, 1637013641.2815378, 1637013641.5142272, 1637013641.7547853, 1637013651.3189976, 1637013651.554487, 1637013651.7946906, 1637013652.0295088, 1637013652.2674012, 1637013652.514281, 1637013652.7579765, 1637013662.3242888, 1637013662.5583668, 1637013662.8294725, 1637013663.0696812, 1637013663.3173296, 1637013663.5624387, 1637013663.8052945, 1637013673.194773, 1637013673.4374785, 1637013673.6817453, 1637013673.9212759, 1637013674.1591797, 1637013674.3924184, 1637013674.6313322, 1637013684.2041724, 1637013684.4475353, 1637013684.6929948, 1637013684.9347627, 1637013685.1742027, 1637013685.4147606, 1637013685.6609323, 1637013695.227536, 1637013695.469502, 1637013695.714037, 1637013695.953261, 1637013696.1954947, 1637013696.449321, 1637013696.6879432, 1637013706.0500715, 1637013706.288193, 1637013706.5268397, 1637013706.7602315, 1637013706.9949732, 1637013707.2364902, 1637013707.4819257, 1637013716.9708169, 1637013717.2138484, 1637013717.4540071, 1637013717.6988556, 1637013717.945877, 1637013718.190222, 1637013718.429179, 1637013727.9660065, 1637013728.2415528, 1637013728.4809952, 1637013728.724442, 1637013728.9662433, 1637013729.2055752, 1637013729.450506, 1637013738.8132014, 1637013739.0600128, 1637013739.306466, 1637013739.5526023, 1637013739.7916691, 1637013740.0317001, 1637013740.3052835, 1637013749.7688808, 1637013750.0027192, 1637013750.2399607, 1637013750.4872944, 1637013750.7341459, 1637013750.9808981, 1637013751.2249177, 1637013760.7343128, 1637013760.9833665, 1637013761.225482, 1637013761.4681451, 1637013761.7117722, 1637013761.9617653, 1637013762.2120435, 1637013771.6403933, 1637013771.8853595, 1637013772.1313086, 1637013772.3707852, 1637013772.6114385, 1637013772.8512785, 1637013773.093258, 1637013782.7704923, 1637013783.0063553, 1637013783.2431343, 1637013783.4882288, 1637013783.7307525, 1637013783.9790053, 1637013784.2229712, 1637013794.0532603, 1637013794.3018022, 1637013794.5480368, 1637013794.7974186, 1637013795.0423212, 1637013795.2908213, 1637013795.5394692, 1637013805.149283, 1637013805.396416, 1637013805.6435661, 1637013805.9013753, 1637013806.178697, 1637013806.427656, 1637013806.675231, 1637013816.371201, 1637013816.617331, 1637013816.864574, 1637013817.1101236, 1637013817.35956, 1637013817.6008928, 1637013817.8428326, 1637013827.6012492, 1637013827.8459141, 1637013828.0891, 1637013828.3328202, 1637013828.582411, 1637013828.8303714, 1637013829.0767891, 1637013838.6776237, 1637013838.9166627, 1637013839.1517787, 1637013839.3933198, 1637013839.6450849, 1637013839.8855493, 1637013840.1283035, 1637013849.9250095, 1637013850.1788094, 1637013850.4242756, 1637013850.6701667, 1637013850.916004, 1637013851.16326, 1637013851.4085052, 1637013861.0209558, 1637013861.2689376, 1637013861.5192416, 1637013861.7623038, 1637013862.0363111, 1637013862.2793548, 1637013862.5246308, 1637013872.2534251, 1637013872.4970913, 1637013872.783355, 1637013873.0340397, 1637013873.2786472, 1637013873.5229976, 1637013873.765191, 1637013883.4003208, 1637013883.6422923, 1637013883.8836193, 1637013884.1255944, 1637013884.363901, 1637013884.612228, 1637013884.8921509, 1637013894.4388015, 1637013894.6841238, 1637013894.9204378, 1637013895.1532402, 1637013895.4011717, 1637013895.6489475, 1637013895.892905, 1637013905.62133, 1637013905.8983977, 1637013906.1794932, 1637013906.422179, 1637013906.6637185, 1637013906.910289, 1637013907.1645498],