{"initial_reset_timestamp": 1637013374.6453218, "timestamps": [1637013378.5662503, 1637013378.8840458, 1637013379.3445017, 1637013379.8414085, 1637013380.2414162, 1637013380.6547482, 1637013384.126088, 1637013384.513272, 1637013384.899868, 1637013385.2918417, 1637013385.6763444, 1637013386.0663552, 1637013386.452626, 1637013390.3113096, 1637013391.5308707, 1637013392.7232392, 1637013393.9089973, 1637013395.1045213, 1637013396.2943983, 1637013397.488659, 1637013401.5636666, 1637013402.7499995, 1637013403.6645944, 1637013404.8508627, 1637013406.07743, 1637013407.2610087, 1637013411.3499658, 1637013412.5431538, 1637013413.729238, 1637013414.9212077, 1637013416.1217597, 1637013417.299877, 1637013418.4862738, 1637013422.6841471, 1637013423.8817558, 1637013425.079589, 1637013426.2722967, 1637013427.462281, 1637013428.6502411, 1637013429.8392172, 1637013434.0258985, 1637013435.2088385, 1637013436.4053674, 1637013437.5989127, 1637013438.7908413, 1637013439.964553, 1637013444.1964982, 1637013445.3831449, 1637013446.5698664, 1637013447.7726843, 1637013448.9921286, 1637013450.198373, 1637013451.409215, 1637013455.6423624, 1637013456.8266354, 1637013458.0161264, 1637013459.2142744, 1637013460.4125133, 1637013461.5993974, 1637013462.8041873, 1637013466.972288, 1637013468.1729562, 1637013469.396263, 1637013470.5725782, 1637013471.7775507, 1637013472.9746363, 1637013477.1387372, 1637013478.3254707, 1637013479.503679, 1637013480.7059698, 1637013481.8919494, 1637013483.0725706, 1637013484.2980068, 1637013488.4758537, 1637013489.6545267, 1637013490.8501647, 1637013492.0317948, 1637013493.2027423, 1637013494.3988583, 1637013495.593954, 1637013499.8039405, 1637013500.9820573, 1637013502.1795912, 1637013503.3667607, 1637013504.55043, 1637013505.7364693, 1637013509.9129221, 1637013511.0984702, 1637013512.2864811, 1637013513.480265, 1637013514.672554, 1637013515.8530207, 1637013517.0464787, 1637013521.236288, 1637013522.428854, 1637013523.6209054, 1637013524.8175452, 1637013526.0178332, 1637013527.2692153, 1637013528.4503515, 1637013532.6126103, 1637013533.8071132, 1637013535.000792, 1637013536.1910136, 1637013537.3871815, 1637013538.5823061, 1637013542.758438, 1637013543.946466, 1637013545.132593, 1637013546.3221316, 1637013547.5528698, 1637013548.7620904, 1637013549.9492552, 1637013554.1129403, 1637013555.3045776, 1637013556.4932992, 1637013557.6825738, 1637013558.8582144, 1637013560.0559652, 1637013561.2577994, 1637013565.46418, 1637013566.6582026, 1637013567.858808, 1637013569.0496597, 1637013570.2440479, 1637013571.4578474, 1637013575.701796, 1637013576.8827221, 1637013578.072432, 1637013579.2611475, 1637013580.4334188, 1637013581.643667, 1637013582.830394, 1637013587.0670962, 1637013588.2553215, 1637013589.4520025, 1637013590.6268897, 1637013591.8159328, 1637013593.0323682, 1637013594.2292008, 1637013598.5065043, 1637013599.7060173, 1637013600.8988767, 1637013602.1074443, 1637013603.3059168, 1637013604.5319896, 1637013608.729818, 1637013609.9527156, 1637013611.169159, 1637013612.3399434, 1637013613.542109, 1637013614.754696, 1637013615.9816668, 1637013620.1835353, 1637013621.3872674, 1637013622.6375737, 1637013623.8217754, 1637013625.0239155, 1637013626.2278163, 1637013627.4498734, 1637013631.6608508, 1637013632.8569908, 1637013634.0577228, 1637013635.228481, 1637013636.3691556, 1637013637.559277, 1637013641.7784276, 1637013642.962247, 1637013644.1583548, 1637013645.3434217, 1637013646.5454175, 1637013647.7372215, 1637013648.9337819, 1637013653.1296203, 1637013654.3204653, 1637013655.513361, 1637013656.7052972, 1637013657.8882024, 1637013659.0758545, 1637013660.2752647, 1637013664.5176098, 1637013665.7051547, 1637013666.8885171, 1637013668.0777452, 1637013669.2725976, 1637013670.4636586, 1637013674.6570222, 1637013675.8828464, 1637013677.0794015, 1637013678.2898176, 1637013679.474756, 1637013680.6501129, 1637013681.8463721, 1637013686.0320907, 1637013687.2004833, 1637013688.3837018, 1637013689.566952, 1637013690.8194199, 1637013691.9976146, 1637013693.187689, 1637013697.3937705, 1637013698.5844584, 1637013699.7711887, 1637013700.960289, 1637013702.1555486, 1637013703.3430803, 1637013707.5066807, 1637013708.700418, 1637013709.8921134, 1637013711.076588, 1637013712.2560675, 1637013713.4379694, 1637013714.6102526, 1637013718.8029091, 1637013719.987862, 1637013721.1814427, 1637013722.3652976, 1637013723.5635304, 1637013724.7683258, 1637013725.9624953, 1637013730.159695, 1637013731.3615804, 1637013732.5429156, 1637013733.7394397, 1637013734.9265249, 1637013736.124899, 1637013740.329874, 1637013741.5233872, 1637013742.6980941, 1637013743.8906355, 1637013745.0805612, 1637013746.2768643, 1637013747.4555852, 1637013751.5988488, 1637013752.7952404, 1637013753.9648361, 1637013755.1836455, 1637013756.366441, 1637013757.5630846, 1637013758.743273, 1637013762.9446588, 1637013764.1350453, 1637013765.34175, 1637013766.5492623, 1637013767.7189486, 1637013768.886501, 1637013773.1172037, 1637013774.3194833, 1637013775.5300543, 1637013776.7376869, 1637013777.9517868, 1637013779.1563597, 1637013780.3523908, 1637013784.6007967, 1637013785.7900367, 1637013786.9801717, 1637013788.1697145, 1637013789.3663967, 1637013790.6332157, 1637013791.9151268, 1637013796.2724767, 1637013797.5040395, 1637013798.7271452, 1637013799.946195, 1637013801.1578593, 1637013802.3907707, 1637013806.6992133, 1637013807.9092932, 1637013809.1382685, 1637013810.357607, 1637013811.6023946, 1637013812.798759, 1637013814.0130057, 1637013818.2192838, 1637013819.474938, 1637013820.7061281, 1637013821.944957, 1637013823.1642027, 1637013824.3973958, 1637013825.5583029, 1637013829.8105457, 1637013831.0306003, 1637013832.2564127, 1637013833.481454, 1637013834.7454665, 1637013835.9678614, 1637013840.1537604, 1637013841.3714385, 1637013842.602133, 1637013843.8190818, 1637013845.0504239, 1637013846.2620237, 1637013847.4886014, 1637013851.7749832, 1637013852.969406, 1637013854.1733205, 1637013855.3767061, 1637013856.5756054, 1637013857.7892034, 1637013859.0039506, 1637013863.2525995, 1637013864.4432395, 1637013865.6659563, 1637013866.995796, 1637013868.2037804, 1637013869.442426, 1637013873.7912812, 1637013874.9677477, 1637013876.1588078, 1637013877.3558009, 1637013878.5519803, 1637013879.7691946, 1637013880.9678547, 1637013885.2652295, 1637013886.4515555, 1637013887.657379, 1637013888.8468592, 1637013890.0436099, 1637013891.24324, 1637013892.4371815, 1637013896.611665, 1637013897.8174539, 1637013899.0695202, 1637013900.331092, 1637013901.5456085, 1637013902.823898, 1637013907.193365, 1637013908.4718888, 1637013909.664636, 1637013910.8564875, 1637013912.0723143, 1637013913.275459, 1637013914.485381],