{"initial_reset_timestamp": 1637012827.364935, "timestamps": [1637012827.782393, 1637012828.0232806, 1637012828.2614217, 1637012828.50032, 1637012828.7415903, 1637012828.980135, 1637012829.2155256, 1637012833.2204483, 1637012833.4586456, 1637012833.695245, 1637012833.9635093, 1637012834.1968637, 1637012834.4362605, 1637012834.6739125, 1637012838.8752298, 1637012839.1138384, 1637012839.352472, 1637012839.58694, 1637012839.8223917, 1637012840.0558364, 1637012840.2890427, 1637012849.8754833, 1637012850.1109889, 1637012850.3495634, 1637012850.6012418, 1637012850.840643, 1637012851.0841482, 1637012851.320626, 1637012861.1306243, 1637012861.3763275, 1637012861.620423, 1637012861.8617015, 1637012862.1045487, 1637012862.3455138, 1637012862.587358, 1637012872.3016036, 1637012872.5424988, 1637012872.7834823, 1637012873.023013, 1637012873.2664783, 1637012873.504397, 1637012873.7433782, 1637012883.5431783, 1637012883.7855833, 1637012884.0224807, 1637012884.2604501, 1637012884.4947588, 1637012884.7289355, 1637012884.9638214, 1637012894.6700034, 1637012894.9071121, 1637012895.1467028, 1637012895.3861983, 1637012895.6259031, 1637012895.863527, 1637012896.103847, 1637012905.5040522, 1637012905.7404208, 1637012905.9810247, 1637012906.2205865, 1637012906.4904258, 1637012906.7262204, 1637012906.9644718, 1637012916.686896, 1637012916.9315047, 1637012917.1707194, 1637012917.4135554, 1637012917.652572, 1637012917.8944373, 1637012918.1346667, 1637012927.8807065, 1637012928.1223493, 1637012928.3621035, 1637012928.6014328, 1637012928.8394566, 1637012929.079447, 1637012929.3202324, 1637012938.8037, 1637012939.042265, 1637012939.2820916, 1637012939.5180883, 1637012939.7532735, 1637012939.9888217, 1637012940.231179, 1637012949.9503694, 1637012950.187287, 1637012950.4253926, 1637012950.6626036, 1637012950.902161, 1637012951.1477778, 1637012951.3849802, 1637012961.0110633, 1637012961.254575, 1637012961.4925847, 1637012961.7292736, 1637012961.9660554, 1637012962.205367, 1637012962.4422617, 1637012971.9672265, 1637012972.2093904, 1637012972.4829075, 1637012972.7181835, 1637012972.9819334, 1637012973.2263868, 1637012973.4645925, 1637012983.0968926, 1637012983.3335319, 1637012983.5706422, 1637012983.8149133, 1637012984.0525708, 1637012984.3318796, 1637012984.5677063, 1637012994.2030694, 1637012994.4439898, 1637012994.6786478, 1637012994.9148772, 1637012995.1568203, 1637012995.3987823, 1637012995.6383975, 1637013005.1681235, 1637013005.4075096, 1637013005.6440036, 1637013005.8780174, 1637013006.1188145, 1637013006.3596206, 1637013006.5938137, 1637013016.249039, 1637013016.4870887, 1637013016.7233608, 1637013016.9619796, 1637013017.1971724, 1637013017.4358032, 1637013017.6756759, 1637013027.3254194, 1637013027.5644312, 1637013027.8074408, 1637013028.0480692, 1637013028.2913454, 1637013028.533943, 1637013028.7775986, 1637013038.286889, 1637013038.5256183, 1637013038.7621455, 1637013039.0005875, 1637013039.2387254, 1637013039.4768763, 1637013039.711804, 1637013049.3630054, 1637013049.5979874, 1637013049.867369, 1637013050.1042256, 1637013050.3433287, 1637013050.5820274, 1637013050.824276, 1637013060.46744, 1637013060.705626, 1637013060.9459763, 1637013061.1937532, 1637013061.435208, 1637013061.6773303, 1637013061.952699, 1637013071.4377632, 1637013071.6743097, 1637013071.9107292, 1637013072.1495059, 1637013072.387173, 1637013072.6219516, 1637013072.8539178, 1637013082.5278692, 1637013082.7634406, 1637013083.0012486, 1637013083.2387114, 1637013083.479013, 1637013083.717526, 1637013083.959425, 1637013093.7251656, 1637013093.962753, 1637013094.1995342, 1637013094.4381542, 1637013094.6784604, 1637013094.9175982, 1637013095.1550536, 1637013104.666189, 1637013104.9046109, 1637013105.1502798, 1637013105.3855126, 1637013105.624316, 1637013105.8624313, 1637013106.0949378, 1637013115.7528434, 1637013115.9909146, 1637013116.2319636, 1637013116.471675, 1637013116.710187, 1637013116.9450376, 1637013117.1815612, 1637013126.8116367, 1637013127.0537257, 1637013127.2906306, 1637013127.5568564, 1637013127.7920346, 1637013128.0327578, 1637013128.2712054, 1637013137.716352, 1637013137.9592588, 1637013138.2003164, 1637013138.4436433, 1637013138.68263, 1637013138.9219303, 1637013139.1601577, 1637013148.826905, 1637013149.0647871, 1637013149.3040287, 1637013149.5393572, 1637013149.773736, 1637013150.0124183, 1637013150.2500281, 1637013159.8947113, 1637013160.1344976, 1637013160.3789804, 1637013160.615916, 1637013160.8585932, 1637013161.1010273, 1637013161.3401873, 1637013170.8204682, 1637013171.0628643, 1637013171.3014069, 1637013171.5421147, 1637013171.7848904, 1637013172.0245917, 1637013172.2611885, 1637013181.9715612, 1637013182.2134273, 1637013182.452291, 1637013182.6937249, 1637013182.9318736, 1637013183.1748006, 1637013183.4164348, 1637013193.0887334, 1637013193.3608363, 1637013193.598481, 1637013193.836998, 1637013194.0727954, 1637013194.307955, 1637013194.5426207, 1637013204.0546863, 1637013204.297709, 1637013204.5381186, 1637013204.7782083, 1637013205.02059, 1637013205.2946696, 1637013205.535533, 1637013215.159527, 1637013215.395854, 1637013215.6360843, 1637013215.8700016, 1637013216.1037543, 1637013216.3392277, 1637013216.578174, 1637013226.286804, 1637013226.5258703, 1637013226.765915, 1637013227.008098, 1637013227.2494059, 1637013227.489482, 1637013227.727469, 1637013237.2104182, 1637013237.4480035, 1637013237.691345, 1637013237.929041, 1637013238.1672962, 1637013238.4053245, 1637013238.6468754, 1637013248.303736, 1637013248.545231, 1637013248.7842364, 1637013249.0244737, 1637013249.2658744, 1637013249.507202, 1637013249.7451441, 1637013259.5427067, 1637013259.7761111, 1637013260.0148768, 1637013260.252937, 1637013260.489747, 1637013260.7257488, 1637013260.9632301, 1637013270.8689766, 1637013271.1117768, 1637013271.349935, 1637013271.6187372, 1637013271.858207, 1637013272.0975254, 1637013272.3387835, 1637013282.1967974, 1637013282.4414833, 1637013282.6788256, 1637013282.9147716, 1637013283.1540897, 1637013283.3940802, 1637013283.6745815, 1637013293.7836533, 1637013294.0262632, 1637013294.269562, 1637013294.516154, 1637013294.7616336, 1637013295.0110397, 1637013295.2641447, 1637013305.5159678, 1637013305.7532034, 1637013305.9944026, 1637013306.2349794, 1637013306.4874911, 1637013306.7295485, 1637013306.9740527, 1637013316.8867218, 1637013317.1235728, 1637013317.3626587, 1637013317.604116, 1637013317.8450506, 1637013318.0849426, 1637013318.328886, 1637013328.1240537, 1637013328.3648658, 1637013328.6050904, 1637013328.842138, 1637013329.080272, 1637013329.3175473, 1637013329.556069, 1637013339.1435146, 1637013339.4147778, 1637013339.649227, 1637013339.8911717, 1637013340.128088, 1637013340.3684704, 1637013340.6084168, 1637013350.594719, 1637013350.8358865, 1637013351.0873919, 1637013351.330349, 1637013351.654731, 1637013351.9135146, 1637013352.1584666, 1637013362.0090854, 1637013362.2484577, 1637013362.4885495, 1637013362.730931, 1637013362.970575, 1637013363.2111669, 1637013363.4487724],