{"initial_reset_timestamp": 1637012825.6424825, "timestamps": [1637012829.2756639, 1637012829.6175578, 1637012830.129511, 1637012830.5609467, 1637012830.9809377, 1637012831.3804705, 1637012834.754376, 1637012835.1516106, 1637012835.545198, 1637012835.9371743, 1637012836.3263133, 1637012836.7234075, 1637012837.112338, 1637012840.963385, 1637012842.2048192, 1637012843.3837636, 1637012844.5868669, 1637012845.7736485, 1637012846.9513047, 1637012848.162413, 1637012852.3813858, 1637012853.5966375, 1637012854.3557763, 1637012855.5781527, 1637012856.807706, 1637012858.0396569, 1637012859.26854, 1637012863.5498111, 1637012864.7702692, 1637012865.9984233, 1637012867.214637, 1637012868.4577577, 1637012869.6646545, 1637012873.977135, 1637012875.2103846, 1637012876.4362135, 1637012877.6565542, 1637012878.86143, 1637012880.0609388, 1637012881.2881975, 1637012885.5417435, 1637012886.749535, 1637012887.9473565, 1637012889.1573737, 1637012890.3635163, 1637012891.577418, 1637012892.7688591, 1637012897.0391562, 1637012898.2370465, 1637012899.44423, 1637012900.6347768, 1637012901.8085866, 1637012903.000535, 1637012907.201286, 1637012908.3986466, 1637012909.6141055, 1637012910.8284667, 1637012912.0512528, 1637012913.2569537, 1637012914.462655, 1637012918.7320735, 1637012919.9552097, 1637012921.2121017, 1637012922.42202, 1637012923.6381314, 1637012924.830234, 1637012926.0436056, 1637012930.257925, 1637012931.467145, 1637012932.6358728, 1637012933.8401423, 1637012935.041301, 1637012936.2744067, 1637012940.4748785, 1637012941.6846478, 1637012942.8830197, 1637012944.0839047, 1637012945.2991877, 1637012946.5218654, 1637012947.720715, 1637012951.9708917, 1637012953.1790738, 1637012954.3690584, 1637012955.5552073, 1637012956.7470832, 1637012957.9485598, 1637012959.1508117, 1637012963.3747015, 1637012964.565892, 1637012965.7633173, 1637012966.9494677, 1637012968.146514, 1637012969.3477201, 1637012973.698591, 1637012974.9060175, 1637012976.093945, 1637012977.2972152, 1637012978.4898124, 1637012979.6947849, 1637012980.9042456, 1637012985.1466055, 1637012986.3436687, 1637012987.5442286, 1637012988.7452102, 1637012989.9390955, 1637012991.1338727, 1637012992.3350108, 1637012996.5727942, 1637012997.77429, 1637012998.9879289, 1637013000.1887922, 1637013001.4071126, 1637013002.61103, 1637013006.8266282, 1637013008.0307178, 1637013009.2375493, 1637013010.4481637, 1637013011.6511552, 1637013012.8745499, 1637013014.0771914, 1637013018.267176, 1637013019.4770904, 1637013020.6713297, 1637013021.8848207, 1637013023.0519307, 1637013024.2515023, 1637013025.448235, 1637013029.7127507, 1637013030.9113803, 1637013032.1185822, 1637013033.3414073, 1637013034.549558, 1637013035.7622027, 1637013039.9489439, 1637013041.155705, 1637013042.3482366, 1637013043.548591, 1637013044.736687, 1637013045.952958, 1637013047.1480622, 1637013051.424564, 1637013052.6371443, 1637013053.8321397, 1637013055.0374627, 1637013056.238567, 1637013057.4340467, 1637013058.6358995, 1637013062.8919373, 1637013064.112341, 1637013065.2974234, 1637013066.484555, 1637013067.6780353, 1637013068.8754828, 1637013073.084856, 1637013074.2876904, 1637013075.507552, 1637013076.7107978, 1637013077.8922935, 1637013079.093598, 1637013080.3021433, 1637013084.5426974, 1637013085.7547984, 1637013086.9665225, 1637013088.1651416, 1637013089.4074433, 1637013090.6551027, 1637013091.8511467, 1637013096.0871565, 1637013097.293654, 1637013098.4802742, 1637013099.6733577, 1637013100.889759, 1637013102.0822697, 1637013106.3350244, 1637013107.5339632, 1637013108.7319262, 1637013109.9255605, 1637013111.117673, 1637013112.3211658, 1637013113.5214229, 1637013117.7664378, 1637013119.0015934, 1637013120.2176995, 1637013121.416747, 1637013122.621701, 1637013123.7793753, 1637013124.9250464, 1637013129.2080963, 1637013130.4173646, 1637013131.6282613, 1637013132.8284907, 1637013133.979564, 1637013135.1677136, 1637013139.3943417, 1637013140.5438044, 1637013141.7794302, 1637013142.9884226, 1637013144.2096922, 1637013145.4065137, 1637013146.5963762, 1637013150.8344045, 1637013152.0394428, 1637013153.2138805, 1637013154.4076552, 1637013155.610961, 1637013156.8550763, 1637013158.0711474, 1637013162.2172503, 1637013163.4315026, 1637013164.6438985, 1637013165.8492332, 1637013167.052685, 1637013168.2508016, 1637013172.4964654, 1637013173.6933067, 1637013174.9388404, 1637013176.1413338, 1637013177.331045, 1637013178.5448465, 1637013179.7483237, 1637013184.00068, 1637013185.202046, 1637013186.420362, 1637013187.6238472, 1637013188.8294377, 1637013190.0256073, 1637013191.228956, 1637013195.475582, 1637013196.6798415, 1637013197.8754601, 1637013199.078278, 1637013200.2828317, 1637013201.4872408, 1637013205.7630997, 1637013206.9647393, 1637013208.177762, 1637013209.3790457, 1637013210.5735364, 1637013211.798585, 1637013212.9678826, 1637013217.165463, 1637013218.373305, 1637013219.5877419, 1637013220.8083217, 1637013222.0224998, 1637013223.2263832, 1637013224.4281356, 1637013228.6163697, 1637013229.826699, 1637013231.024022, 1637013232.2200727, 1637013233.4261663, 1637013234.6428769, 1637013238.8879232, 1637013240.0876482, 1637013241.3010445, 1637013242.506942, 1637013243.7071657, 1637013244.9144638, 1637013246.101835, 1637013250.3317153, 1637013251.5345974, 1637013252.750638, 1637013253.974772, 1637013255.2045772, 1637013256.4119596, 1637013257.6241376, 1637013261.9346101, 1637013263.207526, 1637013264.480122, 1637013265.7661734, 1637013267.0339499, 1637013268.268544, 1637013272.5916996, 1637013273.852278, 1637013275.0795884, 1637013276.276222, 1637013277.4873629, 1637013278.7331522, 1637013279.9571936, 1637013284.2854679, 1637013285.5330904, 1637013286.7915285, 1637013288.0431519, 1637013289.2992105, 1637013290.5978196, 1637013291.8888485, 1637013296.2976766, 1637013297.5984805, 1637013298.8638754, 1637013300.2100291, 1637013301.5131245, 1637013302.814138, 1637013307.2167542, 1637013308.4625225, 1637013309.7003372, 1637013310.9441369, 1637013312.1960425, 1637013313.4252193, 1637013314.624537, 1637013318.9249148, 1637013320.136632, 1637013321.3539383, 1637013322.5728745, 1637013323.792859, 1637013325.00727, 1637013326.2307396, 1637013330.5068803, 1637013331.7391398, 1637013332.9888294, 1637013334.20187, 1637013335.3992264, 1637013336.5984056, 1637013340.8478258, 1637013342.0746768, 1637013343.278882, 1637013344.4765558, 1637013345.725019, 1637013346.988684, 1637013348.2841494, 1637013352.7767239, 1637013353.9890795, 1637013355.2453094, 1637013356.485504, 1637013357.7210755, 1637013358.905772, 1637013360.1162047, 1637013364.3971474, 1637013365.6170378, 1637013366.8684275, 1637013368.0961845, 1637013369.3388174, 1637013370.739154],