{"initial_reset_timestamp": 1636963267.0640042, "timestamps": [1636963270.6960745, 1636963270.9981642, 1636963271.4349496, 1636963271.8416958, 1636963272.2441354, 1636963272.6391778, 1636963275.915645, 1636963276.307123, 1636963276.6993647, 1636963277.1107259, 1636963277.4952207, 1636963277.8845644, 1636963278.2734551, 1636963282.0971515, 1636963283.2906587, 1636963284.4453804, 1636963285.654096, 1636963286.843172, 1636963288.0050166, 1636963289.1642172, 1636963293.2036319, 1636963294.353673, 1636963295.5052187, 1636963296.654264, 1636963297.8542492, 1636963299.0081675, 1636963303.0902555, 1636963304.2551272, 1636963305.422091, 1636963306.5994678, 1636963307.737089, 1636963308.9104896, 1636963310.09246, 1636963314.1706877, 1636963315.33228, 1636963316.4936328, 1636963317.679023, 1636963318.8495944, 1636963320.002673, 1636963321.1639094, 1636963325.2905035, 1636963326.4538903, 1636963327.6237001, 1636963328.798586, 1636963329.9506283, 1636963331.1154022, 1636963335.158001, 1636963336.0560904, 1636963337.2393568, 1636963338.4125545, 1636963339.578587, 1636963340.751271, 1636963341.910246, 1636963345.9949632, 1636963347.1740024, 1636963348.3393881, 1636963349.52757, 1636963350.685745, 1636963351.8453465, 1636963353.0061064, 1636963357.0614896, 1636963358.2358415, 1636963359.4232168, 1636963360.5877247, 1636963361.7649066, 1636963362.9440384, 1636963367.1381521, 1636963368.3035002, 1636963369.4791565, 1636963370.646287, 1636963371.798718, 1636963372.9656985, 1636963374.1628587, 1636963378.3174224, 1636963379.4773583, 1636963380.6487777, 1636963381.7889347, 1636963382.930682, 1636963384.0949407, 1636963385.2480814, 1636963389.3676138, 1636963390.5380461, 1636963391.7040925, 1636963392.8676434, 1636963394.0264156, 1636963395.1769981, 1636963399.2902045, 1636963400.4323175, 1636963401.5734215, 1636963402.7582557, 1636963403.9030643, 1636963405.0496178, 1636963406.1513183, 1636963410.3033044, 1636963411.471248, 1636963412.626016, 1636963413.7848983, 1636963414.9492178, 1636963416.099537, 1636963417.2563424, 1636963421.335623, 1636963422.4859998, 1636963423.6607428, 1636963424.8180993, 1636963425.9809391, 1636963427.1596034, 1636963431.215597, 1636963432.3655448, 1636963433.5092902, 1636963434.6577208, 1636963435.8404496, 1636963437.0225804, 1636963438.2004194, 1636963442.2283, 1636963443.3956006, 1636963444.5603755, 1636963445.70858, 1636963446.8850055, 1636963448.0481462, 1636963449.2077382, 1636963453.3256667, 1636963454.4834778, 1636963455.6421192, 1636963456.8142042, 1636963457.9818091, 1636963459.1486175, 1636963463.208333, 1636963464.3609104, 1636963465.5297024, 1636963466.6896582, 1636963467.833215, 1636963468.961275, 1636963470.1180797, 1636963474.2506022, 1636963475.4178708, 1636963476.5702927, 1636963477.7319493, 1636963478.889455, 1636963480.0506895, 1636963481.2090015, 1636963485.317169, 1636963486.4747763, 1636963487.649979, 1636963488.7981915, 1636963489.9594421, 1636963491.1197164, 1636963495.2289433, 1636963496.374326, 1636963497.5886295, 1636963498.739885, 1636963499.9119124, 1636963501.0816116, 1636963502.2361917, 1636963506.3185563, 1636963507.5105424, 1636963508.6750057, 1636963509.8297012, 1636963510.9935548, 1636963512.1626723, 1636963513.357873, 1636963517.4455247, 1636963518.598294, 1636963519.7679954, 1636963520.9305673, 1636963522.0857558, 1636963523.245382, 1636963527.3479953, 1636963528.4780343, 1636963529.607984, 1636963530.774514, 1636963531.9406884, 1636963533.0940301, 1636963534.218272, 1636963538.3665564, 1636963539.5339599, 1636963540.6964648, 1636963541.8536758, 1636963543.0009377, 1636963544.154509, 1636963545.29673, 1636963549.3999412, 1636963550.5641966, 1636963551.7239437, 1636963552.886716, 1636963554.0529585, 1636963555.1844451, 1636963559.2793024, 1636963560.4624755, 1636963561.6072083, 1636963562.7517023, 1636963563.8966203, 1636963565.044643, 1636963566.2017207, 1636963570.3322234, 1636963571.4954178, 1636963572.6486144, 1636963573.7949557, 1636963574.9905732, 1636963576.1438305, 1636963577.3173199, 1636963581.413869, 1636963582.582105, 1636963583.725593, 1636963584.8726718, 1636963586.0288327, 1636963587.1973495, 1636963591.293428, 1636963592.4500153, 1636963593.5962188, 1636963594.755066, 1636963595.9082246, 1636963597.0889776, 1636963598.2468994, 1636963602.3818395, 1636963603.5260334, 1636963604.6726606, 1636963605.8199463, 1636963606.9801404, 1636963608.1255798, 1636963609.2775145, 1636963613.3659065, 1636963614.53553, 1636963615.703819, 1636963616.8635566, 1636963618.0205488, 1636963619.173194, 1636963623.230438, 1636963624.4025605, 1636963625.572854, 1636963626.7442863, 1636963627.9146957, 1636963629.0757575, 1636963630.2317283, 1636963634.3060465, 1636963635.4680495, 1636963636.6174147, 1636963637.827472, 1636963638.9950736, 1636963640.1617038, 1636963641.3247733, 1636963645.444031, 1636963646.6233163, 1636963647.7972906, 1636963648.9474044, 1636963650.1380584, 1636963651.2890513, 1636963655.408237, 1636963656.567154, 1636963657.7448468, 1636963658.9205606, 1636963660.0798168, 1636963661.2441595, 1636963662.407521, 1636963666.561186, 1636963667.7013311, 1636963668.8352711, 1636963669.9990146, 1636963671.1712296, 1636963672.3350363, 1636963673.5004056, 1636963677.6870172, 1636963678.8546064, 1636963680.0060737, 1636963681.1644871, 1636963682.320156, 1636963683.4784265, 1636963687.5713904, 1636963688.7363253, 1636963689.8996367, 1636963691.0644171, 1636963692.2333214, 1636963693.4028351, 1636963694.5639467, 1636963698.6144264, 1636963699.817671, 1636963700.9659486, 1636963702.1172025, 1636963703.2435079, 1636963704.4048975, 1636963705.556574, 1636963709.6100357, 1636963710.7676444, 1636963711.9371922, 1636963713.0999746, 1636963714.2463768, 1636963715.4198701, 1636963719.5047393, 1636963720.6507938, 1636963721.8299277, 1636963722.9936275, 1636963724.1511207, 1636963725.306339, 1636963726.4641798, 1636963730.5535445, 1636963731.7031898, 1636963732.8593674, 1636963734.0225775, 1636963735.176108, 1636963736.3446221, 1636963737.5556622, 1636963741.6705613, 1636963742.8294547, 1636963743.9996817, 1636963745.1628313, 1636963746.3185608, 1636963747.4897625, 1636963751.5882304, 1636963752.7470033, 1636963753.8936365, 1636963755.0429041, 1636963756.192361, 1636963757.3437836, 1636963758.5166836, 1636963762.5994818, 1636963763.757613, 1636963764.9236624, 1636963766.104139, 1636963767.280156, 1636963768.4367094, 1636963769.592899, 1636963773.8919163, 1636963775.0640686, 1636963776.2498386, 1636963777.4093053, 1636963778.5626779, 1636963779.739621, 1636963783.8366287, 1636963784.9925368, 1636963786.1379673, 1636963787.3186758, 1636963788.4847808, 1636963789.6482964, 1636963790.8405988],