{"initial_reset_timestamp": 1636963268.8889892, "timestamps": [1636963269.2898755, 1636963269.5148897, 1636963269.7387016, 1636963269.9677432, 1636963270.1932247, 1636963270.4172447, 1636963270.6421413, 1636963274.433257, 1636963274.6642976, 1636963274.8917735, 1636963275.1513255, 1636963275.3791115, 1636963275.6082606, 1636963275.837052, 1636963280.042286, 1636963280.2740347, 1636963280.5047357, 1636963280.738236, 1636963280.9683633, 1636963281.1984062, 1636963281.430405, 1636963290.8335397, 1636963291.0628347, 1636963291.291684, 1636963291.522504, 1636963291.7520988, 1636963291.984853, 1636963292.218023, 1636963301.3776116, 1636963301.6068285, 1636963301.8368382, 1636963302.0685904, 1636963302.3007886, 1636963302.5313795, 1636963302.759716, 1636963312.1182826, 1636963312.3498595, 1636963312.5808089, 1636963312.8103883, 1636963313.039564, 1636963313.266846, 1636963313.501214, 1636963322.889775, 1636963323.121017, 1636963323.3540232, 1636963323.5857995, 1636963323.818131, 1636963324.0481832, 1636963324.2756684, 1636963333.4079678, 1636963333.667987, 1636963333.9053314, 1636963334.135856, 1636963334.3627834, 1636963334.5958245, 1636963334.824787, 1636963344.1633458, 1636963344.3979409, 1636963344.6336977, 1636963344.862679, 1636963345.09351, 1636963345.354669, 1636963345.5883727, 1636963354.931542, 1636963355.1650786, 1636963355.3977127, 1636963355.6291504, 1636963355.855052, 1636963356.0815396, 1636963356.3110085, 1636963365.6533446, 1636963365.890731, 1636963366.1210244, 1636963366.357141, 1636963366.5869927, 1636963366.83924, 1636963367.0715377, 1636963376.4708009, 1636963376.7023802, 1636963376.9661036, 1636963377.2032628, 1636963377.4590225, 1636963377.6831837, 1636963377.9159608, 1636963387.244345, 1636963387.4752026, 1636963387.7045732, 1636963387.937401, 1636963388.1668735, 1636963388.3971627, 1636963388.626178, 1636963397.8621106, 1636963398.0912075, 1636963398.3204622, 1636963398.5520144, 1636963398.777973, 1636963399.002657, 1636963399.2268713, 1636963408.4581246, 1636963408.6866038, 1636963408.9498281, 1636963409.184105, 1636963409.438928, 1636963409.6716266, 1636963409.9013963, 1636963419.1806145, 1636963419.410425, 1636963419.6406944, 1636963419.8711479, 1636963420.0973086, 1636963420.3263774, 1636963420.5888655, 1636963429.7591782, 1636963429.9957411, 1636963430.2238536, 1636963430.463752, 1636963430.6949558, 1636963430.9234946, 1636963431.1505773, 1636963440.4451218, 1636963440.6743612, 1636963440.9037266, 1636963441.1313658, 1636963441.362326, 1636963441.5939872, 1636963441.8250911, 1636963451.188304, 1636963451.4263139, 1636963451.66139, 1636963451.8919623, 1636963452.123484, 1636963452.3560746, 1636963452.584696, 1636963461.7670717, 1636963461.994205, 1636963462.2225366, 1636963462.4499032, 1636963462.6795104, 1636963462.9110084, 1636963463.142532, 1636963472.4280505, 1636963472.6922152, 1636963472.9274926, 1636963473.1633875, 1636963473.3917446, 1636963473.6206257, 1636963473.8491397, 1636963483.1412015, 1636963483.37794, 1636963483.6124532, 1636963483.8452828, 1636963484.112715, 1636963484.3479998, 1636963484.583398, 1636963493.775135, 1636963494.0087962, 1636963494.2386606, 1636963494.471209, 1636963494.7038584, 1636963494.936723, 1636963495.164865, 1636963504.5298386, 1636963504.7623472, 1636963504.9938948, 1636963505.2257292, 1636963505.456485, 1636963505.6876838, 1636963505.9197671, 1636963515.321412, 1636963515.5483305, 1636963515.778796, 1636963516.0095336, 1636963516.2398622, 1636963516.468347, 1636963516.6961062, 1636963525.8901746, 1636963526.1192834, 1636963526.345883, 1636963526.5737123, 1636963526.8174381, 1636963527.0516295, 1636963527.2836397, 1636963536.5755599, 1636963536.8194082, 1636963537.0538943, 1636963537.2781513, 1636963537.5064185, 1636963537.7380815, 1636963537.9682512, 1636963547.2699313, 1636963547.494186, 1636963547.75247, 1636963547.980704, 1636963548.2108488, 1636963548.43951, 1636963548.6683185, 1636963557.8522882, 1636963558.079593, 1636963558.3062131, 1636963558.533668, 1636963558.7609236, 1636963558.9886227, 1636963559.2151952, 1636963568.5116718, 1636963568.7479932, 1636963568.9840353, 1636963569.2216141, 1636963569.4579344, 1636963569.697183, 1636963569.9347496, 1636963579.2896802, 1636963579.5219922, 1636963579.7534685, 1636963579.9836614, 1636963580.2140825, 1636963580.4430242, 1636963580.672092, 1636963589.848306, 1636963590.0787125, 1636963590.309016, 1636963590.539416, 1636963590.7697263, 1636963590.997812, 1636963591.2275221, 1636963600.5892813, 1636963600.8210454, 1636963601.052726, 1636963601.286835, 1636963601.516625, 1636963601.7473986, 1636963601.9776847, 1636963611.2204726, 1636963611.4787045, 1636963611.7041929, 1636963611.9375963, 1636963612.1674852, 1636963612.3965666, 1636963612.6258564, 1636963621.7567754, 1636963621.9851565, 1636963622.2143052, 1636963622.4431982, 1636963622.673219, 1636963622.9359603, 1636963623.1648037, 1636963632.5113828, 1636963632.7389932, 1636963632.9703918, 1636963633.2014332, 1636963633.4349034, 1636963633.666633, 1636963633.9008622, 1636963643.2766967, 1636963643.5162437, 1636963643.7551177, 1636963643.9933705, 1636963644.2287722, 1636963644.459814, 1636963644.6953065, 1636963653.9722867, 1636963654.2005568, 1636963654.4296997, 1636963654.657871, 1636963654.8853347, 1636963655.1171548, 1636963655.3443177, 1636963664.7598126, 1636963664.9949653, 1636963665.2317011, 1636963665.4658675, 1636963665.7007172, 1636963665.9301305, 1636963666.1578674, 1636963675.511113, 1636963675.745774, 1636963675.9774945, 1636963676.210977, 1636963676.4446418, 1636963676.676502, 1636963676.9281847, 1636963686.0844316, 1636963686.3127089, 1636963686.540735, 1636963686.8048136, 1636963687.0457115, 1636963687.2737677, 1636963687.5057025, 1636963696.8406389, 1636963697.0704658, 1636963697.2991514, 1636963697.5274706, 1636963697.7563052, 1636963697.9828722, 1636963698.2110198, 1636963707.482801, 1636963707.7121892, 1636963707.9431946, 1636963708.1728542, 1636963708.4025528, 1636963708.6316016, 1636963708.859177, 1636963718.048459, 1636963718.27835, 1636963718.509402, 1636963718.742868, 1636963718.9791677, 1636963719.2078702, 1636963719.4398232, 1636963728.7540708, 1636963728.984404, 1636963729.214593, 1636963729.4445844, 1636963729.6767437, 1636963729.9080014, 1636963730.1383483, 1636963739.5402381, 1636963739.7720716, 1636963740.003221, 1636963740.2344902, 1636963740.4634857, 1636963740.7009494, 1636963740.937955, 1636963750.0935774, 1636963750.3243406, 1636963750.5894654, 1636963750.8240092, 1636963751.053931, 1636963751.2810416, 1636963751.522413, 1636963760.782572, 1636963761.0137599, 1636963761.2432597, 1636963761.4720926, 1636963761.7019315, 1636963761.9648092, 1636963762.1938798, 1636963771.6338537, 1636963771.890074, 1636963772.1181734, 1636963772.3546863, 1636963772.5969481, 1636963772.825239, 1636963773.0857263, 1636963782.372805, 1636963782.6090133, 1636963782.8413134, 1636963783.0767868, 1636963783.3093553, 1636963783.5396557, 1636963783.7724183],