{"initial_reset_timestamp": 1637135496.1763544, "timestamps": [1637135496.6955492, 1637135497.0334735, 1637135497.4003465, 1637135497.7405522, 1637135498.0750904, 1637135498.4003148, 1637135498.741997, 1637135503.3981793, 1637135503.7333019, 1637135504.0864704, 1637135504.4877958, 1637135504.7572865, 1637135505.1184454, 1637135505.4750748, 1637135505.8374598, 1637135511.2507863, 1637135511.6108804, 1637135511.9830472, 1637135512.3892334, 1637135512.742716, 1637135513.1104982, 1637135513.509937, 1637135513.8869958, 1637135528.4190807, 1637135528.769771, 1637135529.1263452, 1637135529.4760232, 1637135529.8311024, 1637135530.1992707, 1637135530.5804105, 1637135545.3696246, 1637135545.7465065, 1637135546.1078758, 1637135546.4689608, 1637135546.855456, 1637135547.2448366, 1637135547.6045647, 1637135562.6845288, 1637135563.075471, 1637135563.4935343, 1637135563.786944, 1637135564.16519, 1637135564.5815542, 1637135564.9455633, 1637135565.3013391, 1637135580.4467556, 1637135580.8098304, 1637135581.081158, 1637135581.4445875, 1637135581.7972298, 1637135582.1164615, 1637135582.4725413, 1637135582.8268836, 1637135597.5496783, 1637135597.9208114, 1637135598.2016726, 1637135598.5658932, 1637135598.9342756, 1637135599.2994554, 1637135599.6952927, 1637135600.0117085, 1637135614.9027028, 1637135615.2713237, 1637135615.6433713, 1637135616.0133917, 1637135616.3777492, 1637135616.7478812, 1637135617.116073, 1637135631.6756158, 1637135632.0529048, 1637135632.482029, 1637135632.8592575, 1637135633.2139184, 1637135633.5954416, 1637135633.9544203, 1637135649.3844814, 1637135649.7518144, 1637135650.13246, 1637135650.4822667, 1637135650.8299634, 1637135651.2582827, 1637135651.5741308, 1637135666.9998431, 1637135667.359677, 1637135667.721984, 1637135668.109511, 1637135668.4743142, 1637135668.8328867, 1637135669.1986613, 1637135684.2590919, 1637135684.6135762, 1637135684.970646, 1637135685.3601325, 1637135685.7189693, 1637135686.0850053, 1637135686.4517183, 1637135701.373304, 1637135701.7499495, 1637135702.1318254, 1637135702.5170887, 1637135702.8872693, 1637135703.2421887, 1637135703.6201212, 1637135718.44959, 1637135718.7833302, 1637135719.1137986, 1637135719.3972695, 1637135719.789808, 1637135720.1672885, 1637135720.4849916, 1637135720.8442419, 1637135721.2073944, 1637135736.2019513, 1637135736.5668795, 1637135736.9461095, 1637135737.3193233, 1637135737.69649, 1637135738.06091, 1637135738.4148118, 1637135753.670324, 1637135754.0267818, 1637135754.39425, 1637135754.750862, 1637135755.125944, 1637135755.512227, 1637135755.8838663, 1637135770.518155, 1637135770.883309, 1637135771.228417, 1637135771.662461, 1637135772.061824, 1637135772.4500432, 1637135772.8103378, 1637135787.6815798, 1637135788.043121, 1637135788.4070284, 1637135788.6879187, 1637135789.049544, 1637135789.412385, 1637135789.7761855, 1637135790.206118, 1637135805.4830294, 1637135805.9070177, 1637135806.2780356, 1637135806.6422412, 1637135807.0615847, 1637135807.4528773, 1637135807.8134582, 1637135822.885577, 1637135823.2313075, 1637135823.5832949, 1637135823.9445314, 1637135824.3289592, 1637135824.6824, 1637135825.0396209, 1637135841.5287926, 1637135841.8787296, 1637135842.23523, 1637135842.5874414, 1637135842.9464004, 1637135843.3037224, 1637135843.6612344, 1637135861.5433514, 1637135861.909087, 1637135862.294852, 1637135862.6525505, 1637135863.0100992, 1637135863.285918, 1637135863.6548042, 1637135864.0313168, 1637135882.6810117, 1637135883.0155728, 1637135883.3635414, 1637135883.736979, 1637135884.1351845, 1637135884.5061755, 1637135884.8463252, 1637135885.2141032, 1637135901.7743123, 1637135902.183313, 1637135902.544453, 1637135902.903894, 1637135903.211395, 1637135903.5634964, 1637135903.924129, 1637135921.418845, 1637135921.8018491, 1637135922.1979866, 1637135922.5686126, 1637135922.954933, 1637135923.306426, 1637135923.657244, 1637135939.9113798, 1637135940.2002335, 1637135940.5797038, 1637135940.8923774, 1637135941.261892, 1637135941.6108909, 1637135941.8848372, 1637135942.2528737, 1637135942.571466, 1637135958.9193447, 1637135959.287451, 1637135959.579241, 1637135959.970398, 1637135960.3500676, 1637135960.7239072, 1637135961.0963523, 1637135961.4281633, 1637135979.5167365, 1637135979.8920467, 1637135980.2621462, 1637135980.5889213, 1637135980.9414518, 1637135981.3150396, 1637135981.6805506, 1637135982.0525634, 1637135982.361705, 1637135999.531556, 1637135999.942548, 1637136000.2046497, 1637136000.6174994, 1637136000.942816, 1637136001.3293445, 1637136001.588537, 1637136001.9409783, 1637136002.3041954, 1637136018.06119, 1637136018.3575056, 1637136018.7224061, 1637136019.1016061, 1637136019.4596133, 1637136019.8555553, 1637136020.2317567, 1637136020.624302, 1637136036.0837934, 1637136036.3487399, 1637136036.70136, 1637136037.076469, 1637136037.4739277, 1637136037.840044, 1637136038.14741, 1637136038.494216, 1637136038.8747103, 1637136054.3747373, 1637136054.699179, 1637136055.070656, 1637136055.4755402, 1637136055.8464234, 1637136056.238562, 1637136056.584761, 1637136056.8911302, 1637136071.917431, 1637136072.2425385, 1637136072.595656, 1637136072.86726, 1637136073.2331738, 1637136073.4996197, 1637136073.845852, 1637136074.110695, 1637136074.4166434, 1637136074.7133882, 1637136075.0506132, 1637136090.566241, 1637136090.8526573, 1637136091.1782107, 1637136091.564492, 1637136091.870261, 1637136092.253978, 1637136092.5615604, 1637136092.9283864, 1637136093.310221, 1637136108.7261164, 1637136109.0364916, 1637136109.4073825, 1637136109.7768884, 1637136110.173578, 1637136110.5071304, 1637136110.8404665, 1637136111.2055264, 1637136126.415897, 1637136126.7536933, 1637136127.0083609, 1637136127.3287623, 1637136127.6539967, 1637136127.9663167, 1637136128.3015277, 1637136128.7143784, 1637136129.0232437, 1637136129.412704, 1637136144.5110064, 1637136144.8749857, 1637136145.2665882, 1637136145.611732, 1637136145.9993548, 1637136146.3984392, 1637136146.7708552, 1637136147.0862126, 1637136147.4529471, 1637136162.982124, 1637136163.3437238, 1637136163.7234898, 1637136164.1538503, 1637136164.4977078, 1637136164.8446112, 1637136165.127771, 1637136165.451716, 1637136165.7608852, 1637136166.0716355, 1637136166.4744277, 1637136182.1695616, 1637136182.5414042, 1637136182.8745308, 1637136183.2586052, 1637136183.6643214, 1637136184.215398, 1637136184.7673612, 1637136185.2141461, 1637136201.9840097, 1637136202.3862343, 1637136202.7802398, 1637136203.160289, 1637136203.504616, 1637136203.9171133, 1637136204.317166, 1637136204.7164447, 1637136220.6850762, 1637136220.9860222, 1637136221.3477578, 1637136221.695508, 1637136222.0622702, 1637136222.4521718, 1637136222.839284, 1637136223.2142227, 1637136240.5739942, 1637136240.9219606, 1637136241.2906039, 1637136241.615905, 1637136241.9854605, 1637136242.361489, 1637136242.6373377, 1637136242.9301338, 1637136243.3051205, 1637136261.5196605, 1637136261.8430994, 1637136262.1696756, 1637136262.511269, 1637136262.8778133, 1637136263.270905, 1637136263.677003, 1637136264.066165, 1637136264.399735, 1637136283.4050388, 1637136283.7626, 1637136284.0465727, 1637136284.4253993, 1637136284.6997929, 1637136285.0825074, 1637136285.4523387, 1637136285.7535152, 1637136286.1110196, 1637136286.4932034, 1637136305.9586365, 1637136306.255812, 1637136306.6316366, 1637136306.9130206, 1637136307.2158356, 1637136307.5021358, 1637136307.7954075, 1637136308.1096685, 1637136308.3778045, 1637136308.7509139, 1637136328.0872755, 1637136328.436989, 1637136328.738408, 1637136329.0672367, 1637136329.3242755, 1637136329.59475, 1637136329.9445622, 1637136330.2871447, 1637136330.681276, 1637136349.5291288, 1637136349.7754862, 1637136350.0435436, 1637136350.3824518, 1637136350.707602, 1637136351.0462089, 1637136351.3872147, 1637136351.6983469, 1637136352.0997424, 1637136371.3924642, 1637136371.637158, 1637136371.8842454, 1637136372.148264, 1637136372.3977783, 1637136372.6696253, 1637136373.0537977, 1637136373.4192445, 1637136373.7027707, 1637136373.9960682, 1637136374.2857, 1637136394.0608394, 1637136394.4509914, 