{"initial_reset_timestamp": 1634536702.3235612, "timestamps": [1634536704.728817, 1634536705.6470797, 1634536706.0961285, 1634536706.519404, 1634536707.0769348, 1634536707.5538871, 1634536708.444802, 1634536709.231984, 1634536710.0131323, 1634536711.1166131, 1634536711.563849, 1634536712.2389352, 1634536712.828526, 1634536713.5002778, 1634536714.2001662, 1634536715.0535247, 1634536715.8254085, 1634536716.784889, 1634536717.7813253, 1634536718.6952195, 1634536719.2734194, 1634536720.1284728, 1634536720.79253, 1634536721.3538513, 1634536721.9254766, 1634536722.5338192, 1634536723.3749843, 1634536724.064452, 1634536724.7790415, 1634536725.1695485, 1634536726.1352103, 1634536726.887305, 1634536728.3418317, 1634536729.185596, 1634536730.151886, 1634536730.953741, 1634536731.695305, 1634536732.5436318, 1634536733.1017215, 1634536734.0339117, 1634536735.2311218, 1634536736.3790917, 1634536737.0300627, 1634536737.6222608, 1634536738.9101746, 1634536739.713777, 1634536740.230914, 1634536740.8879943, 1634536741.5714548, 1634536742.309013, 1634536742.9739275, 1634536743.6814308, 1634536744.3720098, 1634536744.931529, 1634536745.6341827, 1634536746.454342, 1634536746.8142583, 1634536747.5224926, 1634536748.5143657, 1634536749.2009306, 1634536750.6793137, 1634536751.384248, 1634536752.0284653, 1634536753.027541, 1634536753.7126446, 1634536754.4724233, 1634536755.4381027, 1634536756.1233733, 1634536756.8953001, 1634536757.6262615, 1634536758.5366013, 1634536759.3351312, 1634536760.1881063, 1634536761.3255625, 1634536761.9382577, 1634536762.9448717, 1634536764.0189722, 1634536765.3157015, 1634536765.9797952, 1634536766.9548965, 1634536768.40448, 1634536769.1084304, 1634536769.7108817, 1634536770.5433447, 1634536771.4210393, 1634536772.547415, 1634536773.2032578, 1634536773.7998614, 1634536774.362248, 1634536774.8894753, 1634536775.6557305, 1634536776.5589194, 1634536777.2865949, 1634536777.8274, 1634536778.901806, 1634536780.1512692, 1634536780.8196743, 1634536781.7841687, 1634536782.4751225, 1634536783.128746, 1634536783.919406, 1634536784.6020083, 1634536785.2021458, 1634536785.8235505, 1634536786.5519304, 1634536787.1775153, 1634536787.7921982, 1634536788.8309186, 1634536789.6410313, 1634536790.490579, 1634536791.105911, 1634536791.6903243, 1634536792.500439, 1634536793.4259782, 1634536794.0802422, 1634536794.7660599, 1634536795.450041, 1634536796.1224988, 1634536796.796435, 1634536797.4498842, 1634536798.1641285, 1634536798.9980738, 1634536799.5842505, 1634536800.864158, 1634536801.8538527, 1634536802.6401374, 1634536803.4057782, 1634536804.1275175, 1634536805.25786, 1634536805.884885, 1634536806.6726713, 1634536807.2352886, 1634536808.1352508, 1634536809.1182983, 1634536810.0935793, 1634536810.9702501, 1634536811.7335892, 1634536812.49896, 1634536813.20188, 1634536814.068455, 1634536814.6567888, 1634536815.7125804, 1634536816.457886, 1634536817.2786539, 1634536818.2183523, 1634536818.7486198, 1634536819.6189263, 1634536820.2071567, 1634536820.8949914, 1634536821.5391884, 1634536822.2024448, 1634536822.952936, 1634536823.900242, 1634536824.5615, 1634536825.21589, 1634536825.82506, 1634536826.54159, 1634536827.4963078, 1634536828.2124531, 1634536828.9805212, 1634536829.9973476, 1634536830.6448128, 1634536831.5231912, 1634536832.1125593, 1634536832.5682676, 1634536833.6370296, 1634536834.5500214, 1634536835.40609, 1634536836.1951916, 1634536836.8206618, 1634536837.5547776, 1634536838.122351, 1634536838.8265584, 1634536840.2480526, 1634536841.1622858, 1634536842.3912535, 1634536843.7067058, 1634536844.2675285, 1634536844.9399266, 1634536846.212447, 1634536846.8464503, 1634536847.3754022, 1634536848.1397228, 1634536848.9073353, 1634536849.5599682, 1634536850.0649545, 1634536851.1287467, 1634536851.6889772, 1634536852.659259, 1634536853.5076764, 1634536854.2780516, 1634536854.9488046, 1634536855.69042, 1634536856.3533413, 1634536857.114137, 1634536858.037872, 1634536858.8507862, 1634536859.4479241, 1634536860.343198, 1634536860.936108, 1634536861.6197388, 1634536862.529364, 1634536863.1962628, 1634536863.9311202, 1634536864.8739607, 1634536865.634805, 1634536866.7906353, 1634536867.757563, 1634536868.2543216, 1634536869.6577468, 1634536870.583166, 1634536871.641002, 1634536872.5757189, 1634536873.4338062, 1634536874.2934003, 1634536874.9676569, 1634536875.5237389, 1634536876.4061003, 1634536877.351167, 1634536878.1171236, 1634536878.638143, 1634536879.365124, 1634536880.1306512, 1634536881.3039758, 1634536882.0498111, 1634536882.8946664, 1634536883.4549088, 1634536884.1488411, 1634536885.4999192, 1634536886.0999014, 1634536886.634873, 1634536887.2587702, 1634536888.569991, 1634536889.2478263, 1634536890.5207782, 1634536891.306061, 1634536891.8501816, 1634536892.5868363, 1634536893.508222, 1634536894.411009, 1634536894.947813, 1634536895.7129385, 1634536896.3112426, 1634536897.0365407, 1634536897.6453836, 1634536898.3760142, 1634536899.0553706, 1634536899.8085518, 1634536900.7643356, 1634536901.9699218, 1634536902.6979694, 1634536903.38566, 1634536903.9457607, 1634536904.9680572, 1634536905.7171323, 1634536906.6963184, 1634536907.4204884, 1634536908.6197522, 1634536910.0660937, 1634536910.6920083, 1634536911.4884093, 1634536912.6213667, 1634536913.2620244, 1634536914.234124, 1634536915.0093753, 1634536915.830904, 1634536916.4778364, 1634536917.1281912, 1634536917.828412, 1634536918.4190333, 1634536919.5711176, 1634536920.3073063, 1634536921.10579, 1634536921.7436998, 1634536922.5727115, 1634536923.7950723, 1634536924.5857606, 1634536925.4349084, 1634536926.2653449, 1634536926.9251502, 1634536927.6443245, 1634536928.6627104, 1634536929.4973428, 1634536930.3053756, 1634536931.5793576, 1634536932.6199856, 1634536933.7402394, 1634536934.4879498, 1634536935.2411304, 1634536936.5292926, 1634536937.5438976, 1634536938.125581, 1634536938.8665078, 1634536939.4065676, 1634536939.890014, 1634536940.6754806], "episode_lengths": [908, 880, 455, 424, 548, 453, 854, 734, 742, 1057, 439, 675, 572, 626, 661, 801, 728, 876, 926, 841, 524, 791, 631, 538, 551, 532, 752, 657, 668, 387, 845, 674, 1266, 753, 882, 742, 697, 786, 553, 820, 1097, 1038, 605, 560, 1158, 752, 491, 622, 612, 617, 571, 620, 588, 491, 663, 739, 348, 659, 876, 631, 1324, 643, 558, 901, 638, 712, 857, 604, 650, 609, 704, 642, 700, 923, 530, 841, 945, 1139, 622, 852, 1291, 659, 578, 756, 763, 1012, 623, 552, 536, 498, 719, 823, 654, 518, 974, 1103, 639, 890, 648, 618, 730, 630, 553, 589, 687, 565, 583, 932, 716, 774, 577, 583, 754, 840, 602, 658, 618, 633, 626, 613, 644, 769, 540, 1162, 838, 644, 641, 629, 1001, 551, 643, 471, 798, 875, 852, 842, 701, 716, 647, 830, 559, 987, 688, 754, 912, 501, 800, 570, 654, 630, 645, 653, 842, 562, 590, 566, 652, 840, 654, 699, 900, 571, 791, 559, 453, 993, 845, 778, 686, 578, 633, 536, 639, 1305, 789, 1108, 1146, 509, 605, 1123, 615, 513, 714, 729, 614, 474, 993, 523, 932, 791, 730, 634, 644, 627, 721, 889, 800, 555, 843, 529, 625, 803, 622, 613, 799, 656, 1003, 877, 491, 1279, 730, 840, 722, 688, 714, 579, 496, 731, 864, 679, 497, 653, 692, 968, 682, 778, 526, 622, 1221, 549, 501, 570, 1195, 641, 1169, 711, 500, 662, 843, 711, 504, 724, 559, 670, 597, 681, 614, 689, 909, 1063, 656, 607, 522, 967, 659, 868, 622, 996, 1004, 496, 645, 952, 605, 868, 744, 631, 603, 619, 658, 580, 1072, 714, 717, 575, 592, 1013, 572, 676, 760, 632, 640, 949, 774, 596, 996, 695, 947, 586, 627, 842, 863, 506, 680, 534, 485, 775],