{"initial_reset_timestamp": 1637030826.265069, "timestamps": [1637030830.820474, 1637030831.2140677, 1637030831.7981904, 1637030832.3187757, 1637030832.7776697, 1637030833.1997054, 1637030837.0547664, 1637030837.4833088, 1637030837.9189239, 1637030838.355585, 1637030838.7883277, 1637030839.216103, 1637030839.6435716, 1637030844.3938355, 1637030845.917435, 1637030847.2759197, 1637030848.6434674, 1637030850.0939422, 1637030851.5960653, 1637030853.0546792, 1637030857.7055092, 1637030858.971857, 1637030860.270275, 1637030861.6972826, 1637030863.1264992, 1637030864.4193738, 1637030868.829171, 1637030870.162951, 1637030871.4412196, 1637030872.743073, 1637030874.0291393, 1637030875.3096106, 1637030876.5897174, 1637030881.4316487, 1637030882.8567402, 1637030884.4309149, 1637030885.9776235, 1637030887.3067102, 1637030888.6541896, 1637030889.9953935, 1637030894.6845179, 1637030896.1015496, 1637030897.4848804, 1637030898.8791711, 1637030900.2246778, 1637030901.761094, 1637030906.709765, 1637030908.0959322, 1637030909.4764497, 1637030910.9317544, 1637030912.34223, 1637030913.8147225, 1637030915.2127912, 1637030919.876513, 1637030921.2951012, 1637030922.7684221, 1637030924.2493706, 1637030925.6448023, 1637030926.9760873, 1637030928.3243868, 1637030933.3243597, 1637030934.8290784, 1637030936.352743, 1637030937.9544454, 1637030939.3668458, 1637030940.8743858, 1637030945.8210096, 1637030947.5778592, 1637030949.045415, 1637030950.564529, 1637030952.0108507, 1637030953.620718, 1637030955.6242557, 1637030960.7500517, 1637030962.0807045, 1637030963.4060636, 1637030964.6323767, 1637030965.9669597, 1637030967.3453856, 1637030968.7166731, 1637030973.4360237, 1637030974.826407, 1637030976.2346115, 1637030977.5377438, 1637030978.817751, 1637030980.1168242, 1637030984.8003728, 1637030986.0412152, 1637030986.951351, 1637030988.3287408, 1637030989.2432897, 1637030990.604946, 1637030991.779881, 1637030993.102785, 1637030997.810809, 1637030999.109204, 1637031000.6165872, 1637031002.0453358, 1637031003.4027305, 1637031004.7389321, 1637031005.9368215, 1637031010.8492892, 1637031012.1486504, 1637031013.465918, 1637031014.7395148, 1637031016.1604986, 1637031017.486375, 1637031022.182867, 1637031023.468082, 1637031024.7521544, 1637031026.1345584, 1637031027.4119534, 1637031028.698648, 1637031029.9770887, 1637031034.6100483, 1637031035.9238994, 1637031037.2217705, 1637031038.5135221, 1637031039.8247848, 1637031041.1769102, 1637031042.4720848, 1637031047.153536, 1637031048.568579, 1637031049.583953, 1637031050.9319234, 1637031051.6998239, 1637031052.996895, 1637031054.3059509, 1637031058.9382672, 1637031060.2235956, 1637031061.5490448, 1637031062.838254, 1637031064.1227112, 1637031065.42174, 1637031066.7046523, 1637031071.2517493, 1637031072.541332, 1637031073.8439393, 1637031075.12797, 1637031076.3973963, 1637031077.6605296, 1637031082.1919465, 1637031083.4714963, 1637031084.739331, 1637031086.0304134, 1637031087.2917142, 1637031088.5623229, 1637031089.8251565, 1637031094.2995992, 1637031095.6128006, 1637031097.090081, 1637031098.371761, 1637031099.6566186, 1637031100.9066284, 1637031102.1425505, 1637031106.6537793, 1637031107.9083216, 1637031109.1726685, 1637031110.415752, 1637031111.6089046, 1637031112.8546467, 1637031117.2505076, 1637031118.469611, 1637031119.6661847, 1637031120.9298778, 1637031122.166259, 1637031123.4240134, 1637031124.7309835, 1637031129.5068054, 1637031130.7968006, 1637031132.0669708, 1637031133.3495412, 1637031134.6746917, 1637031136.036159, 1637031137.5477684, 1637031142.4463084, 1637031143.7607174, 1637031145.0298035, 1637031146.4262652, 1637031148.0463417, 1637031148.707718, 1637031150.1717792, 1637031154.8715663, 1637031156.158392, 1637031157.4465127, 1637031158.7012346, 1637031159.942782, 1637031161.192284, 1637031162.4491303, 1637031166.814871, 1637031167.829366, 1637031169.053188, 1637031170.3153274, 1637031171.6993518, 1637031172.950537, 1637031174.1927884, 1637031178.5832586, 1637031179.801088, 1637031181.0634255, 1637031182.3161097, 1637031183.6464028, 1637031184.8826008, 1637031186.2229068, 1637031191.165295, 1637031192.5935717, 1637031193.935764, 1637031195.4265418, 1637031196.8958201, 1637031198.173554, 1637031202.78322, 1637031204.0998175, 1637031205.475722, 1637031206.806054, 1637031208.0485404, 1637031209.2862692, 1637031210.5578237, 1637031214.8712142, 1637031216.2011378, 1637031217.5206406, 1637031218.7876875, 1637031220.0230677, 1637031221.2667527, 1637031222.5631995, 1637031227.0167072, 1637031228.2735288, 1637031229.5235264, 1637031230.8025694, 1637031232.052677, 1637031233.3016164, 1637031237.851817, 1637031239.1724167, 1637031240.4494548, 1637031241.6891785, 1637031243.054767, 1637031244.4084759, 1637031245.7857974, 1637031250.4965482, 1637031251.7362728, 1637031252.4112804, 1637031253.6593757, 1637031254.901929, 1637031256.177049, 1637031257.599745, 1637031262.744313, 1637031264.098462, 1637031265.4541738, 1637031266.746385, 1637031268.120643, 1637031269.4499428, 1637031270.7188616, 1637031275.162908, 1637031276.5451245, 1637031277.8459547, 1637031279.1296399, 1637031280.424015, 1637031281.696748, 1637031286.1419497, 1637031287.395013, 1637031288.6408195, 1637031289.9072828, 1637031291.164366, 1637031292.4266622, 1637031293.6671832, 1637031298.0848818, 1637031299.3538077, 1637031300.611978, 1637031301.8653913, 1637031303.1132338, 1637031304.342569, 1637031305.598104, 1637031310.0175412, 1637031311.3185658, 1637031312.5942755, 1637031313.849889, 1637031315.066106, 1637031316.2988036, 1637031320.8959394, 1637031322.1986864, 1637031323.5125487, 1637031324.7569897, 1637031326.0686953, 1637031327.341812, 1637031328.5743937, 1637031333.0663722, 1637031334.3195095, 1637031335.6075773, 1637031336.9460218, 1637031338.1746027, 1637031339.4049776, 1637031340.643698, 1637031345.0899863, 1637031346.3992438, 1637031347.6546097, 1637031348.8947659, 1637031350.1587605, 1637031351.4008124, 1637031355.829204, 1637031357.0812535, 1637031358.3094828, 1637031359.5355017, 1637031360.806034, 1637031362.050615, 1637031363.310067, 1637031367.6890068, 1637031368.9457104, 1637031370.1978939, 1637031371.437959, 1637031372.6961405, 1637031373.9438148, 1637031375.163227, 1637031379.5932755, 1637031380.8724387, 1637031382.1096792, 1637031383.3586478, 1637031384.5893698, 1637031385.9362803, 1637031390.3637748, 1637031391.6171343, 1637031392.8700998, 1637031394.1187909, 1637031395.383478, 1637031396.6273685, 1637031397.86664, 1637031402.3650358, 1637031403.716083, 1637031405.0060935, 1637031406.2741487, 1637031407.5633986, 1637031408.858509, 1637031410.2484243, 1637031414.8590016, 1637031416.155408, 1637031417.3969052, 1637031418.658198, 1637031419.9161057, 1637031420.834481, 1637031422.0851047],