{"initial_reset_timestamp": 1637030828.407529, "timestamps": [1637030828.8714352, 1637030829.1355402, 1637030829.4226375, 1637030829.7302258, 1637030830.057229, 1637030830.412246, 1637030830.7556372, 1637030835.3850756, 1637030835.6341667, 1637030835.887305, 1637030836.1891584, 1637030836.443236, 1637030836.707495, 1637030836.9708662, 1637030841.7737682, 1637030842.044813, 1637030842.345082, 1637030842.6966372, 1637030842.968875, 1637030843.2420707, 1637030843.546661, 1637030855.1353266, 1637030855.4062135, 1637030855.6384482, 1637030855.889317, 1637030856.1361961, 1637030856.3708677, 1637030856.6049747, 1637030867.0014813, 1637030867.2537508, 1637030867.5032403, 1637030867.7506552, 1637030867.9883175, 1637030868.2324753, 1637030868.4906154, 1637030878.917373, 1637030879.2392323, 1637030879.5091212, 1637030879.7759702, 1637030880.0860245, 1637030880.4088168, 1637030880.6455986, 1637030891.9335709, 1637030892.1968749, 1637030892.4905708, 1637030892.7427187, 1637030892.9857242, 1637030893.2551672, 1637030893.5253763, 1637030904.6396842, 1637030904.9373584, 1637030905.24555, 1637030905.5175126, 1637030905.7765486, 1637030906.0443983, 1637030906.3192525, 1637030917.5060546, 1637030917.7593153, 1637030918.0111387, 1637030918.2687902, 1637030918.510986, 1637030918.7949452, 1637030919.0663857, 1637030930.2402432, 1637030930.5453887, 1637030930.8344197, 1637030931.1219764, 1637030931.4102368, 1637030931.7061007, 1637030932.000366, 1637030943.8603256, 1637030944.1116495, 1637030944.3609152, 1637030944.628391, 1637030944.860658, 1637030945.130968, 1637030945.3780465, 1637030958.3859339, 1637030958.6421075, 1637030958.9033422, 1637030959.1551604, 1637030959.3939168, 1637030959.634873, 1637030959.8905418, 1637030970.8148868, 1637030971.1085343, 1637030971.3611197, 1637030971.6093876, 1637030971.8894556, 1637030972.157478, 1637030972.4249468, 1637030983.0348504, 1637030983.2886922, 1637030983.5358837, 1637030983.7972088, 1637030984.0464368, 1637030984.3031182, 1637030984.55066, 1637030995.5108645, 1637030995.7685795, 1637030996.0515099, 1637030996.3151596, 1637030996.5667512, 1637030996.8225596, 1637030997.0779479, 1637031008.24388, 1637031008.5103617, 1637031008.7810063, 1637031009.0401495, 1637031009.3265102, 1637031009.6272879, 1637031009.9083867, 1637031020.4559054, 1637031020.7223215, 1637031020.9864552, 1637031021.2691414, 1637031021.5257456, 1637031021.775415, 1637031022.0281975, 1637031032.5247004, 1637031032.7916193, 1637031033.0584736, 1637031033.3242702, 1637031033.5888336, 1637031033.8382304, 1637031034.080477, 1637031044.5520766, 1637031044.8111029, 1637031045.0898206, 1637031045.3434634, 1637031045.617432, 1637031045.892973, 1637031046.1569927, 1637031056.9592228, 1637031057.2170925, 1637031057.478676, 1637031057.7418778, 1637031058.0016208, 1637031058.2579136, 1637031058.5138555, 1637031068.9078968, 1637031069.1592386, 1637031069.404926, 1637031069.6523614, 1637031069.9145544, 1637031070.181259, 1637031070.464087, 1637031080.6040063, 1637031080.8593655, 1637031081.1509314, 1637031081.403773, 1637031081.6513531, 1637031081.8996835, 1637031082.1500115, 1637031092.4408529, 1637031092.6833057, 1637031092.91726, 1637031093.152845, 1637031093.3834486, 1637031093.652284, 1637031093.8866763, 1637031104.2471817, 1637031104.4975498, 1637031104.7394583, 1637031105.000241, 1637031105.3228006, 1637031105.56328, 1637031105.806337, 1637031115.7314281, 1637031115.978734, 1637031116.2262268, 1637031116.4734147, 1637031116.7170658, 1637031116.9678266, 1637031117.2119105, 1637031127.547549, 1637031127.7920277, 1637031128.0365999, 1637031128.3026628, 1637031128.5588121, 1637031128.8057988, 1637031129.0527747, 1637031140.0036445, 1637031140.2419012, 1637031140.5151708, 1637031140.7479424, 1637031140.9765186, 1637031141.2308269, 1637031141.4892867, 1637031153.0950277, 1637031153.3403602, 1637031153.607783, 1637031153.8680162, 1637031154.1113403, 1637031154.386785, 1637031154.650591, 1637031164.7552848, 1637031165.0329149, 1637031165.2770658, 1637031165.5206587, 1637031165.765174, 1637031166.0119228, 1637031166.2566571, 1637031176.3614116, 1637031176.6067522, 1637031176.852954, 1637031177.0892375, 1637031177.3759704, 1637031177.6247518, 1637031177.8808343, 1637031188.0840166, 1637031188.350498, 1637031188.6238837, 1637031188.993858, 1637031189.2607527, 1637031189.5294726, 1637031189.8238857, 1637031200.7448773, 1637031201.005581, 1637031201.282541, 1637031201.5401506, 1637031201.796605, 1637031202.0414069, 1637031202.3527188, 1637031212.718903, 1637031212.9634647, 1637031213.2083402, 1637031213.451212, 1637031213.69304, 1637031213.9342103, 1637031214.180178, 1637031224.4133568, 1637031224.6677918, 1637031224.9213426, 1637031225.1706872, 1637031225.449971, 1637031225.6983855, 1637031225.9455507, 1637031235.8851874, 1637031236.1364114, 1637031236.41271, 1637031236.6702113, 1637031236.9436045, 1637031237.2208662, 1637031237.4827268, 1637031248.1520042, 1637031248.4241378, 1637031248.7224307, 1637031248.9734414, 1637031249.2379262, 1637031249.4911022, 1637031249.738748, 1637031260.3919096, 1637031260.6839483, 1637031260.987156, 1637031261.2878473, 1637031261.591031, 1637031261.8593986, 1637031262.2054057, 1637031272.801196, 1637031273.0482147, 1637031273.2908263, 1637031273.5323188, 1637031273.7845712, 1637031274.0295026, 1637031274.275181, 1637031284.440064, 1637031284.7072465, 1637031284.976018, 1637031285.2296896, 1637031285.502144, 1637031285.752177, 1637031286.0096204, 1637031296.0729396, 1637031296.3255765, 1637031296.5825207, 1637031296.8329847, 1637031297.0878823, 1637031297.3429685, 1637031297.5910268, 1637031307.6264539, 1637031307.8699772, 1637031308.114897, 1637031308.3689244, 1637031308.6311355, 1637031308.881223, 1637031309.1215515, 1637031319.2686963, 1637031319.5275595, 1637031319.76637, 1637031320.0259979, 1637031320.2692993, 1637031320.5175993, 1637031320.7579226, 1637031331.0140872, 1637031331.2583177, 1637031331.5044656, 1637031331.7984154, 1637031332.0608199, 1637031332.31013, 1637031332.5786524, 1637031342.762063, 1637031342.9980054, 1637031343.2391717, 1637031343.4821975, 1637031343.732116, 1637031343.9672139, 1637031344.2448246, 1637031354.1557407, 1637031354.399049, 1637031354.6589193, 1637031354.9372137, 1637031355.1781943, 1637031355.4485447, 1637031355.6913087, 1637031365.7173564, 1637031365.9624312, 1637031366.2212155, 1637031366.4685895, 1637031366.7138832, 1637031366.962244, 1637031367.2003953, 1637031377.232621, 1637031377.4723876, 1637031377.718516, 1637031377.9690208, 1637031378.2130222, 1637031378.464762, 1637031378.7279077, 1637031388.710895, 1637031388.9620357, 1637031389.2060483, 1637031389.4552653, 1637031389.703178, 1637031389.9676456, 1637031390.2260432, 1637031400.384771, 1637031400.6639984, 1637031400.9037807, 1637031401.1401732, 1637031401.3821576, 1637031401.6189432, 1637031401.857625, 1637031412.3682861, 1637031412.6477966, 1637031412.9152453, 1637031413.186722, 1637031413.48067, 1637031413.7320096, 1637031413.9880834],