{"initial_reset_timestamp": 1637032487.1880925, "timestamps": [1637032487.6658688, 1637032487.9188483, 1637032488.176416, 1637032488.4334261, 1637032488.6969767, 1637032488.957151, 1637032489.2109056, 1637032493.4775355, 1637032493.7309282, 1637032493.9827428, 1637032494.260972, 1637032494.5086153, 1637032494.7569387, 1637032495.005569, 1637032499.7164137, 1637032499.9672933, 1637032500.2311661, 1637032500.5166492, 1637032500.775431, 1637032501.0253518, 1637032501.2721019, 1637032512.4765697, 1637032512.733432, 1637032513.0077865, 1637032513.2907858, 1637032513.562499, 1637032513.8013365, 1637032514.0383136, 1637032524.4773753, 1637032524.715824, 1637032524.9496856, 1637032525.1858947, 1637032525.445241, 1637032525.684116, 1637032525.932665, 1637032536.370882, 1637032536.6397808, 1637032536.9153273, 1637032537.178895, 1637032537.4488523, 1637032537.720425, 1637032537.9928381, 1637032548.4462705, 1637032548.705579, 1637032548.9577947, 1637032549.2136512, 1637032549.4681067, 1637032549.7248588, 1637032550.0043166, 1637032561.0326474, 1637032561.2965336, 1637032561.5851831, 1637032561.8448174, 1637032562.1044743, 1637032562.3621306, 1637032562.6229863, 1637032573.1990962, 1637032573.4553905, 1637032573.7124267, 1637032573.9669304, 1637032574.2296824, 1637032574.5256085, 1637032574.773754, 1637032585.4952216, 1637032585.7976308, 1637032586.080862, 1637032586.3692775, 1637032586.655178, 1637032586.9441168, 1637032587.236289, 1637032597.7596445, 1637032598.0136924, 1637032598.2806954, 1637032598.554588, 1637032598.8050954, 1637032599.062912, 1637032599.3226416, 1637032609.7961445, 1637032610.1132689, 1637032610.4132135, 1637032610.7699564, 1637032611.0392563, 1637032611.3544254, 1637032611.6439917, 1637032623.0757017, 1637032623.327994, 1637032623.5967534, 1637032623.8623545, 1637032624.1160562, 1637032624.3671114, 1637032624.618495, 1637032635.2371697, 1637032635.5114224, 1637032635.765766, 1637032636.0227635, 1637032636.2851794, 1637032636.5395901, 1637032636.7865827, 1637032647.6424847, 1637032647.9001675, 1637032648.1968863, 1637032648.4527612, 1637032648.7171364, 1637032648.970794, 1637032649.2483194, 1637032659.7919462, 1637032660.1003015, 1637032660.3752477, 1637032660.6481183, 1637032660.9416835, 1637032661.2349367, 1637032661.5697243, 1637032671.8768692, 1637032672.15982, 1637032672.4216545, 1637032672.67991, 1637032672.9720092, 1637032673.258636, 1637032673.540153, 1637032684.20213, 1637032684.4587822, 1637032684.720958, 1637032684.9781492, 1637032685.263819, 1637032685.5459378, 1637032685.8026419, 1637032696.1592977, 1637032696.420933, 1637032696.678842, 1637032696.936575, 1637032697.1934674, 1637032697.4483979, 1637032697.7138593, 1637032708.2994044, 1637032708.5733554, 1637032708.8267045, 1637032709.0815969, 1637032709.3438244, 1637032709.6038752, 1637032709.873123, 1637032720.4737885, 1637032720.8500953, 1637032721.1674573, 1637032721.4587007, 1637032721.73241, 1637032722.0305624, 1637032722.2887397, 1637032733.1248066, 1637032733.409004, 1637032733.6873765, 1637032733.9538867, 1637032734.2157469, 1637032734.5226622, 1637032734.7877085, 1637032744.9188008, 1637032745.174957, 1637032745.4452727, 1637032745.7068224, 1637032745.9653351, 1637032746.2216763, 1637032746.5015347, 1637032756.7557726, 1637032757.0128994, 1637032757.2617285, 1637032757.5171852, 1637032757.7730274, 1637032758.025352, 1637032758.2895286, 1637032768.665227, 1637032768.923329, 1637032769.1857479, 1637032769.4563725, 1637032769.727916, 1637032770.0001035, 1637032770.254091, 1637032781.7194567, 1637032781.9836512, 1637032782.2591817, 1637032782.5496464, 1637032782.8337271, 1637032783.1346896, 1637032783.4244387, 1637032794.578774, 1637032794.855184, 1637032795.1419642, 1637032795.4472656, 1637032795.7284198, 1637032796.0135734, 1637032796.2848215, 1637032807.221455, 1637032807.5094268, 1637032807.8015437, 1637032808.092822, 1637032808.4167237, 1637032808.7008555, 1637032808.9895113, 1637032819.9199955, 1637032820.1875682, 1637032820.4497504, 1637032820.702343, 1637032820.964145, 1637032821.2289383, 1637032821.4873466, 1637032831.8642366, 1637032832.1163032, 1637032832.3694358, 1637032832.6234643, 1637032832.8864925, 1637032833.1630063, 1637032833.4249651, 1637032843.916345, 1637032844.1673872, 1637032844.4295511, 1637032844.696615, 1637032844.9628646, 1637032845.2172878, 1637032845.4900424, 1637032855.8027997, 1637032856.0617173, 1637032856.3180146, 1637032856.5723653, 1637032856.824045, 1637032857.0734797, 1637032857.3304992, 1637032867.6119852, 1637032867.86119, 1637032868.1085024, 1637032868.3614523, 1637032868.6198585, 1637032868.868654, 1637032869.1166658, 1637032879.407904, 1637032879.6918092, 1637032879.9505224, 1637032880.2079618, 1637032880.474637, 1637032880.7259362, 1637032880.997333, 1637032891.2045655, 1637032891.469772, 1637032891.7273676, 1637032891.9912796, 1637032892.25085, 1637032892.5033367, 1637032892.8134503, 1637032903.2043693, 1637032903.4593213, 1637032903.7103238, 1637032903.962191, 1637032904.2132852, 1637032904.4664888, 1637032904.7235374, 1637032914.9399374, 1637032915.1909354, 1637032915.476723, 1637032915.7256389, 1637032915.977037, 1637032916.231151, 1637032916.4832108, 1637032926.5890973, 1637032926.8718493, 1637032927.2643533, 1637032927.585003, 1637032927.8781176, 1637032928.1318305, 1637032928.3960679, 1637032939.3544247, 1637032939.700597, 1637032940.006312, 1637032940.3494947, 1637032940.6838574, 1637032940.9985845, 1637032941.580243, 1637032952.567893, 1637032952.8318605, 1637032953.1130779, 1637032953.3718395, 1637032953.6392303, 1637032953.9064865, 1637032954.1660242, 1637032964.5352273, 1637032964.793188, 1637032965.04051, 1637032965.2891648, 1637032965.5587575, 1637032965.8552117, 1637032966.1148925, 1637032976.6901784, 1637032976.9505079, 1637032977.2043927, 1637032977.4593613, 1637032977.714263, 1637032977.9874856, 1637032978.2451441, 1637032989.1970575, 1637032989.4650373, 1637032989.7269473, 1637032990.0009422, 1637032990.2569032, 1637032990.5427685, 1637032990.812276, 1637033001.042086, 1637033001.3209455, 1637033001.5838716, 1637033001.8357983, 1637033002.0966494, 1637033002.3511503, 1637033002.6082387, 1637033013.9606311, 1637033014.2485847, 1637033014.5327365, 1637033014.8197267, 1637033015.0795581, 1637033015.3654428, 1637033015.6369615, 1637033026.3716471, 1637033026.625181, 1637033026.8790827, 1637033027.1379538, 1637033027.411508, 1637033027.6639807, 1637033027.93362, 1637033038.8131194, 1637033039.0914614, 1637033039.3833585, 1637033039.63983, 1637033039.9157343, 1637033040.1671453, 1637033040.4415073, 1637033051.1182072, 1637033051.416475, 1637033051.6835155, 1637033051.94269, 1637033052.2047088, 1637033052.5006745, 1637033052.7855012, 1637033063.747719, 1637033063.998651, 1637033064.259708, 1637033064.5182452, 1637033064.7853258, 1637033065.0398881, 1637033065.2944636, 1637033075.8317585, 1637033076.0847898, 1637033076.3547275, 1637033076.6339152, 1637033076.9085944, 1637033077.1711023, 1637033077.4426398],