{"initial_reset_timestamp": 1637032485.0248566, "timestamps": [1637032489.2776494, 1637032489.6049616, 1637032490.0629823, 1637032490.5360172, 1637032491.0179908, 1637032491.4479377, 1637032495.0912766, 1637032495.5418491, 1637032495.9760828, 1637032496.4102857, 1637032496.8387249, 1637032497.3014333, 1637032497.7277198, 1637032501.9276605, 1637032503.4432626, 1637032504.9301462, 1637032506.2736523, 1637032507.6013525, 1637032508.999031, 1637032510.4178138, 1637032515.0839276, 1637032516.3788683, 1637032517.673293, 1637032519.0187316, 1637032520.4811668, 1637032521.8138328, 1637032526.2282937, 1637032527.5198205, 1637032528.7879114, 1637032530.0683959, 1637032531.3696876, 1637032532.6388626, 1637032533.9471135, 1637032538.6966004, 1637032540.0765028, 1637032541.3933935, 1637032542.68897, 1637032543.9778812, 1637032545.2838664, 1637032546.5863552, 1637032551.0575342, 1637032552.3699067, 1637032553.7002904, 1637032555.2117076, 1637032556.6696465, 1637032558.1597247, 1637032562.9395962, 1637032564.2633116, 1637032565.6717298, 1637032567.0652845, 1637032568.3136237, 1637032569.6089249, 1637032570.9465559, 1637032575.458744, 1637032576.7561865, 1637032578.073381, 1637032579.314065, 1637032580.6516116, 1637032581.9961329, 1637032583.4086328, 1637032588.3520143, 1637032589.7467196, 1637032591.1824105, 1637032592.4823375, 1637032593.7852983, 1637032595.072011, 1637032599.616193, 1637032600.933247, 1637032602.2079508, 1637032603.4803152, 1637032604.7746742, 1637032606.0754964, 1637032607.4228764, 1637032612.3859546, 1637032613.9781566, 1637032615.5659628, 1637032617.0573235, 1637032618.4973269, 1637032619.8966305, 1637032621.2038393, 1637032625.6634598, 1637032626.954202, 1637032628.4744935, 1637032629.9385078, 1637032631.2377539, 1637032632.5090032, 1637032637.0898037, 1637032638.3589568, 1637032639.85324, 1637032641.1709254, 1637032642.4479427, 1637032643.8414361, 1637032645.2610102, 1637032649.9383678, 1637032651.2460504, 1637032652.5259912, 1637032653.8512087, 1637032655.1550076, 1637032656.4796956, 1637032657.78241, 1637032662.6544304, 1637032663.9740438, 1637032665.264687, 1637032666.5870476, 1637032667.8152645, 1637032669.111287, 1637032673.855954, 1637032675.25329, 1637032676.5717363, 1637032677.8963165, 1637032679.2553704, 1637032680.7093627, 1637032681.980205, 1637032686.4642904, 1637032687.7626588, 1637032689.063183, 1637032690.3546166, 1637032691.6243002, 1637032692.9244037, 1637032694.2106762, 1637032698.7622378, 1637032700.0828495, 1637032701.3640072, 1637032702.6552339, 1637032704.0002165, 1637032705.3971915, 1637032710.1659834, 1637032711.4448996, 1637032712.8268254, 1637032714.216103, 1637032715.5115588, 1637032716.8118992, 1637032718.0952976, 1637032722.967009, 1637032724.2568815, 1637032725.558497, 1637032726.8655488, 1637032728.1958568, 1637032729.568813, 1637032731.0106783, 1637032735.8647091, 1637032737.154446, 1637032738.4253485, 1637032739.6860723, 1637032740.9886315, 1637032742.2770255, 1637032746.790691, 1637032748.0801756, 1637032749.3428354, 1637032750.6842601, 1637032751.9447014, 1637032753.2254975, 1637032754.5206223, 1637032758.9433956, 1637032760.2369127, 1637032761.4989295, 1637032762.762687, 1637032764.0393329, 1637032765.3901103, 1637032766.7447095, 1637032771.398973, 1637032772.7299488, 1637032774.0439277, 1637032775.465978, 1637032776.8737605, 1637032778.662536, 1637032783.7339911, 1637032785.0791774, 1637032786.553724, 1637032787.8413148, 1637032789.117762, 1637032790.6194723, 1637032792.0967262, 1637032796.9386914, 1637032798.3412457, 1637032799.6932151, 1637032801.0009673, 1637032802.272717, 1637032803.5985925, 1637032805.007746, 1637032810.1831303, 1637032811.6071684, 1637032813.0432258, 1637032814.3601792, 1637032815.7649622, 1637032817.1535575, 1637032821.7802916, 1637032823.0824764, 1637032824.3884335, 1637032825.7232468, 1637032827.0632956, 1637032828.3303854, 1637032829.60579, 1637032834.0783608, 1637032835.3729663, 1637032836.7167466, 1637032838.0465329, 1637032839.3990598, 1637032840.734678, 1637032842.0262308, 1637032846.5292368, 1637032847.8341124, 1637032849.1251678, 1637032850.449113, 1637032851.7592764, 1637032853.059053, 1637032857.6139207, 1637032858.8873522, 1637032860.1544576, 1637032861.459455, 1637032862.675541, 1637032863.9926348, 1637032865.2938232, 1637032869.7802248, 1637032871.1042192, 1637032872.4078615, 1637032873.716073, 1637032875.0033123, 1637032876.2817943, 1637032877.5649738, 1637032882.0123322, 1637032883.2935424, 1637032884.5629888, 1637032885.9062636, 1637032887.277411, 1637032888.5887125, 1637032893.1140127, 1637032894.400988, 1637032895.7061927, 1637032897.0347943, 1637032898.3214417, 1637032899.605366, 1637032900.9484744, 1637032905.388757, 1637032906.6443615, 1637032907.9220848, 1637032909.2347374, 1637032910.5281744, 1637032911.8239372, 1637032913.111589, 1637032917.5113614, 1637032918.7766333, 1637032920.0551736, 1637032921.33529, 1637032922.5732822, 1637032923.8689446, 1637032928.6951394, 1637032929.983442, 1637032931.2529233, 1637032932.5361412, 1637032933.8975205, 1637032935.287258, 1637032936.5659058, 1637032942.4900918, 1637032943.7999327, 1637032945.1871598, 1637032946.5341558, 1637032947.8849182, 1637032949.2067876, 1637032950.618263, 1637032955.2470758, 1637032956.578327, 1637032957.8791375, 1637032959.1586885, 1637032960.4959958, 1637032961.8950574, 1637032966.4051828, 1637032967.7013903, 1637032968.9987996, 1637032970.3312705, 1637032971.717814, 1637032973.031921, 1637032974.3283336, 1637032978.91294, 1637032980.225314, 1637032981.650067, 1637032983.024823, 1637032984.3596883, 1637032985.8151965, 1637032987.1268368, 1637032991.8595433, 1637032993.1556034, 1637032994.4571047, 1637032995.7753127, 1637032997.0741794, 1637032998.3978026, 1637033002.8984065, 1637033004.2576854, 1637033005.6703641, 1637033007.092314, 1637033008.4937222, 1637033009.943789, 1637033011.3753262, 1637033016.318011, 1637033017.6236262, 1637033019.009981, 1637033020.4739795, 1637033021.7977667, 1637033023.1169012, 1637033024.4033806, 1637033029.0215158, 1637033030.5063908, 1637033031.9659083, 1637033033.4301517, 1637033034.8145916, 1637033036.1128168, 1637033040.7362378, 1637033042.0262983, 1637033043.3198848, 1637033044.6523023, 1637033046.0068355, 1637033047.30114, 1637033048.5827506, 1637033053.4847686, 1637033054.8190684, 1637033056.2820969, 1637033057.691718, 1637033059.1074162, 1637033060.5340493, 1637033061.829836, 1637033066.3943684, 1637033067.7766876, 1637033069.2412498, 1637033070.5521948, 1637033071.9013104, 1637033073.1868558, 1637033077.7451322, 1637033079.1052983, 1637033080.3958614, 1637033081.6897202, 1637033083.0273674, 1637033084.3108625, 1637033085.6632614],