{"initial_reset_timestamp": 1637136421.1709933, "timestamps": [1637136421.8066516, 1637136422.160171, 1637136422.5171576, 1637136422.854684, 1637136423.21787, 1637136423.5552034, 1637136423.9046035, 1637136428.6722038, 1637136429.0416543, 1637136429.3999052, 1637136429.804981, 1637136430.0669026, 1637136430.405903, 1637136430.7578404, 1637136431.1136148, 1637136436.235441, 1637136436.5821226, 1637136436.9294653, 1637136437.283162, 1637136437.636092, 1637136437.9810855, 1637136438.3835256, 1637136438.7477164, 1637136452.9124813, 1637136453.262301, 1637136453.614053, 1637136453.9675684, 1637136454.3260005, 1637136454.6786964, 1637136455.026578, 1637136469.3600233, 1637136469.7335548, 1637136470.0926905, 1637136470.426874, 1637136470.7677252, 1637136471.1118143, 1637136471.4522638, 1637136485.4820716, 1637136485.8430922, 1637136486.1837862, 1637136486.5088956, 1637136486.8351696, 1637136487.1943822, 1637136487.545481, 1637136502.075429, 1637136502.4286196, 1637136502.781968, 1637136503.140858, 1637136503.4914556, 1637136503.89314, 1637136504.2478774, 1637136518.6566672, 1637136518.9984207, 1637136519.3356693, 1637136519.783849, 1637136520.24354, 1637136520.589723, 1637136520.954471, 1637136535.0704777, 1637136535.4132612, 1637136535.8005834, 1637136536.1355336, 1637136536.481998, 1637136536.820833, 1637136537.1833696, 1637136551.4251664, 1637136551.7655919, 1637136552.1090384, 1637136552.4847534, 1637136552.8177402, 1637136553.192076, 1637136553.5398326, 1637136567.8897471, 1637136568.2314658, 1637136568.4968734, 1637136568.834727, 1637136569.178589, 1637136569.5372283, 1637136569.9101512, 1637136570.274648, 1637136584.914603, 1637136585.2662904, 1637136585.6159272, 1637136585.9641573, 1637136586.3373365, 1637136586.6892664, 1637136587.0477145, 1637136601.74814, 1637136602.093408, 1637136602.454983, 1637136602.8124897, 1637136603.1648607, 1637136603.5226715, 1637136603.8791928, 1637136618.7168877, 1637136619.06019, 1637136619.421793, 1637136619.7802985, 1637136620.1615262, 1637136620.5332005, 1637136620.8735366, 1637136634.930023, 1637136635.284866, 1637136635.6325574, 1637136635.9767015, 1637136636.3372564, 1637136636.6906168, 1637136637.0426874, 1637136651.3386235, 1637136651.6811166, 1637136652.0185182, 1637136652.3829615, 1637136652.7357228, 1637136653.1018107, 1637136653.4517322, 1637136667.5698555, 1637136667.9186654, 1637136668.277964, 1637136668.6441648, 1637136669.0321443, 1637136669.3881707, 1637136669.7553544, 1637136684.2757218, 1637136684.6048768, 1637136684.8835044, 1637136685.236133, 1637136685.5838552, 1637136685.9549415, 1637136686.2901022, 1637136686.5904007, 1637136700.834832, 1637136701.1812434, 1637136701.5521576, 1637136701.9065146, 1637136702.264789, 1637136702.6312718, 1637136702.9652398, 1637136717.587191, 1637136717.8766122, 1637136718.2327294, 1637136718.6170425, 1637136718.9668329, 1637136719.3314064, 1637136719.6758175, 1637136720.0539927, 1637136734.7760742, 1637136735.109956, 1637136735.4095738, 1637136735.738145, 1637136736.079946, 1637136736.4449394, 1637136736.7935514, 1637136737.0796666, 1637136752.455422, 1637136752.7097676, 1637136753.0482838, 1637136753.4202187, 1637136753.7607992, 1637136754.1023147, 1637136754.4380457, 1637136754.7856603, 1637136770.127093, 1637136770.4726186, 1637136770.8234694, 1637136771.1745777, 1637136771.5747213, 1637136771.9219875, 1637136772.2718148, 1637136788.2320318, 1637136788.57362, 1637136788.9105315, 1637136789.2626555, 1637136789.6174977, 1637136789.958321, 1637136790.2743244, 1637136790.6131935, 1637136805.9201236, 1637136806.286518, 1637136806.6459577, 1637136807.0094876, 1637136807.3694715, 1637136807.7293098, 1637136808.09517, 1637136824.2131748, 1637136824.4901712, 1637136824.7733357, 1637136825.088374, 1637136825.4232957, 1637136825.7753162, 1637136826.070171, 1637136826.4023635, 1637136826.75839, 1637136842.559456, 1637136842.8939188, 1637136843.2371085, 1637136843.5177193, 1637136843.8721623, 1637136844.2111785, 1637136844.5457845, 1637136844.8742564, 1637136861.6689732, 1637136862.0869768, 1637136862.3818917, 1637136862.7433944, 1637136863.102439, 1637136863.3716455, 1637136863.685995, 1637136864.0542438, 1637136879.9640994, 1637136880.2988422, 1637136880.5745227, 1637136881.0089447, 1637136881.3587723, 1637136881.687924, 1637136881.9900987, 1637136882.296929, 1637136882.6381094, 1637136899.9899893, 1637136900.3622184, 1637136900.6587887, 1637136900.9240408, 1637136901.273209, 1637136901.6280842, 1637136901.9972482, 1637136902.3908272, 1637136902.7625108, 1637136919.9467776, 1637136920.2558973, 1637136920.5305843, 1637136920.7840095, 1637136921.1327815, 1637136921.477701, 1637136921.838023, 1637136922.20767, 1637136922.519555, 1637136922.8481169, 1637136941.4799047, 1637136941.8154776, 1637136942.10629, 1637136942.4403503, 1637136942.8003492, 1637136943.1157072, 1637136943.4689596, 1637136943.805725, 1637136944.0388777, 1637136944.3251553, 1637136963.3446445, 1637136963.6910408, 1637136963.9712753, 1637136964.241733, 1637136964.5534425, 1637136964.8738632, 1637136965.2440593, 1637136965.5902007, 1637136965.8728151, 1637136966.2083397, 1637136985.2303028, 1637136985.5216973, 1637136985.818621, 1637136986.0684617, 1637136986.3660097, 1637136986.6380525, 1637136986.8796222, 1637136987.1134205, 1637136987.4057834, 1637136987.685225, 1637136987.9630027, 1637136988.290486, 1637136988.6192427, 1637137007.6473837, 1637137007.9390643, 1637137008.239297, 1637137008.5427084, 1637137008.7996452, 1637137009.1109262, 1637137009.3768208, 1637137009.7237282, 1637137010.0787854, 1637137010.3380415, 1637137010.6567945, 1637137029.0745797, 1637137029.3566513, 1637137029.6139102, 1637137029.9282036, 1637137030.2054725, 1637137030.5546029, 1637137030.804824, 1637137031.112098, 1637137031.4219291, 1637137031.6956935, 1637137032.0432754, 1637137051.609503, 1637137051.8474288, 1637137052.0962608, 1637137052.3525438, 1637137052.5996094, 1637137052.887615, 1637137053.1182659, 1637137053.3452594, 1637137053.6398797, 1637137053.9239643, 1637137054.198709, 1637137054.4953866, 1637137054.8099086, 1637137055.0711398, 1637137074.3232672, 1637137074.5732315, 1637137074.828677, 1637137075.0695705, 1637137075.3220086, 1637137075.5743613, 1637137075.8344443, 1637137076.125332, 1637137076.3861628, 1637137076.6705432, 1637137076.951894, 1637137077.2273684, 1637137077.4836586, 1637137077.7688727, 1637137078.0351298, 1637137078.314187, 1637137097.718644, 1637137098.032789, 1637137098.3196719, 1637137098.6342378, 1637137098.8834884, 1637137099.140112, 1637137099.4332032, 1637137099.7375028, 1637137100.0517666, 1637137100.321481, 1637137100.5698688, 1637137100.8792167, 1637137120.6117017, 1637137120.9366133, 1637137121.2258058, 1637137121.4666808, 1637137121.7108822, 1637137121.9795814, 1637137122.2708552, 1637137122.5254247, 1637137122.7762294, 1637137123.0579085, 1637137123.2925322, 1637137123.5285969, 1637137123.773401, 1637137124.0399444, 1637137124.2857833, 1637137124.569701, 1637137144.3554223, 1637137144.6308181, 1637137144.8963218, 1637137145.1678493, 1637137145.4298565, 1637137145.696145, 1637137146.043968, 1637137146.3201041, 1637137146.6626837, 1637137146.9241643, 1637137147.2037432, 1637137147.4991877, 1637137167.2407093, 1637137167.4912899, 1637137167.7545695, 1637137168.0336974, 1637137168.3131137, 1637137168.6448748, 1637137168.9667723, 1637137169.229763, 1637137169.5045419, 1637137169.7698417, 1637137170.0609517, 1637137170.3266134, 1637137170.5698574, 1637137170.8356512, 1637137171.2187343, 1637137190.9610417, 1637137191.2323346, 1637137191.53526, 1637137191.855797, 1637137192.1214638, 1637137192.4939883, 1637137192.7338912, 1637137193.003383, 1637137193.3491344, 1637137193.6453586, 1637137193.9134943, 1637137194.1953373, 1637137194.431323, 1637137213.9123785, 1637137214.150455, 1637137214.3930128, 1637137214.712329, 1637137214.952018, 1637137215.2105286, 1637137215.4271772, 1637137215.6773958, 1637137215.978664, 1637137216.3120675, 1637137216.599968, 1637137216.908576, 1637137217.146154, 