{"initial_reset_timestamp": 1637151182.6616938, "timestamps": [1637151183.2400577, 1637151183.569896, 1637151183.9103143, 1637151184.253072, 1637151184.6229212, 1637151184.966431, 1637151185.31558, 1637151190.0744889, 1637151190.4120617, 1637151190.755788, 1637151191.14258, 1637151191.4034183, 1637151191.7457569, 1637151192.1079733, 1637151192.4535806, 1637151197.3975995, 1637151197.7379868, 1637151198.075825, 1637151198.446722, 1637151198.7784665, 1637151199.169138, 1637151199.5444937, 1637151199.9175003, 1637151213.62941, 1637151213.9895837, 1637151214.3210404, 1637151214.6580439, 1637151214.9910023, 1637151215.3528957, 1637151215.7170982, 1637151229.7244997, 1637151230.1121762, 1637151230.4614944, 1637151230.7996714, 1637151231.1487398, 1637151231.4943438, 1637151231.7819393, 1637151232.1281056, 1637151246.3685913, 1637151246.7186117, 1637151247.0796795, 1637151247.420361, 1637151247.778449, 1637151248.137204, 1637151248.4851618, 1637151262.474837, 1637151262.773788, 1637151263.1325574, 1637151263.4768748, 1637151263.827171, 1637151264.1724854, 1637151264.517753, 1637151278.3930824, 1637151278.7239697, 1637151279.0593102, 1637151279.3948963, 1637151279.72407, 1637151280.0631306, 1637151280.3941073, 1637151294.2256112, 1637151294.5981355, 1637151294.9460382, 1637151295.2981653, 1637151295.6354465, 1637151296.0021756, 1637151296.3421106, 1637151310.1680846, 1637151310.511202, 1637151310.8510711, 1637151311.1871238, 1637151311.539341, 1637151311.9185476, 1637151312.2607074, 1637151325.8625574, 1637151326.2180386, 1637151326.5957325, 1637151326.9969678, 1637151327.3370974, 1637151327.6919389, 1637151328.0306382, 1637151342.0287771, 1637151342.3760238, 1637151342.7217844, 1637151343.075026, 1637151343.4153628, 1637151343.761396, 1637151344.098746, 1637151358.119262, 1637151358.4646025, 1637151358.8052316, 1637151359.1499445, 1637151359.5026994, 1637151359.8466108, 1637151360.1814785, 1637151374.2263737, 1637151374.5820348, 1637151374.9252017, 1637151375.2820418, 1637151375.6194656, 1637151375.9941845, 1637151376.3340137, 1637151390.355477, 1637151390.7049978, 1637151391.0672617, 1637151391.4463744, 1637151391.7876725, 1637151392.145924, 1637151392.4945643, 1637151406.5802345, 1637151406.9604902, 1637151407.30708, 1637151407.645593, 1637151408.0040956, 1637151408.3103917, 1637151408.6469743, 1637151422.464521, 1637151422.823374, 1637151423.1789358, 1637151423.525895, 1637151423.8635664, 1637151424.2085617, 1637151424.590795, 1637151438.4074206, 1637151438.761774, 1637151439.0982428, 1637151439.455303, 1637151439.8093617, 1637151440.149122, 1637151440.5138576, 1637151454.6676288, 1637151455.0132174, 1637151455.3629751, 1637151455.7267082, 1637151456.068545, 1637151456.4042008, 1637151456.7572255, 1637151470.5570545, 1637151470.8940942, 1637151471.254, 1637151471.5854704, 1637151471.9140403, 1637151472.253925, 1637151472.6091864, 1637151486.2949216, 1637151486.6529248, 1637151486.9872139, 1637151487.3241873, 1637151487.6830122, 1637151488.0139647, 1637151488.3084626, 1637151502.8819985, 1637151503.2266164, 1637151503.566697, 1637151503.920259, 1637151504.264127, 1637151504.6044912, 1637151504.977709, 1637151518.9795773, 1637151519.3152118, 1637151519.6557982, 1637151520.0033162, 1637151520.3385222, 1637151520.6738791, 1637151521.0150733, 1637151521.3455722, 1637151535.5797582, 1637151535.9275985, 1637151536.259534, 1637151536.5941644, 1637151536.947566, 1637151537.2960472, 1637151537.6376302, 1637151552.9662986, 1637151553.3029273, 1637151553.6179988, 1637151553.9454784, 1637151554.2911289, 1637151554.629254, 1637151554.9669776, 1637151571.365963, 1637151571.730531, 1637151572.0293067, 1637151572.3703094, 1637151572.7167263, 1637151573.0549853, 1637151573.3926754, 1637151589.628077, 1637151590.00625, 1637151590.2355604, 1637151590.4911952, 1637151590.8118675, 1637151591.1521788, 1637151591.4783394, 1637151591.8135972, 1637151592.1582737, 1637151608.5598912, 1637151608.8106298, 1637151609.098101, 1637151609.4377518, 1637151609.7867541, 1637151610.0511181, 1637151610.3982549, 1637151610.6559267, 1637151610.910185, 1637151611.2478724, 1637151628.3458297, 1637151628.5897553, 1637151628.8860195, 1637151629.2017047, 1637151629.5452456, 1637151629.7846398, 1637151630.0268834, 1637151630.3406763, 1637151630.6796696, 1637151630.9794703, 1637151647.0504653, 1637151647.4279342, 1637151647.7954357, 1637151648.1587236, 1637151648.5006154, 1637151648.835979, 1637151649.1799293, 1637151666.5195136, 1637151666.8081264, 1637151667.1601863, 1637151667.5177555, 1637151667.833655, 1637151668.180403, 1637151668.5298333, 1637151668.8189952, 1637151685.770421, 1637151686.0694935, 1637151686.370549, 1637151686.6470876, 1637151686.9910357, 1637151687.3308258, 1637151687.593912, 1637151687.9275317, 1637151688.2554438, 1637151705.9503338, 1637151706.2762985, 1637151706.6069856, 1637151706.8608575, 1637151707.0926838, 1637151707.3788714, 1637151707.6660285, 1637151707.9380727, 1637151708.2793913, 1637151708.580161, 1637151708.922642, 1637151726.5344272, 1637151726.836332, 1637151727.1856887, 1637151727.4806094, 1637151727.7309368, 1637151728.0097594, 1637151728.2437763, 1637151728.499339, 1637151728.7693782, 1637151729.028418, 1637151729.3594651, 1637151746.6825085, 1637151746.9599426, 1637151747.2995617, 1637151747.5686076, 1637151747.8788407, 1637151748.1588342, 1637151748.5034924, 1637151748.8006582, 1637151749.051839, 1637151766.6817608, 1637151766.9543884, 1637151767.2073965, 1637151767.4656343, 1637151767.76342, 1637151768.107848, 1637151768.4888449, 1637151768.8272712, 1637151769.0975468, 1637151769.3628244, 1637151786.7974145, 1637151787.081329, 1637151787.3328452, 1637151787.6638277, 1637151787.8763914, 1637151788.1563118, 1637151788.4914982, 1637151788.7950625, 1637151789.0925832, 1637151789.413228, 1637151789.6402354, 1637151806.6687984, 1637151806.899286, 1637151807.1623683, 1637151807.3868754, 1637151807.6908944, 1637151807.970503, 1637151808.2770278, 1637151808.611661, 1637151808.9502835, 1637151809.2845316, 1637151826.070238, 1637151826.3158388, 1637151826.5738344, 1637151826.883886, 1637151827.2222097, 1637151827.5209565, 1637151827.7489789, 1637151827.999992, 1637151828.3490818, 1637151828.6167696, 1637151828.903222, 1637151829.191479, 1637151847.4445362, 1637151847.6865942, 1637151847.9578247, 1637151848.2169752, 1637151848.4934645, 1637151848.7676365, 1637151849.0835512, 1637151849.3355625, 1637151849.5822616, 1637151849.8475745, 1637151850.1634235, 1637151850.4373379, 1637151868.2578022, 1637151868.555763, 1637151868.7849352, 1637151869.0014489, 1637151869.2195845, 1637151869.4856908, 1637151869.7561486, 1637151870.0377197, 1637151870.2889733, 1637151870.5443318, 1637151870.933084, 1637151871.303473, 1637151871.6167963, 1637151890.1217847, 1637151890.3838065, 1637151890.6387906, 1637151890.919533, 1637151891.255548, 1637151891.4746058, 1637151891.7723162, 1637151892.0231788, 1637151892.3471653, 1637151892.6148722, 1637151892.8822556, 1637151893.1436374, 1637151893.3918264, 1637151911.2504153, 1637151911.5154955, 1637151911.7713635, 1637151912.0558994, 1637151912.3197842, 1637151912.5688026, 1637151912.8781145, 1637151913.153018, 1637151913.3833349, 1637151913.6421952, 1637151913.98384, 1637151914.2145877, 1637151914.471695, 1637151914.7315025, 1637151934.6701598, 1637151934.9370131, 1637151935.2476375, 1637151935.5437348, 1637151935.8168004, 1637151936.0760384, 1637151936.3343837, 1637151936.6142602, 1637151936.8786523, 1637151937.180186, 1637151937.4299436, 1637151937.729053, 1637151938.0072477, 1637151957.2620726, 1637151957.527803, 1637151957.7969182, 1637151958.0423765, 1637151958.2993581, 1637151958.5300922, 1637151958.8326392, 1637151959.063985, 1637151959.3592184, 1637151959.638008, 1637151959.8791785, 1637151960.1336038, 1637151960.4574127, 1637151979.9228504, 1637151980.145774, 1637151980.3399286, 1637151980.6041808, 1637151980.8713608, 1637151981.1028569, 1637151981.404192, 1637151981.6918583, 1637151982.0255227, 1637151982.2637305, 1637151982.519658,