{"initial_reset_timestamp": 1637140743.253833, "timestamps": [1637140743.9541166, 1637140744.2845287, 1637140744.65008, 1637140744.9891722, 1637140745.3552985, 1637140745.7080963, 1637140746.049467, 1637140750.6976113, 1637140751.0334492, 1637140751.3697798, 1637140751.7962165, 1637140752.0993285, 1637140752.4356046, 1637140752.8320756, 1637140753.2075784, 1637140758.3595154, 1637140758.7025688, 1637140759.094939, 1637140759.446847, 1637140759.8541846, 1637140760.2145996, 1637140760.6684117, 1637140761.0408595, 1637140775.123707, 1637140775.4740167, 1637140775.8073733, 1637140776.1741815, 1637140776.5112638, 1637140776.8520029, 1637140777.1981554, 1637140791.1459563, 1637140791.4858372, 1637140791.839812, 1637140792.188097, 1637140792.5446696, 1637140792.8886409, 1637140793.2234013, 1637140807.1107738, 1637140807.438408, 1637140807.773344, 1637140808.120272, 1637140808.443754, 1637140808.786034, 1637140809.1323073, 1637140823.1847026, 1637140823.5476215, 1637140823.8831866, 1637140824.228935, 1637140824.573445, 1637140824.914898, 1637140825.250609, 1637140839.0869114, 1637140839.4328423, 1637140839.769388, 1637140840.1009715, 1637140840.446141, 1637140840.8014762, 1637140841.151752, 1637140854.9564064, 1637140855.2864614, 1637140855.6544504, 1637140855.9926848, 1637140856.3452847, 1637140856.6875894, 1637140857.0554543, 1637140870.923052, 1637140871.2630675, 1637140871.625077, 1637140871.9736307, 1637140872.3368857, 1637140872.6781986, 1637140873.0639017, 1637140886.877249, 1637140887.215181, 1637140887.5461287, 1637140887.885639, 1637140888.2315927, 1637140888.577943, 1637140888.9189832, 1637140902.961666, 1637140903.3001544, 1637140903.6442473, 1637140904.001808, 1637140904.3532734, 1637140904.706781, 1637140905.0506175, 1637140919.0648127, 1637140919.433336, 1637140919.7798553, 1637140920.1350768, 1637140920.5019608, 1637140920.8516254, 1637140921.215542, 1637140935.1610696, 1637140935.4890149, 1637140935.8217707, 1637140936.146778, 1637140936.4828727, 1637140936.8216178, 1637140937.1702108, 1637140951.2393622, 1637140951.5805037, 1637140951.9597516, 1637140952.3197844, 1637140952.6670115, 1637140953.0126312, 1637140953.3761797, 1637140967.4447188, 1637140967.8078303, 1637140968.1562314, 1637140968.5000205, 1637140968.8917146, 1637140969.2377152, 1637140969.5793462, 1637140983.5276175, 1637140983.8751945, 1637140984.2123394, 1637140984.5613275, 1637140984.900239, 1637140985.2370963, 1637140985.586487, 1637140999.9734862, 1637141000.327137, 1637141000.6743176, 1637141001.0182984, 1637141001.3743746, 1637141001.7543879, 1637141002.101422, 1637141015.9785526, 1637141016.3252058, 1637141016.6920638, 1637141017.0337918, 1637141017.3714132, 1637141017.706496, 1637141018.0481687, 1637141032.2744942, 1637141032.661877, 1637141033.0267873, 1637141033.4564068, 1637141033.8179924, 1637141034.1620276, 1637141034.5143511, 1637141048.2370696, 1637141048.5807045, 1637141048.923995, 1637141049.273054, 1637141049.62072, 1637141049.9868367, 1637141050.32506, 1637141064.2301388, 1637141064.589324, 1637141064.9269755, 1637141065.2754676, 1637141065.617512, 1637141065.9430807, 1637141066.2820315, 1637141080.3079662, 1637141080.6576982, 1637141081.0125303, 1637141081.3532567, 1637141081.75649, 1637141082.1146626, 1637141082.4578252, 1637141096.633905, 1637141096.9841173, 1637141097.353378, 1637141097.696518, 1637141098.0501857, 1637141098.3945365, 1637141098.7677784, 1637141113.4109032, 1637141113.7555296, 1637141114.093657, 1637141114.4295452, 1637141114.7696338, 1637141115.1181443, 1637141115.4665604, 1637141129.7093575, 1637141130.05832, 1637141130.4075193, 1637141130.773958, 1637141131.1363502, 1637141131.4861903, 1637141131.8460228, 1637141145.7137377, 1637141146.0471625, 1637141146.381052, 1637141146.7311685, 1637141147.069561, 1637141147.4205718, 1637141147.7632866, 1637141148.0968506, 1637141162.0902653, 1637141162.4350498, 1637141162.7780445, 1637141163.1259477, 1637141163.493139, 1637141163.8501804, 1637141164.1668887, 1637141178.1293533, 1637141178.4742038, 1637141178.8339102, 1637141179.1697683, 1637141179.512192, 1637141179.8595352, 1637141180.193047, 1637141194.2876236, 1637141194.6351008, 1637141195.002988, 1637141195.3435493, 1637141195.6986823, 1637141196.0364895, 1637141196.394626, 1637141211.2384117, 1637141211.6044273, 1637141211.9658313, 1637141212.3005834, 1637141212.6846907, 1637141213.0203748, 1637141213.3543603, 1637141228.8335083, 1637141229.1938233, 1637141229.5521624, 1637141229.9117486, 1637141230.2637808, 1637141230.6161578, 1637141230.9621387, 1637141246.2213755, 1637141246.5612662, 1637141246.9165738, 1637141247.267385, 1637141247.5746896, 1637141247.8361368, 1637141248.121007, 1637141248.462138, 1637141264.2285013, 1637141264.6207838, 1637141264.9650621, 1637141265.313334, 1637141265.6521556, 1637141266.015658, 1637141266.3471487, 1637141266.6864107, 1637141282.9095485, 1637141283.2669764, 1637141283.6238966, 1637141283.9764695, 1637141284.2720516, 1637141284.6291807, 1637141284.981913, 1637141285.3261366, 1637141302.444345, 1637141302.7767806, 1637141303.0308237, 1637141303.3639402, 1637141303.6732633, 1637141304.048449, 1637141304.2975678, 1637141304.6504185, 1637141305.0122533, 1637141322.3353474, 1637141322.6740632, 1637141322.973315, 1637141323.311034, 1637141323.6707993, 1637141323.9934535, 1637141324.34335, 1637141324.6922424, 1637141341.809229, 1637141342.1459763, 1637141342.4537694, 1637141342.787645, 1637141343.0336404, 1637141343.3722367, 1637141343.714729, 1637141343.9761672, 1637141361.5950096, 1637141361.963035, 1637141362.305529, 1637141362.5869343, 1637141362.892809, 1637141363.17377, 1637141363.5197196, 1637141363.8187556, 1637141364.110852, 1637141381.8829708, 1637141382.2329786, 1637141382.5661597, 1637141382.9155684, 1637141383.206691, 1637141383.5500267, 1637141383.872373, 1637141384.1569495, 1637141384.4049444, 1637141384.7434607, 1637141401.8456461, 1637141402.2071865, 1637141402.5313373, 1637141402.85626, 1637141403.1127317, 1637141403.4468114, 1637141403.7736974, 1637141404.1207507, 1637141404.4141562, 1637141422.2160385, 1637141422.4863563, 1637141422.7675416, 1637141423.0288045, 1637141423.335372, 1637141423.6087406, 1637141423.9478805, 1637141424.297389, 1637141424.6359634, 1637141441.9977334, 1637141442.2979865, 1637141442.5667064, 1637141442.863836, 1637141443.184914, 1637141443.5334792, 1637141443.8654802, 1637141444.2013137, 1637141444.5371711, 1637141462.7516437, 1637141462.9883783, 1637141463.2405343, 1637141463.4782915, 1637141463.8099675, 1637141464.161877, 1637141464.4172075, 1637141464.723062, 1637141465.070819, 1637141465.390553, 1637141465.706494, 1637141483.613014, 1637141483.9063158, 1637141484.2503204, 1637141484.5127752, 1637141484.807014, 1637141485.1496975, 1637141485.4244194, 1637141485.7312093, 1637141486.0204935, 1637141486.3121738, 1637141504.854293, 1637141505.1366355, 1637141505.4701815, 1637141505.709231, 1637141505.988981, 1637141506.3487434, 1637141506.5964327, 1637141506.8375568, 1637141507.1030133, 1637141507.428682, 1637141507.692239, 1637141507.9838548, 1637141526.2678137, 1637141526.5176518, 1637141526.8460417, 1637141527.1667054, 1637141527.4417322, 1637141527.7146676, 1637141527.9756455, 1637141528.292816, 1637141528.5125847, 1637141528.7740953, 1637141529.0309331, 1637141529.3467922, 1637141529.6503217, 1637141547.6711454, 1637141547.9517221, 1637141548.2214265, 1637141548.5474036, 1637141548.8199515, 1637141549.0716, 1637141549.3361773, 1637141549.5933645, 1637141549.844173, 1637141550.1714833, 1637141550.5340831, 1637141550.8338075, 1637141569.8129437, 1637141570.0910952, 1637141570.4504125, 1637141570.6777604, 1637141570.9527621, 1637141571.3033173, 1637141571.58378, 1637141571.804874, 1637141572.0836425, 1637141572.372118, 1637141572.7439077, 1637141590.990617, 1637141591.3117864, 1637141591.5793564, 1637141591.9391985, 1637141592.1962821, 1637141592.5508816, 1637141592.809602, 1637141593.0465662, 1637141593.3145478, 1637141593.5464625, 1637141593.8442864],