{"initial_reset_timestamp": 1637027354.6218195, "timestamps": [1637027359.15706, 1637027359.518185, 1637027360.0293276, 1637027360.5594468, 1637027361.045461, 1637027361.5449455, 1637027365.9514513, 1637027366.4057841, 1637027366.8607028, 1637027367.3231955, 1637027367.7885659, 1637027368.2503057, 1637027368.714607, 1637027374.1895788, 1637027375.9962957, 1637027377.6481483, 1637027379.2260885, 1637027380.8561158, 1637027382.3186407, 1637027383.7910504, 1637027389.0889652, 1637027390.5869794, 1637027391.4629922, 1637027393.0083463, 1637027394.5269592, 1637027396.053274, 1637027397.535691, 1637027402.8527772, 1637027404.3779702, 1637027405.9126418, 1637027407.3421502, 1637027408.7576241, 1637027410.2315376, 1637027411.429223, 1637027416.4798982, 1637027417.886792, 1637027419.4272497, 1637027420.8582945, 1637027422.3054626, 1637027423.733877, 1637027428.8580806, 1637027430.2300174, 1637027431.6681492, 1637027433.0551229, 1637027434.4526973, 1637027435.81469, 1637027437.1915424, 1637027442.0985012, 1637027443.584523, 1637027445.057354, 1637027446.5176277, 1637027447.9587295, 1637027449.3987615, 1637027450.9132233, 1637027456.0504189, 1637027457.5953403, 1637027458.987534, 1637027460.432126, 1637027461.8721945, 1637027463.3158598, 1637027468.3413715, 1637027469.801132, 1637027471.3180819, 1637027472.7902596, 1637027474.2299209, 1637027475.695329, 1637027477.1386712, 1637027481.9164598, 1637027483.2868087, 1637027484.734579, 1637027486.1436517, 1637027487.5086515, 1637027488.8963158, 1637027490.4169295, 1637027495.4032376, 1637027496.8516648, 1637027498.3545966, 1637027499.8600268, 1637027501.4773526, 1637027502.9695385, 1637027508.297871, 1637027509.7043855, 1637027511.1474648, 1637027512.6598907, 1637027514.0791955, 1637027515.5069988, 1637027516.9886172, 1637027522.1168106, 1637027523.596522, 1637027525.0663898, 1637027526.610271, 1637027528.162896, 1637027529.6580384, 1637027531.1284792, 1637027536.1591, 1637027537.5661747, 1637027539.0152783, 1637027540.6715536, 1637027542.158454, 1637027543.6337652, 1637027548.9899354, 1637027550.7005792, 1637027552.1316347, 1637027553.5764585, 1637027554.9653385, 1637027556.4740646, 1637027557.9080384, 1637027562.6308868, 1637027564.0325344, 1637027565.4601552, 1637027566.9017713, 1637027568.5016198, 1637027570.018434, 1637027571.469186, 1637027576.7333863, 1637027578.1987936, 1637027579.7226949, 1637027581.2492704, 1637027582.6873016, 1637027584.088606, 1637027589.4221845, 1637027590.9480689, 1637027592.3805218, 1637027593.8558886, 1637027595.332105, 1637027596.931348, 1637027598.4501147, 1637027603.5330188, 1637027604.8945858, 1637027606.344151, 1637027607.8405843, 1637027609.3092084, 1637027610.8309808, 1637027612.3082833, 1637027617.5055926, 1637027618.963287, 1637027620.439319, 1637027621.9100437, 1637027623.35778, 1637027624.748835, 1637027630.3377678, 1637027632.3836594, 1637027633.9209113, 1637027635.3044991, 1637027636.7850368, 1637027638.1300967, 1637027639.5025287, 1637027644.0432432, 1637027645.438803, 1637027646.753014, 1637027648.03461, 1637027649.3621972, 1637027650.6968029, 1637027651.9801242, 1637027656.4930918, 1637027657.8170552, 1637027659.1620233, 1637027660.5156448, 1637027661.8652437, 1637027663.1206303, 1637027667.3990424, 1637027668.6616025, 1637027669.9499562, 1637027671.3106606, 1637027672.572289, 1637027673.874816, 1637027675.135235, 1637027681.176981, 1637027682.7682562, 1637027684.4698327, 1637027686.1270964, 1637027687.7072468, 1637027689.2579746, 1637027690.8892682, 1637027696.6585357, 1637027698.1716602, 1637027699.6247919, 1637027701.05806, 1637027702.107106, 1637027703.5813951, 1637027705.0258622, 1637027710.2057033, 1637027711.7424746, 1637027713.47643, 1637027714.9706984, 1637027716.6660764, 1637027718.2480793, 1637027723.6194093, 1637027725.1725028, 1637027726.6859462, 1637027728.242001, 1637027729.6870546, 1637027731.2154105, 1637027732.5629563, 1637027737.5705569, 1637027739.0530457, 1637027740.4697843, 1637027741.9021704, 1637027743.3430882, 1637027744.741289, 1637027746.254811, 1637027751.3544545, 1637027752.777773, 1637027754.2288249, 1637027755.680423, 1637027757.2037935, 1637027758.654777, 1637027763.6107125, 1637027765.0394883, 1637027766.4878979, 1637027767.8743947, 1637027769.3451185, 1637027770.7999077, 1637027772.2911906, 1637027777.143754, 1637027778.5851552, 1637027779.9799864, 1637027781.3959854, 1637027782.8082123, 1637027784.1913185, 1637027785.6373942, 1637027790.6267538, 1637027792.0439737, 1637027793.432752, 1637027794.8288145, 1637027796.2903175, 1637027797.7694588, 1637027802.4814272, 1637027803.908232, 1637027805.4634748, 1637027806.936349, 1637027808.4320917, 1637027809.9575496, 1637027811.4144273, 1637027816.5130844, 1637027817.9268405, 1637027819.309099, 1637027820.7662003, 1637027822.2673447, 1637027823.7444193, 1637027825.193673, 1637027830.2152665, 1637027831.6995664, 1637027833.1289344, 1637027834.5285907, 1637027835.982882, 1637027837.44269, 1637027842.3472183, 1637027843.8162742, 1637027845.5033734, 1637027847.0111928, 1637027848.3139448, 1637027849.6231763, 1637027850.966084, 1637027855.5291495, 1637027856.3133833, 1637027857.5806563, 1637027858.8365414, 1637027860.714887, 1637027862.429165, 1637027863.9276054, 1637027869.0216134, 1637027870.5891216, 1637027872.2417707, 1637027873.8943498, 1637027875.9712234, 1637027877.7794592, 1637027879.1976447, 1637027884.6261148, 1637027886.0346484, 1637027887.3867095, 1637027888.7728233, 1637027890.1873882, 1637027891.5511131, 1637027892.965389, 1637027897.9597895, 1637027899.439553, 1637027900.8924992, 1637027902.4743354, 1637027904.0047293, 1637027905.4699478, 1637027910.1623235, 1637027911.5573614, 1637027912.864096, 1637027914.3086581, 1637027915.7878718, 1637027917.19068, 1637027918.652281, 1637027923.329157, 1637027924.684049, 1637027926.0746179, 1637027927.4159703, 1637027928.7874928, 1637027930.8581975, 1637027932.5867093, 1637027938.288667, 1637027939.7997015, 1637027941.2905943, 1637027942.7311714, 1637027944.2155218, 1637027945.8208508, 1637027952.0020006, 1637027953.4187229, 1637027954.9808953, 1637027956.6825185, 1637027958.4134355, 1637027959.964417, 1637027961.7337198, 1637027967.7619689, 1637027969.1892245, 1637027970.671514, 1637027972.5787032, 1637027974.1351774, 1637027975.0327346, 1637027976.5594513, 1637027981.7159166, 1637027983.225835, 1637027984.7064466, 1637027986.1716638, 1637027987.5885355, 1637027989.096101, 1637027990.5138297, 1637027995.5252845, 1637027997.0319314, 1637027998.4530864, 1637027999.881855, 1637028001.3993976, 1637028002.8112087, 1637028007.8151307, 1637028009.042889, 1637028010.3892431, 1637028011.8536954, 1637028013.473654, 1637028015.1072924, 1637028016.613755],