{"initial_reset_timestamp": 1637027356.8989031, "timestamps": [1637027357.4207046, 1637027357.7246041, 1637027357.9913223, 1637027358.2623124, 1637027358.5328715, 1637027358.8157752, 1637027359.093365, 1637027364.0636446, 1637027364.3544967, 1637027364.6386635, 1637027364.9601126, 1637027365.2378986, 1637027365.5288246, 1637027365.8598032, 1637027371.2714407, 1637027371.5848386, 1637027371.9053848, 1637027372.2064712, 1637027372.57514, 1637027372.8914897, 1637027373.2073143, 1637027385.8719487, 1637027386.1772537, 1637027386.4787893, 1637027386.8410878, 1637027387.1771123, 1637027387.4697795, 1637027387.8013449, 1637027399.9952774, 1637027400.303486, 1637027400.618012, 1637027400.8962092, 1637027401.1948304, 1637027401.4833064, 1637027401.758091, 1637027413.5643506, 1637027413.8411207, 1637027414.1184099, 1637027414.3928928, 1637027414.6585667, 1637027414.937434, 1637027415.2200336, 1637027426.7497163, 1637027427.0307782, 1637027427.3403, 1637027427.6417792, 1637027427.9314108, 1637027428.2169573, 1637027428.4919991, 1637027439.55042, 1637027439.8347182, 1637027440.081668, 1637027440.3644378, 1637027440.6230326, 1637027440.9634259, 1637027441.2494378, 1637027453.042913, 1637027453.3369932, 1637027453.62071, 1637027453.899744, 1637027454.220144, 1637027454.4925544, 1637027454.7755344, 1637027466.290919, 1637027466.567072, 1637027466.844832, 1637027467.135509, 1637027467.4117377, 1637027467.6890864, 1637027467.9672992, 1637027479.5668306, 1637027479.8355122, 1637027480.1152167, 1637027480.3933415, 1637027480.6493404, 1637027480.9146724, 1637027481.1649988, 1637027492.4396524, 1637027492.7023003, 1637027492.9663174, 1637027493.2530015, 1637027493.570921, 1637027493.8829114, 1637027494.1618927, 1637027506.1489131, 1637027506.4841268, 1637027506.7777624, 1637027507.0557716, 1637027507.3499658, 1637027507.632794, 1637027507.9193037, 1637027519.6537583, 1637027519.9452002, 1637027520.227544, 1637027520.537267, 1637027520.8122091, 1637027521.0864146, 1637027521.3578472, 1637027533.101342, 1637027533.3898654, 1637027533.7140489, 1637027534.0524948, 1637027534.3371904, 1637027534.6266046, 1637027534.9219472, 1637027546.6620584, 1637027546.9489841, 1637027547.2320306, 1637027547.5474946, 1637027547.8814743, 1637027548.231141, 1637027548.561729, 1637027560.3494961, 1637027560.5971248, 1637027560.8517313, 1637027561.1053433, 1637027561.3542137, 1637027561.6156473, 1637027561.87161, 1637027573.5721555, 1637027573.8493283, 1637027574.1324897, 1637027574.4253929, 1637027574.706466, 1637027575.028944, 1637027575.4279299, 1637027587.2143993, 1637027587.5298269, 1637027587.8058307, 1637027588.1629717, 1637027588.4485228, 1637027588.7438738, 1637027589.0276978, 1637027601.1747983, 1637027601.4443996, 1637027601.7001698, 1637027601.9626138, 1637027602.2337441, 1637027602.5050116, 1637027602.7666125, 1637027614.5286531, 1637027614.8559566, 1637027615.1690848, 1637027615.4517002, 1637027615.7199667, 1637027615.9885945, 1637027616.2440658, 1637027627.6462276, 1637027628.0186493, 1637027628.4217741, 1637027628.7381105, 1637027629.0928373, 1637027629.460543, 1637027629.7641735, 1637027641.7175045, 1637027641.9703367, 1637027642.2364168, 1637027642.4895408, 1637027642.7526884, 1637027643.0140312, 1637027643.277387, 1637027653.8720577, 1637027654.1171365, 1637027654.3626552, 1637027654.6214392, 1637027654.865428, 1637027655.1110444, 1637027655.3824942, 1637027665.7399287, 1637027666.0051007, 1637027666.258808, 1637027666.509768, 1637027666.770113, 1637027667.0280106, 1637027667.2778518, 1637027678.3881986, 1637027678.717773, 1637027679.063659, 1637027679.387682, 1637027679.7315753, 1637027680.2001941, 1637027680.527199, 1637027693.4622629, 1637027693.7933679, 1637027694.104869, 1637027694.4184806, 1637027694.8421326, 1637027695.1573234, 1637027695.518976, 1637027707.40447, 1637027707.680224, 1637027707.9669564, 1637027708.2889676, 1637027708.5445573, 1637027708.846816, 1637027709.1099968, 1637027721.6003418, 1637027721.9183385, 1637027722.2081504, 1637027722.495601, 1637027722.8199077, 1637027723.1183803, 1637027723.440047, 1637027735.2916007, 1637027735.6025474, 1637027735.867922, 1637027736.1405191, 1637027736.406174, 1637027736.6828198, 1637027736.9511757, 1637027748.5804083, 1637027748.8661618, 1637027749.160903, 1637027749.4286392, 1637027749.7315128, 1637027750.0255613, 1637027750.2943485, 1637027761.7523146, 1637027762.0239005, 1637027762.313535, 1637027762.583808, 1637027762.8565543, 1637027763.145155, 1637027763.412624, 1637027775.0109909, 1637027775.273556, 1637027775.5315478, 1637027775.7999163, 1637027776.053993, 1637027776.3091714, 1637027776.5725996, 1637027787.9352455, 1637027788.2376919, 1637027788.5222182, 1637027788.8070683, 1637027789.0648491, 1637027789.3403099, 1637027789.6228426, 1637027800.8087418, 1637027801.0603015, 1637027801.3031826, 1637027801.5538168, 1637027801.8025067, 1637027802.0851877, 1637027802.335831, 1637027814.2154624, 1637027814.5015554, 1637027814.7791784, 1637027815.0845683, 1637027815.3725955, 1637027815.6469264, 1637027815.9159157, 1637027827.5506368, 1637027827.8165426, 1637027828.1027732, 1637027828.3937867, 1637027828.678018, 1637027828.9471319, 1637027829.2343843, 1637027840.5815866, 1637027840.8501968, 1637027841.1117024, 1637027841.3823724, 1637027841.653633, 1637027841.9192307, 1637027842.1979945, 1637027853.5366518, 1637027853.772325, 1637027854.006062, 1637027854.2365973, 1637027854.4736207, 1637027854.7055562, 1637027854.9503195, 1637027866.8733075, 1637027867.1826293, 1637027867.4546404, 1637027867.7204883, 1637027868.0109339, 1637027868.2855604, 1637027868.5698836, 1637027882.308613, 1637027882.5956469, 1637027882.8582604, 1637027883.1835558, 1637027883.444386, 1637027883.7287095, 1637027884.057387, 1637027895.3890715, 1637027895.6625469, 1637027895.9297364, 1637027896.2015407, 1637027896.472218, 1637027896.7296228, 1637027897.0163658, 1637027908.4916623, 1637027908.7591069, 1637027909.040812, 1637027909.3067486, 1637027909.5592911, 1637027909.824357, 1637027910.0947022, 1637027921.3468802, 1637027921.586812, 1637027921.8233073, 1637027922.053827, 1637027922.307094, 1637027922.5410123, 1637027922.8415165, 1637027935.5392244, 1637027935.843074, 1637027936.1529615, 1637027936.4741497, 1637027936.7720218, 1637027937.0702486, 1637027937.3511257, 1637027949.6268368, 1637027950.0066595, 1637027950.407256, 1637027950.6733136, 1637027950.970727, 1637027951.2979233, 1637027951.603904, 1637027951.9192324, 1637027965.4004598, 1637027965.6699023, 1637027965.9662502, 1637027966.2430077, 1637027966.6531956, 1637027966.9567463, 1637027967.254849, 1637027979.460024, 1637027979.7802327, 1637027980.074107, 1637027980.3723407, 1637027980.691053, 1637027980.9697275, 1637027981.2476869, 1637027992.897918, 1637027993.1883109, 1637027993.4859746, 1637027993.76841, 1637027994.071126, 1637027994.3568578, 1637027994.6399372, 1637028006.169074, 1637028006.4187417, 1637028006.6768572, 1637028006.9680064, 1637028007.2283993, 1637028007.485489, 1637028007.7854662],