{"initial_reset_timestamp": 1637079696.2854187, "timestamps": [1637079701.281611, 1637079701.5801578, 1637079701.9432642, 1637079702.348359, 1637079702.7506268, 1637079703.1366737, 1637079703.5249698, 1637079703.9202101, 1637079704.298396, 1637079704.683965, 1637079709.2385995, 1637079709.6729226, 1637079710.076409, 1637079710.4662771, 1637079710.8621972, 1637079711.2458804, 1637079711.6163754, 1637079712.0377173, 1637079712.4158254, 1637079712.8193662, 1637079717.853145, 1637079718.7862632, 1637079719.7614613, 1637079720.6867986, 1637079721.6148474, 1637079722.520021, 1637079723.4425163, 1637079724.3672748, 1637079725.3041058, 1637079726.2430475, 1637079731.246752, 1637079732.1699376, 1637079733.1557617, 1637079734.1217818, 1637079735.0926461, 1637079736.060661, 1637079737.0103362, 1637079737.974915, 1637079738.9236836, 1637079739.9062667, 1637079745.133788, 1637079746.1175592, 1637079747.2165382, 1637079748.207958, 1637079749.226802, 1637079750.207815, 1637079751.1847215, 1637079752.1762676, 1637079753.174995, 1637079754.1501627, 1637079759.597444, 1637079760.5665467, 1637079761.53906, 1637079762.5613685, 1637079763.423269, 1637079764.4163272, 1637079765.3819907, 1637079766.2016716, 1637079767.1946847, 1637079768.1904547, 1637079773.343242, 1637079774.2771294, 1637079775.1881824, 1637079776.1318073, 1637079777.0598094, 1637079777.9859228, 1637079778.9068916, 1637079779.8514564, 1637079780.8044589, 1637079781.7192452, 1637079786.8141232, 1637079787.8341732, 1637079788.83567, 1637079789.8997126, 1637079790.9147098, 1637079791.90568, 1637079792.9073308, 1637079793.9034545, 1637079794.9072793, 1637079795.9189265, 1637079801.3952787, 1637079802.4035382, 1637079803.417077, 1637079804.6054277, 1637079805.6309748, 1637079806.68848, 1637079807.7166305, 1637079808.7429392, 1637079809.780394, 1637079810.8145144, 1637079816.4633827, 1637079817.4838386, 1637079818.4846168, 1637079819.5393379, 1637079820.5761971, 1637079821.6089885, 1637079822.6299691, 1637079823.629121, 1637079824.6012907, 1637079825.5946035, 1637079831.2188656, 1637079832.2153409, 1637079833.2340271, 1637079834.2857633, 1637079835.2870493, 1637079836.3292162, 1637079837.3494112, 1637079838.3295712, 1637079839.2918992, 1637079840.2852795, 1637079845.766237, 1637079846.7939656, 1637079847.851867, 1637079848.872412, 1637079849.9332814, 1637079850.948769, 1637079851.94894, 1637079852.9545166, 1637079853.9611151, 1637079854.9561322, 1637079860.3172739, 1637079861.2977507, 1637079862.2312346, 1637079863.201018, 1637079864.2808323, 1637079865.312191, 1637079866.3284912, 1637079867.3778696, 1637079868.3878913, 1637079869.4282079, 1637079875.3112586, 1637079876.326961, 1637079877.3934565, 1637079878.3897955, 1637079879.4495049, 1637079880.4532743, 1637079881.4774623, 1637079882.484825, 1637079883.4690099, 1637079884.4601555, 1637079889.8770425, 1637079890.861366, 1637079891.8343983, 1637079892.8152604, 1637079893.8523166, 1637079894.818604, 1637079895.8074455, 1637079896.7888887, 1637079897.7707317, 1637079898.7355978, 1637079904.1634634, 1637079905.1696324, 1637079906.1555998, 1637079907.214464, 1637079908.2173693, 1637079909.2862113, 1637079910.3005602, 1637079911.330113, 1637079912.3178766, 1637079913.3246934, 1637079918.7536714, 1637079919.7171886, 1637079920.7086678, 1637079921.7164502, 1637079922.6967366, 1637079923.7447758, 1637079924.7499022, 1637079925.7745192, 1637079926.7783935, 1637079927.8096142, 1637079933.3081126, 1637079934.316733, 1637079935.3069215, 1637079936.3208704, 1637079937.3359692, 1637079938.38226, 1637079939.3669028, 1637079940.3667796, 1637079941.378543, 1637079942.3862433, 1637079947.867189, 1637079948.875646, 1637079949.9201345, 1637079950.914321, 1637079951.9170434, 1637079952.896331, 1637079953.9145658, 1637079954.9158125, 1637079955.894116, 1637079956.8836684, 1637079962.3471565, 1637079963.381114, 1637079964.098266, 1637079965.0414896, 1637079966.039731, 1637079967.1064777, 1637079968.2002056, 1637079969.15965, 1637079970.191443, 1637079971.070032, 1637079972.0549574, 1637079977.5241365, 1637079978.503049, 1637079979.4864047, 1637079980.4805918, 1637079981.4934747, 1637079982.5505657, 1637079983.5459561, 1637079984.54085, 1637079985.5445576, 1637079986.5344098, 1637079991.8973496, 1637079992.916418, 1637079993.9140632, 1637079994.883787, 1637079995.8695743, 1637079996.8463225, 1637079997.9356437, 1637079998.9497807, 1637079999.9286015, 1637080000.9650857, 1637080006.2634134, 1637080007.2983718, 1637080008.3385658, 1637080009.3314497, 1637080010.3338966, 1637080011.3413982, 1637080012.4308777, 1637080013.4436479, 1637080014.4192057, 1637080015.4148152, 1637080021.0748947, 1637080022.0975728, 1637080023.0996928, 1637080024.1005132, 1637080025.0923424, 1637080026.086606, 1637080027.2380362, 1637080028.2387326, 1637080029.2299879, 1637080030.2241907, 1637080035.6712916, 1637080036.6594431, 1637080037.6898642, 1637080038.6801815, 1637080039.6543176, 1637080040.6360538, 1637080041.6454535, 1637080042.7074683, 1637080043.7002292, 1637080044.6892006, 1637080050.1623683, 1637080051.155647, 1637080052.1343465, 1637080053.1337368, 1637080054.1391582, 1637080055.1092453, 1637080056.0788713, 1637080057.1791353, 1637080058.1872973, 1637080059.193987, 1637080064.775269, 1637080065.7834876, 1637080066.8027663, 1637080067.8275912, 1637080068.8394685, 1637080069.8334403, 1637080070.822776, 1637080071.871143, 1637080072.8497326, 1637080073.847168, 1637080079.3795207, 1637080080.3796089, 1637080081.4426124, 1637080082.445977, 1637080083.4458942, 1637080084.446567, 1637080085.4659355, 1637080086.5431657, 1637080087.6081173, 1637080088.6291032, 1637080094.1966517, 1637080095.2017355, 1637080096.2472029, 1637080097.3004556, 1637080098.3067415, 1637080099.33308, 1637080100.3118649, 1637080101.3163917, 1637080102.3989646, 1637080103.3975337, 1637080109.0236552, 1637080110.0375774, 1637080111.042995, 1637080112.0526993, 1637080113.0671115, 1637080114.0695326, 1637080115.1038432, 1637080116.1331987, 1637080117.1965475, 1637080118.182906, 1637080123.710222, 1637080124.7082827, 1637080125.7237182, 1637080126.7282803, 1637080127.755815, 1637080128.7678576, 1637080129.7587323, 1637080130.7574687, 1637080131.8124769, 1637080132.786883, 1637080138.2623591, 1637080139.2684355, 1637080140.2639704, 1637080141.2723799, 1637080142.258601, 1637080143.33784, 1637080144.3369818, 1637080145.3389413, 1637080146.3128822, 1637080147.4121995, 1637080152.8534853, 1637080153.8595247, 1637080154.8715508, 1637080155.9884758, 1637080157.0174105, 1637080158.0434253, 1637080159.0567677, 1637080160.0504932, 1637080161.0415742, 1637080162.099343, 1637080167.587478, 1637080168.6005435, 1637080169.6450896, 1637080170.6077368, 1637080171.5811894, 1637080172.5182085, 1637080173.451479, 1637080174.393312, 1637080175.3208883, 1637080176.3033574, 1637080181.6967533, 1637080182.6886427, 1637080183.704675, 1637080184.7022884, 1637080185.685307, 1637080186.6771388, 1637080187.7309685, 1637080188.7365417, 1637080189.7100842, 1637080190.6901796, 1637080196.2858386, 1637080197.3191037, 1637080198.3345637, 1637080199.327029, 1637080200.3385575, 1637080201.3458178, 1637080202.3531191, 1637080203.3688607, 1637080204.3849578, 1637080205.3732567, 1637080211.062387, 1637080212.065992, 1637080213.0657814, 1637080214.0796444, 1637080215.0945182, 1637080216.0990026, 1637080217.1330943, 1637080218.1683445, 1637080219.1827066, 1637080220.1985958, 1637080225.847018, 1637080226.8531353, 1637080227.8770702, 1637080228.9193573, 1637080229.890174, 1637080230.8833008, 1637080231.8963797, 1637080232.9018207, 1637080233.9314463, 1637080234.9363387, 1637080240.5839896, 1637080241.6579988, 1637080242.6888616, 1637080243.710339, 1637080244.720186, 1637080245.730165, 1637080246.7618294, 1637080247.8106437, 1637080248.8203359, 1637080249.822314, 1637080255.504747, 1637080256.4943979, 1637080257.496835, 1637080258.4907067, 1637080259.4847713, 1637080260.496689, 1637080261.4899251, 1637080262.4893277, 1637080263.4903808, 1637080264.482198, 1637080270.1362383,