{"initial_reset_timestamp": 1637079698.2300475, "timestamps": [1637079698.7067578, 1637079699.0032923, 1637079699.2869048, 1637079699.5521228, 1637079699.822991, 1637079700.0950968, 1637079700.3950627, 1637079700.6667793, 1637079700.9667783, 1637079701.2403445, 1637079706.5699062, 1637079706.8471584, 1637079707.1285129, 1637079707.3980212, 1637079707.683065, 1637079707.9496484, 1637079708.232664, 1637079708.521891, 1637079708.795515, 1637079709.0699103, 1637079714.6989272, 1637079714.9644685, 1637079715.2343616, 1637079715.5062175, 1637079715.786749, 1637079716.059257, 1637079716.3307815, 1637079716.5996356, 1637079716.86781, 1637079717.1488302, 1637079728.1481514, 1637079728.4047377, 1637079728.6653864, 1637079728.9359663, 1637079729.2020307, 1637079729.4756198, 1637079729.7724879, 1637079730.036253, 1637079730.2961974, 1637079730.5528896, 1637079741.9194643, 1637079742.1980813, 1637079742.465777, 1637079742.7383218, 1637079743.0134406, 1637079743.2842362, 1637079743.554438, 1637079743.8308623, 1637079744.1049507, 1637079744.3852415, 1637079756.258322, 1637079756.54108, 1637079756.8361006, 1637079757.1300144, 1637079757.4168558, 1637079757.6972315, 1637079757.9747984, 1637079758.2588105, 1637079758.5558615, 1637079758.8523862, 1637079770.470018, 1637079770.743877, 1637079771.0185466, 1637079771.2828956, 1637079771.5413888, 1637079771.8003075, 1637079772.0582864, 1637079772.3200655, 1637079772.6105988, 1637079772.8754737, 1637079783.8576, 1637079784.1188438, 1637079784.3851883, 1637079784.6459632, 1637079784.912037, 1637079785.1849687, 1637079785.4610422, 1637079785.7512286, 1637079786.034518, 1637079786.3159974, 1637079798.2890403, 1637079798.5734327, 1637079798.854138, 1637079799.1438866, 1637079799.441295, 1637079799.7258015, 1637079800.0143414, 1637079800.3133922, 1637079800.6055684, 1637079800.8972018, 1637079813.2754266, 1637079813.6193035, 1637079813.9187365, 1637079814.210758, 1637079814.4980521, 1637079814.7882383, 1637079815.091222, 1637079815.3788915, 1637079815.6679933, 1637079815.9576988, 1637079827.9653594, 1637079828.3014038, 1637079828.5866416, 1637079828.896304, 1637079829.1760092, 1637079829.4651601, 1637079829.7495275, 1637079830.0713222, 1637079830.3817618, 1637079830.6966522, 1637079842.6022274, 1637079842.9299862, 1637079843.2074695, 1637079843.4897933, 1637079843.7742012, 1637079844.0979135, 1637079844.3971457, 1637079844.6895778, 1637079844.9818382, 1637079845.2672799, 1637079857.2601151, 1637079857.5780306, 1637079857.8550777, 1637079858.138122, 1637079858.4188719, 1637079858.696166, 1637079858.9735618, 1637079859.2517078, 1637079859.5357113, 1637079859.8199604, 1637079871.9059548, 1637079872.2780616, 1637079872.610442, 1637079872.969126, 1637079873.3114266, 1637079873.675568, 1637079873.9643223, 1637079874.2447903, 1637079874.525444, 1637079874.8022034, 1637079886.7833247, 1637079887.0688782, 1637079887.416207, 1637079887.7044747, 1637079887.9876964, 1637079888.277862, 1637079888.5598743, 1637079888.8277576, 1637079889.110573, 1637079889.3938344, 1637079901.0048878, 1637079901.3307672, 1637079901.6455421, 1637079901.9394217, 1637079902.2185638, 1637079902.5211148, 1637079902.8100688, 1637079903.0959244, 1637079903.3862846, 1637079903.676685, 1637079915.635925, 1637079915.9189675, 1637079916.2443335, 1637079916.5515459, 1637079916.8302393, 1637079917.1117125, 1637079917.4220488, 1637079917.6985664, 1637079917.9824436, 1637079918.2603, 1637079930.101886, 1637079930.3834736, 1637079930.6595986, 1637079930.9950812, 1637079931.2794533, 1637079931.5816934, 1637079931.87907, 1637079932.1787577, 1637079932.4693139, 1637079932.7741263, 1637079944.678978, 1637079944.9558878, 1637079945.2468195, 1637079945.5721076, 1637079945.8583395, 1637079946.1428106, 1637079946.4290867, 1637079946.7121606, 1637079947.0019922, 1637079947.3097088, 1637079959.1921628, 1637079959.4790587, 1637079959.780828, 1637079960.1158621, 1637079960.3951309, 1637079960.6805494, 1637079960.9713306, 1637079961.288056, 1637079961.5801444, 1637079961.876683, 1637079974.2426, 1637079974.513923, 1637079974.7909434, 1637079975.1285322, 1637079975.420634, 1637079975.7098079, 1637079975.996959, 1637079976.2861474, 1637079976.5738041, 1637079976.8569467, 1637079988.6486251, 1637079988.9312253, 1637079989.223434, 1637079989.5491803, 1637079989.825593, 1637079990.105898, 1637079990.3858144, 1637079990.6776025, 1637079990.964854, 1637079991.253881, 1637080003.0140908, 1637080003.2971966, 1637080003.5675008, 1637080003.8836296, 1637080004.1542594, 1637080004.4340436, 1637080004.7204704, 1637080005.0140967, 1637080005.3000243, 1637080005.5955594, 1637080017.655336, 1637080017.9644315, 1637080018.253091, 1637080018.5489488, 1637080018.892528, 1637080019.198258, 1637080019.4899113, 1637080019.8065379, 1637080020.1104043, 1637080020.4078865, 1637080032.4048378, 1637080032.6870995, 1637080032.9873867, 1637080033.281846, 1637080033.6144624, 1637080033.9136593, 1637080034.1948948, 1637080034.4715033, 1637080034.751721, 1637080035.0336921, 1637080046.857692, 1637080047.1797516, 1637080047.4638612, 1637080047.746608, 1637080048.0752676, 1637080048.3581889, 1637080048.6745296, 1637080048.9681761, 1637080049.2502756, 1637080049.534171, 1637080061.420609, 1637080061.7012296, 1637080061.985371, 1637080062.2852447, 1637080062.5768986, 1637080062.9202588, 1637080063.2198308, 1637080063.5070243, 1637080063.7879431, 1637080064.12195, 1637080076.0106883, 1637080076.3028934, 1637080076.5920675, 1637080076.879855, 1637080077.1813054, 1637080077.5227346, 1637080077.8211427, 1637080078.1267886, 1637080078.4159298, 1637080078.705846, 1637080090.8226616, 1637080091.1186745, 1637080091.4141526, 1637080091.713049, 1637080092.0057828, 1637080092.3519504, 1637080092.645851, 1637080092.9401717, 1637080093.2401638, 1637080093.5361862, 1637080105.6310565, 1637080105.9496026, 1637080106.2334266, 1637080106.5168023, 1637080106.800954, 1637080107.1394503, 1637080107.4532192, 1637080107.7678194, 1637080108.0675092, 1637080108.3642037, 1637080120.326913, 1637080120.6156971, 1637080120.9276693, 1637080121.2153645, 1637080121.5238917, 1637080121.818917, 1637080122.160909, 1637080122.4574502, 1637080122.7562032, 1637080123.0611835, 1637080134.9452975, 1637080135.2321403, 1637080135.515699, 1637080135.7971504, 1637080136.0833266, 1637080136.3682823, 1637080136.7378628, 1637080137.0304098, 1637080137.3383672, 1637080137.6249552, 1637080149.4744196, 1637080149.759461, 1637080150.0469499, 1637080150.3414426, 1637080150.6486542, 1637080150.948715, 1637080151.2942204, 1637080151.5916255, 1637080151.9064577, 1637080152.1964257, 1637080164.2831082, 1637080164.5711076, 1637080164.854265, 1637080165.1425183, 1637080165.4305124, 1637080165.7137074, 1637080165.9957066, 1637080166.346782, 1637080166.638744, 1637080166.9213917, 1637080178.3566408, 1637080178.635075, 1637080178.9348085, 1637080179.2274845, 1637080179.517581, 1637080179.8009796, 1637080180.082541, 1637080180.4192998, 1637080180.7190604, 1637080181.0241044, 1637080192.9469385, 1637080193.2329457, 1637080193.5200973, 1637080193.8281572, 1637080194.119363, 1637080194.3971508, 1637080194.6797278, 1637080195.0199804, 1637080195.3113122, 1637080195.616736, 1637080207.700538, 1637080207.9925222, 1637080208.285697, 1637080208.575685, 1637080208.8698893, 1637080209.1783214, 1637080209.4863222, 1637080209.7870705, 1637080210.1222377, 1637080210.4133468, 1637080222.4893942, 1637080222.7797542, 1637080223.0695097, 1637080223.357621, 1637080223.6551087, 1637080223.945683, 1637080224.2348826, 1637080224.5491436, 1637080224.8959057, 1637080225.1915967, 1637080237.2350433, 1637080237.5254784, 1637080237.8319368, 1637080238.115983, 1637080238.4067283, 1637080238.6936996, 1637080238.9770594, 1637080239.2693722, 1637080239.609372, 1637080239.9197893, 1637080252.133654, 1637080252.4147248, 1637080252.7069397, 1637080252.9978623, 1637080253.3076632, 1637080253.611718, 1637080253.9101832, 1637080254.1979916, 1637080254.564586, 1637080254.858541, 1637080266.759445, 1637080267.0591216, 