{"initial_reset_timestamp": 1637023423.3097425, "timestamps": [1637023427.1410003, 1637023427.4844348, 1637023427.9470055, 1637023428.3649461, 1637023428.7795262, 1637023429.1784427, 1637023432.7265396, 1637023433.146205, 1637023433.5406826, 1637023433.9389522, 1637023434.3393335, 1637023434.7318916, 1637023435.1247563, 1637023439.241616, 1637023440.60203, 1637023441.9470181, 1637023443.2608716, 1637023444.590309, 1637023445.933197, 1637023447.2776356, 1637023451.7505054, 1637023452.7446098, 1637023454.0859354, 1637023455.5020602, 1637023456.9234943, 1637023458.3333066, 1637023462.9851947, 1637023464.3778346, 1637023465.6889787, 1637023467.0130696, 1637023468.3421087, 1637023469.7913036, 1637023471.4410737, 1637023475.9331594, 1637023477.2671456, 1637023478.5898411, 1637023479.9247973, 1637023481.2738144, 1637023482.6403742, 1637023483.9806526, 1637023488.4152899, 1637023489.7242208, 1637023491.0190046, 1637023492.3306525, 1637023493.5975761, 1637023494.885161, 1637023499.425232, 1637023500.7811522, 1637023502.1156898, 1637023503.4982905, 1637023504.8275945, 1637023506.1648946, 1637023507.5034392, 1637023512.0205975, 1637023513.3622162, 1637023514.7026274, 1637023516.0301821, 1637023517.343362, 1637023518.6679552, 1637023519.9892902, 1637023524.3782609, 1637023525.6925478, 1637023527.0499449, 1637023528.3680847, 1637023529.6879783, 1637023531.0087392, 1637023535.4920144, 1637023536.796724, 1637023538.1044533, 1637023539.4369357, 1637023540.7652686, 1637023542.1424987, 1637023543.459244, 1637023547.9240947, 1637023549.2412348, 1637023550.5601947, 1637023551.894236, 1637023553.21063, 1637023554.5336163, 1637023555.8281543, 1637023560.291896, 1637023561.6179953, 1637023562.9592047, 1637023564.2925422, 1637023565.644845, 1637023566.96532, 1637023571.557939, 1637023572.8661802, 1637023574.1917093, 1637023575.502995, 1637023576.8048158, 1637023578.1258335, 1637023579.4660122, 1637023584.0459368, 1637023585.3764756, 1637023586.702006, 1637023588.0225105, 1637023589.3359993, 1637023590.6255596, 1637023592.0065854, 1637023596.4936864, 1637023597.8228567, 1637023599.1551995, 1637023600.4627168, 1637023601.7984073, 1637023603.1041744, 1637023604.4564352, 1637023608.8757796, 1637023610.1872563, 1637023611.5367522, 1637023612.8494916, 1637023614.1899254, 1637023615.5139873, 1637023619.8900065, 1637023621.2109432, 1637023622.530783, 1637023623.8676367, 1637023625.183356, 1637023626.4933095, 1637023627.8310375, 1637023632.4467468, 1637023633.7556574, 1637023635.0864775, 1637023636.387603, 1637023637.732909, 1637023639.0434322, 1637023640.3758743, 1637023644.803789, 1637023646.1211708, 1637023647.4337342, 1637023648.7782128, 1637023650.11504, 1637023651.4510946, 1637023655.8571713, 1637023657.1957488, 1637023658.5126386, 1637023659.8708496, 1637023661.1896188, 1637023662.508656, 1637023663.843219, 1637023668.4249005, 1637023669.7441547, 1637023671.070667, 1637023672.3863988, 1637023673.697953, 1637023675.1004367, 1637023676.437359, 1637023680.878693, 1637023682.2418048, 1637023683.5509942, 1637023684.8566508, 1637023686.1672728, 1637023687.483718, 1637023691.8972385, 1637023693.2133422, 1637023694.526408, 1637023695.846838, 1637023697.1896887, 1637023698.5108216, 1637023699.824209, 1637023704.3496094, 1637023705.699936, 1637023707.0284488, 1637023708.3397825, 1637023709.6654623, 1637023710.9807782, 1637023712.3279653, 1637023716.7518604, 1637023718.0807943, 1637023719.397536, 1637023720.7413442, 1637023722.0614665, 1637023723.407233, 1637023727.8593156, 1637023729.1967475, 1637023730.510389, 1637023731.8354812, 1637023733.2176769, 1637023734.6941872, 1637023736.1085007, 1637023740.7956955, 1637023742.1690474, 1637023743.5073097, 1637023744.8869185, 1637023745.8442183, 1637023747.221897, 1637023748.5809882, 1637023753.2387185, 1637023754.6044595, 1637023755.964315, 1637023757.3082724, 1637023758.6694608, 1637023760.0589888, 1637023761.4078984, 1637023765.938648, 1637023767.3571749, 1637023768.716772, 1637023770.0926309, 1637023771.478458, 1637023772.8391693, 1637023777.359006, 1637023778.745097, 1637023780.1084182, 1637023781.5404787, 1637023782.9067674, 1637023784.314019, 1637023785.716691, 1637023790.2248013, 1637023791.6266298, 1637023793.0008774, 1637023794.389066, 1637023795.74179, 1637023797.1012595, 1637023798.48101, 1637023803.2909772, 1637023804.6782994, 1637023806.1348302, 1637023807.5357618, 1637023808.8984516, 1637023810.3017695, 1637023815.0122159, 1637023816.3320625, 1637023817.670838, 1637023819.005754, 1637023820.3180032, 1637023821.6485417, 1637023822.9879704, 1637023827.5759478, 1637023828.9792535, 1637023830.286852, 1637023831.5899913, 1637023832.9170148, 1637023834.2442029, 1637023835.5829637, 1637023840.1671798, 1637023841.5218763, 1637023842.8522098, 1637023844.184984, 1637023845.5364916, 1637023846.8370578, 1637023851.619606, 1637023853.0816321, 1637023854.4539163, 1637023855.807622, 1637023857.1835706, 1637023858.5617192, 1637023859.9146051, 1637023864.3088775, 1637023865.625286, 1637023866.9383214, 1637023868.253175, 1637023869.5832405, 1637023870.9513702, 1637023872.2796385, 1637023876.7614248, 1637023878.1520483, 1637023879.6143677, 1637023881.0864816, 1637023882.4273736, 1637023883.742333, 1637023888.5071023, 1637023889.8347125, 1637023891.1765056, 1637023892.4943392, 1637023893.817921, 1637023895.1563876, 1637023896.4784315, 1637023900.9096155, 1637023902.2373195, 1637023903.5692532, 1637023904.9020407, 1637023906.167552, 1637023907.4919522, 1637023908.804152, 1637023913.2858644, 1637023914.5980048, 1637023915.9208832, 1637023917.2190077, 1637023918.5697014, 1637023919.9230444, 1637023924.2946813, 1637023925.68896, 1637023927.0154345, 1637023928.3302407, 1637023929.675772, 1637023930.9828043, 1637023932.3094676, 1637023936.6622488, 1637023937.9923663, 1637023939.3280282, 1637023940.660134, 1637023942.0057733, 1637023943.3340962, 1637023944.6446402, 1637023949.091624, 1637023950.3806329, 1637023951.7001026, 1637023953.040453, 1637023954.3890376, 1637023955.6907225, 1637023960.0694697, 1637023961.387757, 1637023962.7649415, 1637023964.0918148, 1637023965.4330256, 1637023966.7438188, 1637023968.0482574, 1637023972.088707, 1637023973.4082775, 1637023974.7273257, 1637023976.0556848, 1637023977.4013066, 1637023978.7163386, 1637023980.0425036, 1637023984.6042457, 1637023985.937677, 1637023987.26551, 1637023988.5932505, 1637023989.9347908, 1637023991.3031275, 1637023992.061148, 1637023996.5263107, 1637023997.984369, 1637023999.3429744, 1637024000.6549015, 1637024001.9764345, 1637024003.2991796, 1637024004.6292381, 1637024009.0018682, 1637024010.3339002, 1637024011.6853986, 1637024013.0496776, 1637024014.382234, 1637024015.701628],