{"initial_reset_timestamp": 1637023425.1238663, "timestamps": [1637023425.5623941, 1637023425.809723, 1637023426.048964, 1637023426.2942724, 1637023426.5575597, 1637023426.817052, 1637023427.081133, 1637023431.1245143, 1637023431.3691475, 1637023431.6160362, 1637023431.9008775, 1637023432.145131, 1637023432.4017985, 1637023432.6470804, 1637023437.003843, 1637023437.2537882, 1637023437.4966435, 1637023437.7418005, 1637023437.9930894, 1637023438.24422, 1637023438.4860256, 1637023449.046824, 1637023449.298126, 1637023449.545827, 1637023449.7970798, 1637023450.045371, 1637023450.2934206, 1637023450.5354915, 1637023461.4759521, 1637023461.7221797, 1637023461.9702446, 1637023462.2229435, 1637023462.4730604, 1637023462.726471, 1637023462.9814346, 1637023474.0460005, 1637023474.3005435, 1637023474.5513208, 1637023474.807032, 1637023475.050682, 1637023475.2954571, 1637023475.5480564, 1637023486.1379917, 1637023486.3830419, 1637023486.635808, 1637023486.8856363, 1637023487.1360703, 1637023487.3861825, 1637023487.636517, 1637023497.8573458, 1637023498.140837, 1637023498.3892891, 1637023498.6464646, 1637023498.9087353, 1637023499.1623857, 1637023499.4227695, 1637023510.1209419, 1637023510.3579817, 1637023510.607273, 1637023510.8614545, 1637023511.1389134, 1637023511.3813207, 1637023511.630562, 1637023522.134137, 1637023522.3815222, 1637023522.6210344, 1637023522.8635798, 1637023523.1017992, 1637023523.338951, 1637023523.5762353, 1637023533.9820957, 1637023534.2268057, 1637023534.473133, 1637023534.72397, 1637023534.9861977, 1637023535.2410083, 1637023535.4887266, 1637023545.9486058, 1637023546.2048318, 1637023546.4658566, 1637023546.7451077, 1637023547.0067763, 1637023547.261758, 1637023547.524712, 1637023558.082641, 1637023558.3199294, 1637023558.5582793, 1637023558.8063767, 1637023559.0384264, 1637023559.2763648, 1637023559.5106308, 1637023570.0222516, 1637023570.2821333, 1637023570.541881, 1637023570.7893138, 1637023571.0494566, 1637023571.3023827, 1637023571.5542166, 1637023582.0680673, 1637023582.3313575, 1637023582.6169667, 1637023582.8659685, 1637023583.1088686, 1637023583.3679512, 1637023583.6294413, 1637023594.2809474, 1637023594.5261369, 1637023594.7653866, 1637023595.0004575, 1637023595.2417715, 1637023595.514517, 1637023595.7525616, 1637023606.30097, 1637023606.545776, 1637023606.791618, 1637023607.0336485, 1637023607.2750165, 1637023607.5155766, 1637023607.7484727, 1637023618.0741348, 1637023618.3160596, 1637023618.5577507, 1637023618.8065915, 1637023619.052104, 1637023619.295567, 1637023619.5322516, 1637023630.1140935, 1637023630.3847542, 1637023630.6415286, 1637023630.8974001, 1637023631.1710408, 1637023631.4363236, 1637023631.6938229, 1637023642.1889539, 1637023642.4415488, 1637023642.6943047, 1637023642.936772, 1637023643.1791196, 1637023643.4312732, 1637023643.6775222, 1637023654.077309, 1637023654.3185787, 1637023654.5580208, 1637023654.7941244, 1637023655.0212743, 1637023655.257801, 1637023655.5022805, 1637023666.0628223, 1637023666.3206978, 1637023666.612186, 1637023666.9013684, 1637023667.1611412, 1637023667.4219174, 1637023667.6793823, 1637023678.2649071, 1637023678.5083106, 1637023678.7526994, 1637023678.9896894, 1637023679.2274346, 1637023679.4633133, 1637023679.7345304, 1637023690.111111, 1637023690.3507214, 1637023690.5902798, 1637023690.8297503, 1637023691.0718307, 1637023691.3102791, 1637023691.547544, 1637023702.065695, 1637023702.3049562, 1637023702.5419712, 1637023702.7889483, 1637023703.030648, 1637023703.2809167, 1637023703.5199676, 1637023714.1812744, 1637023714.4217086, 1637023714.6663153, 1637023714.909281, 1637023715.1574433, 1637023715.4061108, 1637023715.646645, 1637023726.0547857, 1637023726.3111768, 1637023726.5496936, 1637023726.7864933, 1637023727.0320551, 1637023727.270159, 1637023727.5036516, 1637023738.438118, 1637023738.674366, 1637023738.9440923, 1637023739.2408683, 1637023739.509533, 1637023739.7645118, 1637023740.021599, 1637023750.9049473, 1637023751.1595113, 1637023751.416706, 1637023751.716778, 1637023751.969493, 1637023752.230101, 1637023752.4944832, 1637023763.2986755, 1637023763.5429697, 1637023763.787575, 1637023764.0404923, 1637023764.2916431, 1637023764.54032, 1637023764.79283, 1637023775.5181074, 1637023775.7709427, 1637023776.0219014, 1637023776.2685664, 1637023776.5043604, 1637023776.7472572, 1637023776.9993372, 1637023787.992011, 1637023788.225714, 1637023788.4692805, 1637023788.7420616, 1637023788.9847791, 1637023789.2302854, 1637023789.4710047, 1637023800.4890895, 1637023800.755752, 1637023801.0147583, 1637023801.2812235, 1637023801.549905, 1637023801.8453238, 1637023802.1212537, 1637023813.082155, 1637023813.3615303, 1637023813.6253211, 1637023813.886217, 1637023814.163115, 1637023814.4272778, 1637023814.6819806, 1637023825.2283077, 1637023825.5311952, 1637023825.7852557, 1637023826.0273743, 1637023826.2735195, 1637023826.5223222, 1637023826.8102217, 1637023837.5351512, 1637023837.787395, 1637023838.0358183, 1637023838.2798412, 1637023838.5277317, 1637023838.826054, 1637023839.0605323, 1637023849.5323548, 1637023849.8167605, 1637023850.0890164, 1637023850.3603942, 1637023850.636951, 1637023850.943314, 1637023851.2394736, 1637023862.1136346, 1637023862.3554575, 1637023862.596404, 1637023862.8347466, 1637023863.0739396, 1637023863.3151531, 1637023863.5683842, 1637023874.1096156, 1637023874.3557553, 1637023874.6020951, 1637023874.8488805, 1637023875.091158, 1637023875.3300772, 1637023875.5674236, 1637023886.6421673, 1637023886.8952527, 1637023887.165296, 1637023887.4055326, 1637023887.6367376, 1637023887.8905363, 1637023888.1526973, 1637023898.7448118, 1637023898.9868796, 1637023899.2327087, 1637023899.4748785, 1637023899.7111032, 1637023899.955594, 1637023900.2005794, 1637023910.6996043, 1637023910.9338975, 1637023911.2224486, 1637023911.469619, 1637023911.7057672, 1637023911.9431915, 1637023912.1805637, 1637023922.5140011, 1637023922.7541432, 1637023922.9963202, 1637023923.2396328, 1637023923.488126, 1637023923.7306523, 1637023923.9737422, 1637023934.502801, 1637023934.7380605, 1637023934.9766512, 1637023935.2207386, 1637023935.4611557, 1637023935.70083, 1637023935.9463272, 1637023946.4801087, 1637023946.7263532, 1637023946.9747214, 1637023947.2142353, 1637023947.4607913, 1637023947.7087283, 1637023947.9510968, 1637023958.2853236, 1637023958.523643, 1637023958.762812, 1637023959.0070913, 1637023959.246423, 1637023959.4878314, 1637023959.7232618, 1637023970.277554, 1637023970.5210624, 1637023970.761416, 1637023971.0035317, 1637023971.2532094, 1637023971.5028648, 1637023971.7416182, 1637023982.2927575, 1637023982.5863159, 1637023982.8377826, 1637023983.0828152, 1637023983.3307436, 1637023983.5815105, 1637023983.8526669, 1637023994.5031943, 1637023994.7445924, 1637023994.9811544, 1637023995.2132485, 1637023995.4922152, 1637023995.731463, 1637023995.974945, 1637024006.6118448, 1637024006.8500757, 1637024007.1024277, 1637024007.3430684, 1637024007.5869884, 1637024007.8251357, 1637024008.0583472],