{"initial_reset_timestamp": 1637002796.3053513, "timestamps": [1637002799.9627805, 1637002800.2685685, 1637002800.6975403, 1637002801.096232, 1637002801.491337, 1637002801.8753848, 1637002805.1904974, 1637002805.4697313, 1637002805.8519964, 1637002806.2337716, 1637002806.6146898, 1637002806.9933395, 1637002807.373206, 1637002810.7686064, 1637002811.9472382, 1637002813.0963547, 1637002814.242334, 1637002815.3896801, 1637002816.5226145, 1637002817.663664, 1637002821.7205832, 1637002822.9036772, 1637002824.0603883, 1637002825.1937702, 1637002826.3671749, 1637002827.5178466, 1637002828.666303, 1637002832.7252717, 1637002833.8624115, 1637002835.02709, 1637002836.187191, 1637002837.3261645, 1637002838.4854462, 1637002842.5853438, 1637002843.7380028, 1637002844.8982627, 1637002846.0523205, 1637002847.2025788, 1637002848.3356593, 1637002849.4856567, 1637002853.5748565, 1637002854.7424428, 1637002855.8951335, 1637002857.0551953, 1637002858.2057009, 1637002859.3413754, 1637002860.4794455, 1637002864.591821, 1637002865.745218, 1637002866.895027, 1637002868.0412061, 1637002869.1985757, 1637002870.3587506, 1637002874.450713, 1637002875.5900764, 1637002876.745559, 1637002877.9069328, 1637002879.0689735, 1637002880.2143173, 1637002881.367809, 1637002885.4393334, 1637002886.5878282, 1637002887.7211711, 1637002888.9013505, 1637002890.0613892, 1637002891.2175386, 1637002892.3747985, 1637002896.4938664, 1637002897.6405249, 1637002898.7965944, 1637002899.9517827, 1637002901.095202, 1637002902.249693, 1637002906.3499005, 1637002907.481403, 1637002908.62254, 1637002909.7726777, 1637002910.9005046, 1637002912.040752, 1637002913.174905, 1637002917.2560005, 1637002918.4018133, 1637002919.5560827, 1637002920.6958199, 1637002921.8569462, 1637002923.0030515, 1637002924.165449, 1637002928.286912, 1637002929.4401388, 1637002930.584975, 1637002931.7425497, 1637002932.9003255, 1637002934.060151, 1637002938.1391878, 1637002939.2925344, 1637002940.4564185, 1637002941.5933788, 1637002942.7417092, 1637002943.8956506, 1637002945.0548518, 1637002949.1281784, 1637002950.3003776, 1637002951.4492214, 1637002952.5958023, 1637002953.7446482, 1637002954.900485, 1637002956.0349872, 1637002960.1097295, 1637002961.270655, 1637002962.4040253, 1637002963.5619497, 1637002964.75327, 1637002965.8946273, 1637002969.9491816, 1637002971.0938447, 1637002972.24097, 1637002973.3871462, 1637002974.5407288, 1637002975.6863043, 1637002976.8367724, 1637002980.9116898, 1637002982.0641685, 1637002983.2065334, 1637002984.378958, 1637002985.5126233, 1637002986.650659, 1637002987.7917087, 1637002991.896649, 1637002993.0295095, 1637002994.1761427, 1637002995.3302703, 1637002996.4907138, 1637002997.642445, 1637003001.7722342, 1637003002.925136, 1637003004.0854907, 1637003005.2378383, 1637003006.4053674, 1637003007.5773957, 1637003008.7168765, 1637003012.791674, 1637003013.937526, 1637003015.088732, 1637003016.22312, 1637003017.3549066, 1637003018.4898353, 1637003019.6473322, 1637003023.7377584, 1637003024.8899615, 1637003026.0630069, 1637003027.216704, 1637003028.3573837, 1637003029.4804544, 1637003033.5678759, 1637003034.7178977, 1637003035.8632817, 1637003037.01498, 1637003038.1538947, 1637003039.3040938, 1637003040.495873, 1637003044.566268, 1637003045.7206998, 1637003046.851904, 1637003047.9926436, 1637003049.1470375, 1637003050.297249, 1637003051.4429245, 1637003055.5182009, 1637003056.6612782, 1637003057.8019226, 1637003058.9467938, 1637003060.0899084, 1637003061.2383142, 1637003065.3283932, 1637003066.4620001, 1637003067.5979018, 1637003068.7472997, 1637003069.8793058, 1637003071.055793, 1637003072.19437, 1637003076.263799, 1637003077.4051428, 1637003078.5521708, 1637003079.6924572, 1637003080.8498733, 1637003081.9835172, 1637003083.1384404, 1637003087.2329843, 1637003088.385393, 1637003089.6242347, 1637003090.8227677, 1637003091.9623995, 1637003093.1144814, 1637003097.1985533, 1637003098.3582578, 1637003099.5083876, 1637003100.6561255, 1637003101.8498135, 1637003102.99697, 1637003104.179329, 1637003108.233306, 1637003109.3848581, 1637003110.5496168, 1637003111.7051718, 1637003112.857895, 1637003114.0186763, 1637003115.1829636, 1637003119.2818744, 1637003120.421916, 1637003121.5754375, 1637003122.7197351, 1637003123.8733654, 1637003125.0362837, 1637003129.1348054, 1637003130.274992, 1637003131.4275284, 1637003132.5958679, 1637003133.7476356, 1637003134.9066918, 1637003136.0467904, 1637003140.157732, 1637003141.3125448, 1637003142.4508517, 1637003143.596269, 1637003144.73858, 1637003145.872691, 1637003147.0456548, 1637003151.1640363, 1637003152.294867, 1637003153.4533842, 1637003154.5960207, 1637003155.739609, 1637003156.8917043, 1637003161.0004926, 1637003162.1623528, 1637003163.3158965, 1637003164.491856, 1637003165.6366935, 1637003166.785636, 1637003167.9229858, 1637003172.013962, 1637003173.1643887, 1637003174.3220086, 1637003175.473519, 1637003176.630192, 1637003177.7847605, 1637003178.9549642, 1637003183.0188718, 1637003184.1788394, 1637003185.3423107, 1637003186.4907842, 1637003187.6448576, 1637003188.7985897, 1637003192.91296, 1637003194.0718732, 1637003195.2195835, 1637003196.380034, 1637003197.5182698, 1637003198.6632867, 1637003199.8128517, 1637003203.963369, 1637003205.0920646, 1637003206.2467864, 1637003207.3918703, 1637003208.5582125, 1637003209.6540153, 1637003210.811967, 1637003214.9205403, 1637003216.0753155, 1637003217.2158515, 1637003218.345501, 1637003219.4886148, 1637003220.6359992, 1637003224.7398655, 1637003225.879241, 1637003227.0517292, 1637003228.191804, 1637003229.3299472, 1637003230.4736536, 1637003231.6360192, 1637003235.719194, 1637003236.8603806, 1637003238.0042078, 1637003239.1574175, 1637003240.3018649, 1637003241.491487, 1637003242.6426213, 1637003246.7068431, 1637003247.855025, 1637003249.006235, 1637003250.158834, 1637003251.3111064, 1637003252.4660926, 1637003256.5869164, 1637003257.7471747, 1637003258.9127808, 1637003260.0755472, 1637003261.2215798, 1637003262.3742292, 1637003263.5265622, 1637003267.6638546, 1637003268.8270695, 1637003269.9658792, 1637003271.1001215, 1637003272.256568, 1637003273.3956697, 1637003274.5458257, 1637003278.6445816, 1637003279.7898288, 1637003280.9362588, 1637003282.0967422, 1637003283.2548456, 1637003284.4147081, 1637003288.5101364, 1637003289.660112, 1637003290.8168774, 1637003291.9586284, 1637003293.0961943, 1637003294.250485, 1637003295.3797371, 1637003299.4385047, 1637003300.5758495, 1637003301.7162385, 1637003302.89481, 1637003304.046393, 1637003305.2033927, 1637003306.3561416, 1637003310.4057562, 1637003311.573251, 1637003312.7274067, 1637003313.8716688, 1637003315.021274, 1637003316.1599617],