{"initial_reset_timestamp": 1637002798.0341923, "timestamps": [1637002798.4655852, 1637002798.7102065, 1637002798.97003, 1637002799.2071006, 1637002799.4458077, 1637002799.6783805, 1637002799.9069266, 1637002803.692399, 1637002803.9323354, 1637002804.1601288, 1637002804.4245152, 1637002804.6524823, 1637002804.8838189, 1637002805.113511, 1637002809.1879845, 1637002809.4175224, 1637002809.648323, 1637002809.8751152, 1637002810.102476, 1637002810.3321092, 1637002810.5804155, 1637002819.8081, 1637002820.0402355, 1637002820.2698493, 1637002820.5033808, 1637002820.7304943, 1637002820.963253, 1637002821.1927023, 1637002830.4773626, 1637002830.7069805, 1637002830.9420278, 1637002831.1737206, 1637002831.4060416, 1637002831.636843, 1637002831.8694932, 1637002841.0080602, 1637002841.2369292, 1637002841.4694738, 1637002841.701868, 1637002841.9325984, 1637002842.1635134, 1637002842.394599, 1637002851.6739805, 1637002851.9012914, 1637002852.1308608, 1637002852.3657465, 1637002852.5954359, 1637002852.8225346, 1637002853.0549383, 1637002862.3040016, 1637002862.5699508, 1637002862.8018582, 1637002863.0328276, 1637002863.2627838, 1637002863.4940164, 1637002863.7305617, 1637002872.8387604, 1637002873.0705123, 1637002873.2991848, 1637002873.5303316, 1637002873.7607937, 1637002873.9923804, 1637002874.2608888, 1637002883.541681, 1637002883.7702167, 1637002883.999273, 1637002884.2358375, 1637002884.4633787, 1637002884.690097, 1637002884.91782, 1637002894.250197, 1637002894.4784112, 1637002894.704516, 1637002894.9381964, 1637002895.1661901, 1637002895.4007595, 1637002895.6384127, 1637002904.7808444, 1637002905.0097837, 1637002905.2416875, 1637002905.4725783, 1637002905.7022402, 1637002905.9314072, 1637002906.1594923, 1637002915.3391669, 1637002915.5678701, 1637002915.7998595, 1637002916.0328302, 1637002916.264005, 1637002916.498038, 1637002916.733277, 1637002926.0298405, 1637002926.2573295, 1637002926.4906723, 1637002926.72364, 1637002926.9556537, 1637002927.1891756, 1637002927.4239984, 1637002936.5454535, 1637002936.7741096, 1637002937.0021358, 1637002937.265599, 1637002937.4919767, 1637002937.7202227, 1637002937.949777, 1637002947.2263207, 1637002947.4586341, 1637002947.6867254, 1637002947.915492, 1637002948.1463585, 1637002948.3777287, 1637002948.6038773, 1637002957.8520741, 1637002958.0792847, 1637002958.3067799, 1637002958.548117, 1637002958.779407, 1637002959.0111303, 1637002959.2435505, 1637002968.3782578, 1637002968.608005, 1637002968.843146, 1637002969.0748436, 1637002969.303086, 1637002969.5342097, 1637002969.7616696, 1637002979.0008326, 1637002979.2331114, 1637002979.4639804, 1637002979.694779, 1637002979.9288483, 1637002980.160104, 1637002980.3918438, 1637002989.6557598, 1637002989.8878567, 1637002990.1236365, 1637002990.3583386, 1637002990.5906072, 1637002990.8231637, 1637002991.0514064, 1637003000.17238, 1637003000.437221, 1637003000.6658494, 1637003000.8944373, 1637003001.125929, 1637003001.3553848, 1637003001.5827632, 1637003010.8287606, 1637003011.0620766, 1637003011.2961245, 1637003011.528335, 1637003011.7595558, 1637003012.0259407, 1637003012.2573037, 1637003021.5076718, 1637003021.7401195, 1637003021.9685507, 1637003022.197314, 1637003022.4252615, 1637003022.6550808, 1637003022.8825474, 1637003031.9539523, 1637003032.1847305, 1637003032.419585, 1637003032.6663563, 1637003032.9012067, 1637003033.1329017, 1637003033.3789005, 1637003042.6487622, 1637003042.878018, 1637003043.1124978, 1637003043.344772, 1637003043.5756135, 1637003043.8108013, 1637003044.0430157, 1637003053.2579908, 1637003053.4884956, 1637003053.716331, 1637003053.9476953, 1637003054.1810784, 1637003054.4202054, 1637003054.6568928, 1637003063.7441664, 1637003063.9767714, 1637003064.2136612, 1637003064.4481199, 1637003064.6764393, 1637003064.9104962, 1637003065.1407378, 1637003074.3265975, 1637003074.5573342, 1637003074.820915, 1637003075.0473154, 1637003075.2788613, 1637003075.5102477, 1637003075.7424545, 1637003084.9550505, 1637003085.1839201, 1637003085.4163172, 1637003085.6463902, 1637003085.8772163, 1637003086.1086006, 1637003086.372389, 1637003095.628937, 1637003095.8622417, 1637003096.093555, 1637003096.3181005, 1637003096.5445821, 1637003096.776153, 1637003097.0082343, 1637003106.3188705, 1637003106.5502765, 1637003106.7799659, 1637003107.0111275, 1637003107.2438545, 1637003107.4748993, 1637003107.7071276, 1637003117.0403812, 1637003117.2691512, 1637003117.511875, 1637003117.7437856, 1637003117.976848, 1637003118.20609, 1637003118.4351552, 1637003127.546274, 1637003127.780605, 1637003128.0135841, 1637003128.2452633, 1637003128.4754384, 1637003128.70717, 1637003128.9417806, 1637003138.215683, 1637003138.4780169, 1637003138.7034643, 1637003138.9325, 1637003139.164397, 1637003139.3985145, 1637003139.6311772, 1637003148.8951297, 1637003149.1287563, 1637003149.3624678, 1637003149.5936165, 1637003149.82639, 1637003150.0872965, 1637003150.3150592, 1637003159.4024053, 1637003159.6334224, 1637003159.864963, 1637003160.0930092, 1637003160.3388774, 1637003160.571789, 1637003160.8034647, 1637003170.1093721, 1637003170.3435247, 1637003170.5729504, 1637003170.8013787, 1637003171.0337124, 1637003171.26414, 1637003171.4928892, 1637003180.7903066, 1637003181.0189996, 1637003181.2512107, 1637003181.484441, 1637003181.7167726, 1637003181.9465597, 1637003182.1784165, 1637003191.3375926, 1637003191.5647268, 1637003191.7961576, 1637003192.0286434, 1637003192.2581935, 1637003192.4894695, 1637003192.7204669, 1637003202.033727, 1637003202.2624795, 1637003202.5019557, 1637003202.7408378, 1637003202.9737678, 1637003203.2052767, 1637003203.4378312, 1637003212.6599164, 1637003212.8886566, 1637003213.1176043, 1637003213.38221, 1637003213.6112585, 1637003213.8416972, 1637003214.0753188, 1637003223.1547327, 1637003223.3870308, 1637003223.6165683, 1637003223.8506148, 1637003224.085457, 1637003224.314884, 1637003224.5481367, 1637003233.8224268, 1637003234.0505595, 1637003234.283207, 1637003234.5137093, 1637003234.7431376, 1637003234.9729953, 1637003235.2012613, 1637003244.4797704, 1637003244.7068017, 1637003244.9341793, 1637003245.1615994, 1637003245.3967168, 1637003245.6261938, 1637003245.8552601, 1637003255.0046837, 1637003255.2409687, 1637003255.4721682, 1637003255.700939, 1637003255.9364722, 1637003256.1662984, 1637003256.3957767, 1637003265.7473712, 1637003265.978786, 1637003266.2112024, 1637003266.4424298, 1637003266.674748, 1637003266.907742, 1637003267.1415854, 1637003276.3777235, 1637003276.6404572, 1637003276.8683898, 1637003277.1033633, 1637003277.3399792, 1637003277.5734773, 1637003277.8045044, 1637003286.904342, 1637003287.13755, 1637003287.3644361, 1637003287.5962257, 1637003287.828083, 1637003288.060455, 1637003288.325164, 1637003297.535425, 1637003297.765631, 1637003298.0032032, 1637003298.2361586, 1637003298.4657502, 1637003298.695666, 1637003298.924907, 1637003308.182404, 1637003308.4110422, 1637003308.6421514, 1637003308.8733351, 1637003309.1038325, 1637003309.3348143, 1637003309.5639253],