{"initial_reset_timestamp": 1637005182.3811133, "timestamps": [1637005186.0254233, 1637005186.2195225, 1637005186.6657736, 1637005187.0751722, 1637005187.4727952, 1637005187.8648667, 1637005188.2552238, 1637005191.6456556, 1637005192.0362208, 1637005192.423109, 1637005192.8072217, 1637005193.1903298, 1637005193.5741627, 1637005197.166406, 1637005198.374686, 1637005199.5519097, 1637005200.7329955, 1637005201.8910718, 1637005203.0728927, 1637005204.251072, 1637005208.5171278, 1637005209.7462246, 1637005210.9920628, 1637005212.2230756, 1637005213.4747133, 1637005214.6702373, 1637005215.8835828, 1637005220.0459769, 1637005221.2251303, 1637005222.5004168, 1637005223.7250438, 1637005225.1305082, 1637005226.4243455, 1637005230.7614758, 1637005232.00407, 1637005233.3080902, 1637005234.53833, 1637005235.7616892, 1637005237.0443318, 1637005238.3308768, 1637005242.704795, 1637005243.9108675, 1637005245.14843, 1637005246.3842993, 1637005247.6263652, 1637005248.904279, 1637005250.2195296, 1637005254.5231774, 1637005255.8723838, 1637005257.1874802, 1637005258.4380634, 1637005259.7117145, 1637005260.9542887, 1637005265.2544618, 1637005266.5147214, 1637005267.8071396, 1637005269.0227056, 1637005270.2626872, 1637005271.6083481, 1637005272.8745055, 1637005277.2147763, 1637005278.44284, 1637005279.631163, 1637005280.8407664, 1637005282.0385342, 1637005283.2119772, 1637005284.267309, 1637005288.40142, 1637005289.5714724, 1637005290.7503672, 1637005291.9271638, 1637005293.0907748, 1637005294.2786572, 1637005298.4193983, 1637005299.5991538, 1637005300.77032, 1637005301.948441, 1637005303.1225362, 1637005304.3425536, 1637005305.5364084, 1637005309.6845872, 1637005310.8613772, 1637005312.037763, 1637005313.208613, 1637005314.3881497, 1637005315.5786762, 1637005316.745501, 1637005320.986272, 1637005322.1516852, 1637005323.3453681, 1637005324.5389655, 1637005325.7313495, 1637005326.8514361, 1637005331.0394337, 1637005332.2215889, 1637005333.4062915, 1637005334.5894008, 1637005335.7789383, 1637005336.9591763, 1637005338.1591933, 1637005342.3294516, 1637005343.5025222, 1637005344.6781912, 1637005345.8766232, 1637005347.0465622, 1637005348.2134194, 1637005349.3860998, 1637005353.5039873, 1637005354.681173, 1637005355.8605163, 1637005357.0452342, 1637005358.2775936, 1637005359.449731, 1637005363.6375866, 1637005364.8195574, 1637005365.9734492, 1637005367.096136, 1637005368.2774389, 1637005369.4775288, 1637005370.664521, 1637005374.8426485, 1637005376.019173, 1637005377.2080832, 1637005378.3960035, 1637005379.5764935, 1637005380.760603, 1637005381.9565263, 1637005386.1269302, 1637005387.3033412, 1637005388.4322398, 1637005389.6129344, 1637005390.7925467, 1637005391.9729342, 1637005396.169977, 1637005397.317219, 1637005398.5033805, 1637005399.6225483, 1637005400.7909, 1637005401.9572678, 1637005403.1333437, 1637005407.3216226, 1637005408.512007, 1637005409.6928015, 1637005410.8777437, 1637005412.054001, 1637005413.232391, 1637005414.4229202, 1637005418.5299013, 1637005419.739986, 1637005420.9070492, 1637005422.0717342, 1637005423.2481937, 1637005424.4302177, 1637005428.5453935, 1637005429.7277412, 1637005430.9135168, 1637005432.0842032, 1637005433.258637, 1637005434.4689984, 1637005435.6506705, 1637005439.777968, 1637005440.9547153, 1637005442.1187973, 1637005443.2905154, 1637005444.469111, 1637005445.6510444, 1637005446.8657641, 1637005451.0497866, 1637005452.2388062, 1637005453.4028087, 1637005454.5799408, 1637005455.7611861, 1637005456.9277835, 1637005461.0433793, 1637005462.2368298, 1637005463.4195871, 1637005464.6048152, 1637005465.7883961, 1637005466.9772928, 1637005468.156497, 1637005472.3764846, 1637005473.5458045, 1637005474.7404263, 1637005475.9244852, 1637005477.0947855, 1637005478.2738745, 1637005479.4538455, 1637005483.6507905, 1637005484.826776, 1637005485.9959784, 1637005487.182658, 1637005488.36476, 1637005489.548957, 1637005493.6722639, 1637005494.861152, 1637005496.0892513, 1637005497.281506, 1637005498.4750175, 1637005499.6641104, 1637005500.870243, 1637005505.0432267, 1637005506.2327507, 1637005507.4091988, 1637005508.5925035, 1637005509.7765663, 1637005511.0054793, 1637005512.1830988, 1637005516.3789656, 1637005517.5828025, 1637005518.7640467, 1637005519.9394448, 1637005521.1058471, 1637005522.2897024, 1637005526.4598508, 1637005527.6683342, 1637005528.8744242, 1637005530.0857575, 1637005531.2855341, 1637005532.486311, 1637005533.6889448, 1637005537.9861913, 1637005539.1933415, 1637005540.397187, 1637005541.6041093, 1637005542.8029306, 1637005543.9767773, 1637005545.1650372, 1637005549.3610997, 1637005550.54485, 1637005551.7168376, 1637005552.9005752, 1637005554.084711, 1637005555.2764037, 1637005559.5088634, 1637005560.708027, 1637005561.8957515, 1637005563.0791378, 1637005564.264844, 1637005565.4573622, 1637005566.6504073, 1637005570.8350017, 1637005572.0202625, 1637005573.1969676, 1637005574.365444, 1637005575.559894, 1637005576.748959, 1637005577.9111104, 1637005582.0521822, 1637005583.218595, 1637005584.3938787, 1637005585.585298, 1637005586.7724028, 1637005587.9735844, 1637005592.1380243, 1637005593.2951076, 1637005594.4691966, 1637005595.6520436, 1637005596.8368597, 1637005598.0086038, 1637005599.1965508, 1637005603.3777378, 1637005604.550974, 1637005605.7351482, 1637005606.9138727, 1637005608.0956292, 1637005609.2686524, 1637005610.39309, 1637005614.601465, 1637005615.7941818, 1637005616.9828653, 1637005618.1646767, 1637005619.346444, 1637005620.525843, 1637005624.7433605, 1637005625.9295452, 1637005627.1011357, 1637005628.2821066, 1637005629.4749134, 1637005630.811607, 1637005632.0753088, 1637005636.2747598, 1637005637.4558306, 1637005638.6337404, 1637005639.8060892, 1637005641.0144715, 1637005642.1926064, 1637005643.3845906, 1637005647.506447, 1637005648.6903768, 1637005649.8625224, 1637005651.0379274, 1637005652.263326, 1637005653.4341793, 1637005657.6008408, 1637005658.7829716, 1637005659.9714174, 1637005661.1579196, 1637005662.338426, 1637005663.5247948, 1637005664.6984649, 1637005668.8638217, 1637005670.0574038, 1637005671.229252, 1637005672.4135628, 1637005673.6070535, 1637005674.798389, 1637005675.975831, 1637005680.1487324, 1637005681.3317342, 1637005682.5030878, 1637005683.6695209, 1637005684.8568087, 1637005686.0427613, 1637005690.2338705, 1637005691.4142585, 1637005692.5877018, 1637005693.760469, 1637005694.9420302, 1637005696.1280289, 1637005697.303662, 1637005701.4867907, 1637005702.6714115, 1637005703.852646, 1637005705.0435014, 1637005706.233035, 1637005707.4293115, 1637005708.6097782, 1637005712.8048444, 1637005713.983301, 1637005715.1769369, 1637005716.375885, 1637005717.5474937, 1637005718.7212608],