{"initial_reset_timestamp": 1637005184.0954428, "timestamps": [1637005184.5318408, 1637005184.773576, 1637005185.0140903, 1637005185.259059, 1637005185.4957833, 1637005185.730838, 1637005185.9677732, 1637005189.9514387, 1637005190.2261066, 1637005190.4897492, 1637005190.7237568, 1637005190.9634275, 1637005191.2014983, 1637005191.4360507, 1637005195.5126908, 1637005195.7501485, 1637005195.989849, 1637005196.2316642, 1637005196.482978, 1637005196.7218785, 1637005196.9638803, 1637005206.4444175, 1637005206.6927524, 1637005206.9309046, 1637005207.1748214, 1637005207.4138017, 1637005207.646717, 1637005207.8838763, 1637005217.7414935, 1637005217.96888, 1637005218.198482, 1637005218.4264107, 1637005218.6555338, 1637005218.888966, 1637005219.1213927, 1637005229.0773811, 1637005229.3312805, 1637005229.5887132, 1637005229.8359435, 1637005230.0766985, 1637005230.3113816, 1637005230.546505, 1637005240.6654902, 1637005240.9026437, 1637005241.1407897, 1637005241.3829744, 1637005241.6361125, 1637005241.8966126, 1637005242.1388247, 1637005252.1071358, 1637005252.3804238, 1637005252.6267395, 1637005252.864705, 1637005253.1066954, 1637005253.3479526, 1637005253.5964139, 1637005263.5291653, 1637005263.7689986, 1637005264.013388, 1637005264.2609594, 1637005264.514855, 1637005264.7912815, 1637005265.0266757, 1637005275.1922307, 1637005275.455321, 1637005275.6938467, 1637005275.9295132, 1637005276.164529, 1637005276.398053, 1637005276.6403494, 1637005286.22459, 1637005286.4565928, 1637005286.6903527, 1637005286.9206269, 1637005287.1518602, 1637005287.3844354, 1637005287.6172535, 1637005296.931131, 1637005297.1617594, 1637005297.3960266, 1637005297.6265008, 1637005297.8629098, 1637005298.096374, 1637005298.326216, 1637005307.8642163, 1637005308.0997972, 1637005308.3319216, 1637005308.5628092, 1637005308.7936742, 1637005309.022046, 1637005309.250053, 1637005318.824561, 1637005319.053545, 1637005319.283644, 1637005319.5127506, 1637005319.7440734, 1637005319.9759328, 1637005320.2064378, 1637005329.524461, 1637005329.7556596, 1637005329.9896014, 1637005330.2519975, 1637005330.4832401, 1637005330.7145786, 1637005330.9472008, 1637005340.4786992, 1637005340.7127824, 1637005340.947587, 1637005341.1790545, 1637005341.41297, 1637005341.64958, 1637005341.9144075, 1637005351.3227575, 1637005351.5643983, 1637005351.7971292, 1637005352.0322669, 1637005352.2687676, 1637005352.501507, 1637005352.7324948, 1637005362.1472914, 1637005362.3769095, 1637005362.6081882, 1637005362.8412104, 1637005363.0736659, 1637005363.3067951, 1637005363.542475, 1637005373.0285163, 1637005373.2600722, 1637005373.4910188, 1637005373.7207768, 1637005373.9521816, 1637005374.1821961, 1637005374.411212, 1637005383.951032, 1637005384.1812255, 1637005384.4165955, 1637005384.6511075, 1637005384.8840747, 1637005385.1113744, 1637005385.348486, 1637005394.6644273, 1637005394.89607, 1637005395.1267955, 1637005395.366949, 1637005395.6024036, 1637005395.8398514, 1637005396.074265, 1637005405.460921, 1637005405.6941733, 1637005405.9275155, 1637005406.1589556, 1637005406.4218817, 1637005406.6549323, 1637005406.8868864, 1637005416.3736515, 1637005416.605791, 1637005416.8396661, 1637005417.0681288, 1637005417.2972438, 1637005417.5277238, 1637005417.7590656, 1637005427.0565345, 1637005427.2899392, 1637005427.523913, 1637005427.756089, 1637005427.9935024, 1637005428.2238247, 1637005428.452509, 1637005437.947069, 1637005438.1796854, 1637005438.4136598, 1637005438.647503, 1637005438.8796225, 1637005439.1108315, 1637005439.3411067, 1637005448.8597212, 1637005449.0945902, 1637005449.328663, 1637005449.5640898, 1637005449.7996342, 1637005450.0344684, 1637005450.2680387, 1637005459.5400865, 1637005459.7813082, 1637005460.0146081, 1637005460.2455578, 1637005460.475462, 1637005460.7120192, 1637005460.948246, 1637005470.4834948, 1637005470.7643113, 1637005471.005472, 1637005471.24488, 1637005471.4785042, 1637005471.7124708, 1637005471.9454231, 1637005481.4242015, 1637005481.6604586, 1637005481.9009662, 1637005482.1356413, 1637005482.409098, 1637005482.643855, 1637005482.8794315, 1637005492.175253, 1637005492.4115407, 1637005492.6441782, 1637005492.8780477, 1637005493.1132314, 1637005493.345448, 1637005493.5780833, 1637005503.188757, 1637005503.4290726, 1637005503.6636138, 1637005503.8998194, 1637005504.1355753, 1637005504.3707147, 1637005504.6011584, 1637005514.1758046, 1637005514.416444, 1637005514.649872, 1637005514.8860295, 1637005515.120466, 1637005515.357545, 1637005515.593123, 1637005524.9674377, 1637005525.2052135, 1637005525.436684, 1637005525.6677232, 1637005525.9034991, 1637005526.1367326, 1637005526.3668468, 1637005536.1204057, 1637005536.3536694, 1637005536.5877545, 1637005536.8279355, 1637005537.071242, 1637005537.309278, 1637005537.5455582, 1637005547.1623769, 1637005547.4294088, 1637005547.6598837, 1637005547.892029, 1637005548.121364, 1637005548.3541296, 1637005548.5845733, 1637005557.9823883, 1637005558.2129793, 1637005558.4423974, 1637005558.6740205, 1637005558.9099157, 1637005559.1418457, 1637005559.4158492, 1637005569.0063128, 1637005569.2381682, 1637005569.4716337, 1637005569.704061, 1637005569.9384837, 1637005570.167592, 1637005570.397426, 1637005579.870184, 1637005580.100765, 1637005580.3287156, 1637005580.5639489, 1637005580.7953436, 1637005581.0242782, 1637005581.255262, 1637005590.6592882, 1637005590.8892105, 1637005591.1197827, 1637005591.3509421, 1637005591.579253, 1637005591.8110678, 1637005592.0460734, 1637005601.5553682, 1637005601.7876537, 1637005602.0193355, 1637005602.2491944, 1637005602.4866626, 1637005602.719972, 1637005602.9577558, 1637005612.4298954, 1637005612.6608233, 1637005612.890001, 1637005613.121671, 1637005613.3526635, 1637005613.5879848, 1637005613.820839, 1637005623.2236288, 1637005623.4581482, 1637005623.6902637, 1637005623.9549835, 1637005624.1840696, 1637005624.4200609, 1637005624.6507773, 1637005634.399911, 1637005634.6317286, 1637005634.861801, 1637005635.0931528, 1637005635.337499, 1637005635.5718343, 1637005635.8395243, 1637005645.334771, 1637005645.5696864, 1637005645.8032196, 1637005646.0391474, 1637005646.2754395, 1637005646.5071824, 1637005646.7369196, 1637005656.1011512, 1637005656.3320258, 1637005656.5612621, 1637005656.7900639, 1637005657.034292, 1637005657.2766387, 1637005657.5071857, 1637005667.02765, 1637005667.2609217, 1637005667.5001345, 1637005667.7367148, 1637005667.9718566, 1637005668.202038, 1637005668.4338794, 1637005677.9921706, 1637005678.2215934, 1637005678.45325, 1637005678.6815376, 1637005678.911664, 1637005679.1418498, 1637005679.3718352, 1637005688.7363307, 1637005688.9715593, 1637005689.2023141, 1637005689.4352112, 1637005689.6716497, 1637005689.9073598, 1637005690.1401627, 1637005699.6089063, 1637005699.843039, 1637005700.0772982, 1637005700.3096168, 1637005700.5786123, 1637005700.8113751, 1637005701.0443645, 1637005710.5902321, 1637005710.8218153, 1637005711.059143, 1637005711.291322, 1637005711.5240326, 1637005711.7565293, 1637005712.0254273],