{"initial_reset_timestamp": 1634536935.198557, "timestamps": [1634536937.085471, 1634536937.1394088, 1634536937.1952865, 1634536937.236981, 1634536937.2929788, 1634536937.3618882, 1634536937.4059136, 1634536937.4621987], "episode_lengths": [99, 117, 123, 92, 117, 142, 97, 114], "episode_rewards": [-175.4657737467914, -358.54265863958926, -475.80229995076286, -332.2269744109897, -406.9225966532828, -246.63101841246046, -161.3636190952156, -136.92884042903884], "episode_types": ["t", "t", "t", "t", "t", "t", "t", "t", "t"]}