{"initial_reset_timestamp": 1637025134.8102822, "timestamps": [1637025139.3870664, 1637025139.714404, 1637025140.1949434, 1637025140.674955, 1637025141.1543372, 1637025141.621287, 1637025145.6511378, 1637025146.1181872, 1637025146.6119096, 1637025147.032762, 1637025147.46986, 1637025147.9780076, 1637025148.4566777, 1637025148.7678852, 1637025153.8499837, 1637025155.2464592, 1637025156.601649, 1637025157.8937833, 1637025159.2268555, 1637025160.5885484, 1637025165.6238756, 1637025167.2861624, 1637025168.9761446, 1637025170.6613128, 1637025172.3721144, 1637025174.002513, 1637025175.5089889, 1637025181.1472094, 1637025182.6435142, 1637025184.2137578, 1637025185.808914, 1637025187.4396613, 1637025188.9123113, 1637025189.9815536, 1637025194.928349, 1637025196.2267659, 1637025197.6288958, 1637025199.0667272, 1637025200.3677235, 1637025201.6622095, 1637025202.9599197, 1637025207.2074513, 1637025208.4051347, 1637025209.639356, 1637025210.9029143, 1637025212.1362114, 1637025213.3570347, 1637025217.6388206, 1637025218.9803011, 1637025220.3332262, 1637025221.6078255, 1637025222.8489063, 1637025224.089512, 1637025225.3380473, 1637025230.1762474, 1637025231.2585022, 1637025232.3288994, 1637025233.636396, 1637025234.3848786, 1637025235.6797605, 1637025236.999815, 1637025238.3415422, 1637025244.3788133, 1637025245.8680263, 1637025247.1984825, 1637025248.446631, 1637025249.8671908, 1637025251.1033056, 1637025257.6069672, 1637025258.8599603, 1637025260.1320543, 1637025261.4225626, 1637025262.7070682, 1637025263.932491, 1637025265.1906416, 1637025271.071421, 1637025272.3374987, 1637025273.5913131, 1637025274.8948429, 1637025276.1649072, 1637025277.463311, 1637025278.8816516, 1637025284.0613122, 1637025285.3187509, 1637025286.5641153, 1637025287.833846, 1637025289.0760455, 1637025290.3246737, 1637025295.7257664, 1637025296.9815435, 1637025298.206631, 1637025299.4462936, 1637025300.6814172, 1637025301.9326365, 1637025303.160662, 1637025308.329343, 1637025309.577983, 1637025310.8062093, 1637025312.055667, 1637025313.300836, 1637025314.5225182, 1637025315.7737365, 1637025323.4840963, 1637025324.9075282, 1637025326.2520454, 1637025327.641623, 1637025329.0327394, 1637025330.4142876, 1637025338.8631284, 1637025340.1617439, 1637025341.4439218, 1637025342.7855363, 1637025344.1021166, 1637025345.428973, 1637025346.7475877, 1637025354.367511, 1637025355.7830775, 1637025357.1299002, 1637025358.4226167, 1637025359.7048721, 1637025360.9711318, 1637025362.2623825, 1637025370.0562475, 1637025371.2953718, 1637025372.5486917, 1637025373.8033354, 1637025375.1369987, 1637025376.588629, 1637025385.4231663, 1637025386.7383597, 1637025387.9911494, 1637025389.2459214, 1637025390.5756128, 1637025391.9337404, 1637025393.2954788, 1637025400.818888, 1637025402.154264, 1637025403.4270785, 1637025404.8118653, 1637025406.078162, 1637025407.4449103, 1637025408.853773, 1637025417.2583683, 1637025418.7122478, 1637025419.9638445, 1637025421.2729442, 1637025422.5381212, 1637025424.165695, 1637025430.4709556, 1637025431.8860273, 1637025433.1485224, 1637025434.514935, 1637025435.8633456, 1637025437.1186993, 1637025438.4393866, 1637025446.4324548, 1637025447.7475927, 1637025449.1127656, 1637025450.466332, 1637025451.8354414, 1637025453.164569, 1637025454.4437885, 1637025461.0142376, 1637025462.4055097, 1637025463.6917834, 1637025464.9624655, 1637025466.2374878, 1637025467.5322137, 1637025475.48445, 1637025476.7426858, 1637025477.9849472, 1637025479.264269, 1637025480.551591, 1637025481.8104165, 1637025483.0493226, 1637025490.2137303, 1637025491.44669, 1637025492.6991045, 1637025493.9719846, 1637025495.1938703, 1637025496.4310482, 1637025497.653647, 1637025505.5860336, 1637025506.8530128, 1637025508.0834918, 1637025509.3204756, 1637025510.6007586, 1637025511.876013, 1637025520.0478184, 1637025521.2979658, 1637025522.583571, 1637025523.8590345, 1637025525.107292, 1637025526.3985386, 1637025527.6709158, 1637025535.953823, 1637025537.1863475, 1637025538.4133282, 1637025539.6483908, 1637025540.9020836, 1637025542.1513946, 1637025543.4789765, 1637025551.4681075, 1637025552.7123814, 1637025553.9474688, 1637025555.1889486, 1637025556.424681, 1637025557.6609075, 1637025565.8610024, 1637025567.1200128, 1637025568.377271, 1637025569.7587428, 1637025571.42457, 1637025573.0279832, 1637025574.7178884, 1637025583.563539, 1637025584.8925526, 1637025586.272425, 1637025587.7656069, 1637025589.185945, 1637025590.489409, 1637025591.7879646, 1637025599.218784, 1637025600.5504098, 1637025601.8704712, 1637025603.1726792, 1637025604.6236033, 1637025606.2878673, 1637025616.074242, 1637025617.7260125, 1637025619.237647, 1637025620.5809176, 1637025621.8395808, 1637025623.114239, 1637025624.5889423, 1637025634.3386135, 1637025635.8081617, 1637025637.3029714, 1637025638.619238, 1637025639.8945346, 1637025641.1652772, 1637025642.414971, 1637025649.8892152, 1637025651.1362662, 1637025652.4329927, 1637025653.9987106, 1637025655.5386589, 1637025657.1059413, 1637025666.6750782, 1637025668.1939626, 1637025669.6484725, 1637025670.997484, 1637025672.4349542, 1637025673.8738403, 1637025675.23479, 1637025684.2863166, 1637025685.750877, 1637025687.2584093, 1637025688.6773794, 1637025690.0881562, 1637025691.4773293, 1637025692.9128234, 1637025701.7702284, 1637025703.2267118, 1637025704.6158261, 1637025706.0244753, 1637025707.3826966, 1637025708.7441044, 1637025718.1153502, 1637025719.5259733, 1637025721.0918684, 1637025722.4933567, 1637025723.9199622, 1637025725.3472686, 1637025726.754164, 1637025736.499735, 1637025737.8698332, 1637025739.2742121, 1637025740.6961608, 1637025742.0846376, 1637025743.4698937, 1637025744.8957188, 1637025754.05122, 1637025755.532663, 1637025757.020431, 1637025758.4425972, 1637025759.8865848, 1637025761.4463248, 1637025771.4663785, 1637025772.9498465, 1637025774.4614644, 1637025775.9603925, 1637025777.647158, 1637025779.2028983, 1637025780.7604675, 1637025791.7502542, 1637025793.1795254, 1637025794.830067, 1637025796.3318248, 1637025797.8757513, 1637025799.4578564, 1637025800.932144, 1637025811.6515217, 1637025813.096263, 1637025814.5307312, 1637025816.0030487, 1637025817.464939, 1637025819.3358083, 1637025828.793541, 1637025830.3237898, 1637025831.7334495, 1637025833.1762888, 1637025834.5555096, 1637025835.985484, 1637025837.37495, 1637025846.9038696, 1637025848.1706963, 1637025849.790895, 1637025851.3756413, 1637025852.8226304, 1637025854.368599, 1637025855.8348873, 1637025863.8063283, 1637025865.3186026, 1637025866.7710025, 1637025868.224685, 1637025869.6055694, 1637025871.199607, 1637025881.512259, 1637025883.0025866, 1637025884.4711282, 1637025886.0036495, 1637025887.5703099, 1637025889.049827, 1637025890.5357628],